gender,SeniorCitizen,Partner,Dependents,tenure,PhoneService,MultipleLines,InternetService,OnlineSecurity,OnlineBackup,DeviceProtection,TechSupport,StreamingTV,StreamingMovies,Contract,PaperlessBilling,PaymentMethod,MonthlyCharges,TotalCharges,Churn
Female,1,No,No,21.0,Yes,Yes,Fiber optic,No,Yes,Yes,Yes,Yes,Yes,Month-to-month,Yes,Bank transfer (automatic),102.57,1942.41,Yes
Male,1,Yes,Yes,41.0,Yes,Yes,Fiber optic,No,Yes,Yes,No,Yes,Yes,Month-to-month,Yes,Bank transfer (automatic),93.81,3989.96,No
Male,1,Yes,Yes,15.0,Yes,No,Fiber optic,No,Yes,Yes,Yes,Yes,No,Month-to-month,Yes,Electronic check,102.59,1705.47,Yes
Female,1,No,No,12.0,Yes,Yes,Fiber optic,No,No,No,Yes,Yes,Yes,Month-to-month,Yes,Electronic check,96.14,989.34,Yes
Male,0,No,No,16.0,Yes,No,Fiber optic,No,No,No,Yes,Yes,Yes,Month-to-month,Yes,Electronic check,99.62,1698.67,No
Male,1,No,No,45.0,Yes,Yes,Fiber optic,No,No,Yes,No,Yes,No,Month-to-month,No,Electronic check,97.89,4495.93,No
Male,0,Yes,No,34.0,Yes,Yes,Fiber optic,No,Yes,Yes,No,Yes,No,Month-to-month,Yes,Electronic check,94.78,2914.89,No
Male,1,Yes,Yes,29.0,Yes,Yes,Fiber optic,No,No,Yes,No,Yes,Yes,Month-to-month,Yes,Mailed check,91.88,2649.25,Yes
Male,0,Yes,No,20.0,Yes,No,Fiber optic,No,Yes,No,No,Yes,No,Month-to-month,Yes,Electronic check,89.07,1773.6,No
Male,0,Yes,Yes,12.0,Yes,Yes,Fiber optic,No,No,Yes,No,Yes,Yes,Month-to-month,Yes,Electronic check,99.46,999.42,Yes
Male,1,Yes,No,23.0,Yes,Yes,Fiber optic,Yes,Yes,Yes,No,Yes,No,Month-to-month,No,Electronic check,94.08,2046.86,Yes
Female,0,Yes,No,8.0,Yes,No,Fiber optic,Yes,No,No,No,Yes,Yes,Month-to-month,Yes,Electronic check,79.79,683.62,No
Male,1,Yes,No,33.0,Yes,No,Fiber optic,Yes,Yes,Yes,No,Yes,Yes,Month-to-month,No,Bank transfer (automatic),98.53,3072.81,No
Female,0,No,Yes,35.0,Yes,Yes,Fiber optic,Yes,No,No,No,Yes,Yes,Month-to-month,Yes,Bank transfer (automatic),105.07,3525.32,Yes
Male,0,Yes,No,25.0,Yes,Yes,Fiber optic,Yes,Yes,No,No,Yes,Yes,Month-to-month,Yes,Bank transfer (automatic),102.67,2593.85,Yes
Female,1,No,No,30.0,Yes,Yes,Fiber optic,No,Yes,No,No,Yes,No,Month-to-month,Yes,Electronic check,83.39,2741.25,No
Male,0,No,No,6.0,Yes,No,Fiber optic,No,No,Yes,No,Yes,No,Month-to-month,Yes,Electronic check,87.05,521.85,No
Male,0,No,No,28.0,Yes,Yes,Fiber optic,Yes,No,No,No,Yes,No,Month-to-month,Yes,Electronic check,93.63,2882.58,No
Male,0,Yes,No,35.0,Yes,Yes,Fiber optic,No,Yes,Yes,No,Yes,No,Month-to-month,Yes,Bank transfer (automatic),92.84,3098.12,Yes
Female,0,No,No,37.0,Yes,Yes,Fiber optic,No,No,Yes,Yes,Yes,No,Month-to-month,Yes,Electronic check,96.68,3702.01,No
Female,1,Yes,No,46.0,Yes,Yes,Fiber optic,No,No,Yes,Yes,Yes,Yes,Month-to-month,Yes,Electronic check,96.91,4666.15,No
Male,0,Yes,Yes,1.0,Yes,Yes,Fiber optic,No,No,No,Yes,Yes,No,Month-to-month,Yes,Electronic check,89.82,108.1,Yes
Male,1,No,No,14.0,Yes,Yes,Fiber optic,No,No,No,No,Yes,No,Month-to-month,Yes,Electronic check,75.81,964.94,Yes
Male,0,No,No,0.0,Yes,No,Fiber optic,Yes,No,Yes,No,Yes,Yes,Month-to-month,No,Electronic check,98.86,0.0,Yes
Male,0,Yes,No,7.0,Yes,Yes,Fiber optic,No,No,No,No,Yes,Yes,Month-to-month,No,Electronic check,90.48,519.29,Yes
Male,0,Yes,No,54.0,Yes,No,Fiber optic,No,No,Yes,No,Yes,Yes,Month-to-month,Yes,Electronic check,95.64,5665.06,No
Male,0,No,Yes,40.0,Yes,Yes,Fiber optic,No,No,No,No,Yes,Yes,Month-to-month,Yes,Electronic check,90.44,3641.91,Yes
Female,0,Yes,Yes,26.0,Yes,Yes,Fiber optic,No,No,No,No,Yes,No,Month-to-month,Yes,Bank transfer (automatic),86.25,2303.47,Yes
Female,0,No,Yes,12.0,Yes,No,Fiber optic,No,No,Yes,No,Yes,No,Month-to-month,Yes,Electronic check,87.35,1261.5,Yes
Male,0,Yes,No,32.0,Yes,Yes,Fiber optic,No,Yes,No,No,Yes,Yes,Month-to-month,Yes,Electronic check,99.65,3198.5,No
Male,1,Yes,Yes,61.0,Yes,Yes,Fiber optic,No,Yes,Yes,No,Yes,Yes,Month-to-month,Yes,Electronic check,99.49,5879.11,No
Female,0,Yes,No,2.0,Yes,Yes,Fiber optic,No,No,No,No,Yes,Yes,Month-to-month,Yes,Electronic check,97.18,233.93,Yes
Male,0,No,No,16.0,Yes,Yes,Fiber optic,Yes,No,No,No,Yes,Yes,Month-to-month,Yes,Bank transfer (automatic),99.29,1746.55,Yes
Male,1,Yes,No,31.0,Yes,Yes,Fiber optic,No,No,Yes,Yes,Yes,No,Month-to-month,Yes,Electronic check,87.73,3024.2,Yes
Male,0,Yes,Yes,29.0,Yes,No,Fiber optic,No,No,Yes,No,Yes,Yes,Month-to-month,Yes,Electronic check,87.07,2708.16,Yes
Male,0,Yes,No,8.0,Yes,No,Fiber optic,No,Yes,Yes,Yes,Yes,Yes,Month-to-month,Yes,Bank transfer (automatic),98.46,829.67,No
Male,0,No,No,0.0,Yes,No,Fiber optic,No,No,No,Yes,Yes,Yes,Month-to-month,Yes,Electronic check,95.98,0.0,No
Male,0,Yes,Yes,70.0,Yes,Yes,Fiber optic,No,Yes,Yes,No,Yes,Yes,Month-to-month,Yes,Electronic check,116.89,7214.98,Yes
Female,1,Yes,No,27.0,Yes,No,Fiber optic,No,No,No,No,Yes,Yes,Month-to-month,No,Bank transfer (automatic),88.87,2301.18,No
Female,0,Yes,Yes,53.0,Yes,Yes,Fiber optic,No,Yes,No,No,Yes,Yes,Month-to-month,Yes,Bank transfer (automatic),99.5,4996.6,Yes
Male,0,Yes,No,62.0,Yes,Yes,Fiber optic,No,Yes,Yes,No,Yes,Yes,Month-to-month,No,Mailed check,112.2,6641.9,Yes
Female,1,No,No,11.0,Yes,Yes,Fiber optic,No,No,No,No,Yes,No,Month-to-month,Yes,Electronic check,73.58,731.91,Yes
Male,1,Yes,No,39.0,Yes,No,Fiber optic,No,No,Yes,No,Yes,No,Month-to-month,Yes,Electronic check,95.78,3949.47,No
Female,0,Yes,No,48.0,Yes,Yes,Fiber optic,No,Yes,No,No,Yes,No,Month-to-month,Yes,Electronic check,103.43,5184.65,Yes
Female,0,Yes,No,52.0,Yes,Yes,Fiber optic,Yes,No,No,Yes,Yes,No,Month-to-month,No,Electronic check,94.2,4759.96,No
Male,0,No,No,3.0,Yes,Yes,Fiber optic,No,No,No,No,Yes,Yes,Month-to-month,Yes,Mailed check,92.39,227.26,Yes
Female,1,Yes,No,39.0,Yes,No,Fiber optic,Yes,Yes,Yes,No,Yes,Yes,Month-to-month,Yes,Electronic check,103.42,3897.52,Yes
Male,0,No,No,9.0,Yes,Yes,Fiber optic,No,Yes,No,No,Yes,Yes,Month-to-month,Yes,Electronic check,114.99,1245.51,Yes
Male,0,Yes,Yes,8.0,Yes,No,Fiber optic,No,No,No,No,Yes,Yes,Month-to-month,Yes,Electronic check,89.75,682.8,Yes
Male,1,Yes,Yes,52.0,Yes,Yes,Fiber optic,No,No,No,No,Yes,No,Month-to-month,Yes,Electronic check,85.37,4920.34,Yes
Female,1,No,No,22.0,Yes,No,Fiber optic,Yes,No,No,No,Yes,Yes,Month-to-month,No,Bank transfer (automatic),95.46,2161.99,No
Female,0,No,No,42.0,Yes,Yes,Fiber optic,No,Yes,Yes,No,Yes,No,Month-to-month,Yes,Mailed check,101.8,4338.52,Yes
Male,1,No,No,44.0,Yes,Yes,Fiber optic,Yes,Yes,No,No,Yes,Yes,Month-to-month,Yes,Bank transfer (automatic),102.48,4466.84,No
Male,1,Yes,No,47.0,Yes,No,Fiber optic,No,No,Yes,No,Yes,No,Month-to-month,Yes,Electronic check,89.98,4268.64,No
Female,0,Yes,No,17.0,Yes,Yes,Fiber optic,No,No,No,No,Yes,Yes,Month-to-month,Yes,Electronic check,102.85,2104.24,Yes
Male,0,Yes,No,40.0,Yes,No,Fiber optic,No,Yes,Yes,Yes,Yes,Yes,Month-to-month,No,Mailed check,102.99,4117.35,No
Male,1,Yes,No,38.0,Yes,Yes,Fiber optic,No,No,Yes,No,Yes,Yes,Month-to-month,Yes,Electronic check,97.03,3669.64,Yes
Male,0,No,No,34.0,Yes,No,Fiber optic,No,No,No,No,Yes,Yes,Month-to-month,Yes,Electronic check,87.1,3324.93,Yes
Male,1,Yes,No,38.0,Yes,Yes,Fiber optic,No,No,Yes,No,Yes,No,Month-to-month,Yes,Electronic check,91.75,3692.42,No
Male,1,No,No,1.0,Yes,No,Fiber optic,No,No,No,No,Yes,Yes,Month-to-month,Yes,Electronic check,90.59,74.27,Yes
Female,0,No,No,0.0,Yes,No,Fiber optic,No,No,No,No,Yes,Yes,Month-to-month,Yes,Electronic check,91.59,0.0,Yes
Female,1,Yes,No,30.0,Yes,No,Fiber optic,No,No,Yes,No,Yes,No,Month-to-month,No,Electronic check,92.18,2683.14,No
Female,1,Yes,No,45.0,Yes,Yes,Fiber optic,No,Yes,No,No,Yes,Yes,Month-to-month,Yes,Bank transfer (automatic),94.44,4653.62,Yes
Female,1,No,No,28.0,Yes,Yes,Fiber optic,No,Yes,No,No,Yes,Yes,Month-to-month,Yes,Mailed check,93.44,2836.54,No
Female,1,Yes,No,29.0,Yes,Yes,Fiber optic,No,No,Yes,Yes,Yes,Yes,Month-to-month,Yes,Electronic check,105.8,2908.66,Yes
Male,0,Yes,No,43.0,Yes,Yes,Fiber optic,No,Yes,Yes,Yes,Yes,Yes,Month-to-month,No,Mailed check,110.23,4798.99,No
Female,0,Yes,No,40.0,Yes,Yes,Fiber optic,No,No,No,No,Yes,Yes,Month-to-month,Yes,Electronic check,94.93,4158.91,Yes
Female,0,No,No,28.0,Yes,No,Fiber optic,No,Yes,Yes,No,Yes,Yes,Month-to-month,Yes,Electronic check,101.5,2836.17,No
Male,1,Yes,Yes,29.0,Yes,Yes,Fiber optic,No,No,No,No,Yes,Yes,Month-to-month,Yes,Electronic check,92.12,2908.25,Yes
Female,0,No,No,8.0,Yes,Yes,Fiber optic,No,No,Yes,No,Yes,Yes,Month-to-month,Yes,Bank transfer (automatic),90.95,596.58,Yes
Female,0,Yes,No,0.0,Yes,No,Fiber optic,Yes,No,Yes,No,Yes,Yes,Month-to-month,Yes,Electronic check,98.48,0.0,Yes
Male,0,No,No,4.0,Yes,No,Fiber optic,Yes,Yes,Yes,No,Yes,No,Month-to-month,Yes,Electronic check,88.19,389.58,Yes
Male,0,No,No,2.0,Yes,Yes,Fiber optic,No,No,No,No,Yes,No,Month-to-month,No,Electronic check,94.97,228.58,Yes
Female,1,No,No,11.0,Yes,Yes,Fiber optic,No,No,No,No,Yes,Yes,Month-to-month,Yes,Electronic check,87.4,788.27,No
Female,0,No,No,42.0,Yes,No,Fiber optic,No,Yes,No,No,Yes,Yes,Month-to-month,Yes,Bank transfer (automatic),92.19,4410.17,No
Male,0,No,No,17.0,Yes,Yes,Fiber optic,Yes,No,No,No,Yes,Yes,Month-to-month,Yes,Electronic check,88.61,1556.1,No
Male,0,No,No,22.0,Yes,No,Fiber optic,No,No,No,No,Yes,Yes,Month-to-month,No,Electronic check,89.02,2054.72,Yes
Male,0,Yes,No,16.0,Yes,No,Fiber optic,No,Yes,No,No,Yes,Yes,Month-to-month,Yes,Bank transfer (automatic),89.72,1239.48,No
Male,0,Yes,No,35.0,Yes,Yes,Fiber optic,Yes,Yes,Yes,No,Yes,No,Month-to-month,No,Bank transfer (automatic),101.72,3504.37,Yes
Male,1,Yes,No,20.0,Yes,Yes,Fiber optic,No,Yes,No,No,Yes,No,Month-to-month,Yes,Electronic check,93.68,2091.48,Yes
Male,0,Yes,No,27.0,Yes,Yes,Fiber optic,No,No,No,No,Yes,Yes,Month-to-month,Yes,Bank transfer (automatic),93.05,2389.62,Yes
Male,1,Yes,No,-0.0,Yes,No,Fiber optic,No,No,No,No,Yes,Yes,Month-to-month,Yes,Electronic check,86.81,0.0,Yes
Female,1,No,No,5.0,Yes,No,Fiber optic,No,No,No,No,Yes,Yes,Month-to-month,Yes,Mailed check,84.53,346.54,No
Male,0,Yes,Yes,4.0,Yes,Yes,Fiber optic,Yes,No,No,No,Yes,No,Month-to-month,Yes,Electronic check,89.37,296.67,Yes
Female,0,No,No,41.0,Yes,No,Fiber optic,No,Yes,No,No,Yes,Yes,Month-to-month,Yes,Bank transfer (automatic),90.05,3506.8,No
Female,1,Yes,No,18.0,Yes,No,Fiber optic,Yes,No,Yes,No,Yes,Yes,Month-to-month,Yes,Electronic check,99.46,1678.52,No
Male,1,No,No,39.0,Yes,Yes,Fiber optic,No,No,Yes,No,Yes,Yes,Month-to-month,Yes,Bank transfer (automatic),103.19,4124.61,No
Female,0,Yes,No,21.0,Yes,Yes,Fiber optic,Yes,No,Yes,No,Yes,Yes,Month-to-month,Yes,Bank transfer (automatic),104.19,2409.1,No
Female,1,No,No,12.0,Yes,Yes,Fiber optic,No,No,No,No,Yes,Yes,Month-to-month,Yes,Electronic check,94.25,956.02,Yes
Male,0,No,No,7.0,Yes,Yes,Fiber optic,No,No,Yes,No,Yes,No,Month-to-month,No,Electronic check,90.89,765.74,Yes
Male,1,Yes,No,10.0,Yes,Yes,Fiber optic,Yes,No,No,No,Yes,Yes,Month-to-month,No,Electronic check,96.31,1125.09,Yes
Female,1,No,No,41.0,Yes,Yes,Fiber optic,No,No,No,No,Yes,No,Month-to-month,Yes,Electronic check,87.48,4034.11,No
Female,1,No,Yes,22.0,Yes,No,Fiber optic,No,Yes,Yes,No,Yes,Yes,Month-to-month,Yes,Electronic check,100.18,2531.2,Yes
Male,0,No,No,35.0,Yes,No,Fiber optic,Yes,Yes,Yes,Yes,Yes,No,Month-to-month,Yes,Electronic check,94.63,3331.54,No
Female,1,No,No,3.0,Yes,No,Fiber optic,No,Yes,No,No,Yes,No,Month-to-month,No,Electronic check,91.22,329.35,No
Female,1,Yes,No,9.0,Yes,No,Fiber optic,No,Yes,No,No,Yes,No,Month-to-month,Yes,Mailed check,90.63,928.63,Yes
Female,0,No,No,7.0,Yes,Yes,Fiber optic,No,No,Yes,No,Yes,No,Month-to-month,Yes,Electronic check,82.71,474.72,No
Male,0,No,No,21.0,Yes,No,Fiber optic,No,Yes,No,No,Yes,Yes,Month-to-month,Yes,Electronic check,95.31,2132.69,Yes
Female,0,No,No,28.0,Yes,Yes,Fiber optic,No,No,No,No,Yes,No,Month-to-month,No,Bank transfer (automatic),87.33,2570.24,Yes
Female,0,Yes,No,44.0,Yes,Yes,Fiber optic,No,No,No,No,Yes,No,Month-to-month,Yes,Bank transfer (automatic),86.39,4361.06,No
Male,0,No,No,7.0,Yes,No,Fiber optic,No,No,Yes,Yes,Yes,No,Month-to-month,Yes,Electronic check,90.32,629.59,No
Male,1,Yes,No,52.0,Yes,Yes,Fiber optic,No,Yes,Yes,No,Yes,Yes,Month-to-month,Yes,Electronic check,109.86,5751.1,No
Male,0,No,No,26.0,Yes,Yes,Fiber optic,No,Yes,Yes,No,Yes,Yes,Month-to-month,No,Electronic check,92.81,2319.03,No
Male,1,Yes,Yes,53.0,Yes,Yes,Fiber optic,No,No,Yes,No,Yes,Yes,Month-to-month,Yes,Bank transfer (automatic),100.31,5458.86,Yes
Male,0,Yes,Yes,25.0,Yes,Yes,Fiber optic,No,Yes,Yes,No,Yes,Yes,Month-to-month,Yes,Electronic check,97.28,2271.13,No
Female,0,Yes,No,12.0,Yes,No,Fiber optic,No,No,Yes,No,Yes,No,Month-to-month,No,Bank transfer (automatic),85.39,1233.16,No
Female,0,No,No,46.0,Yes,No,Fiber optic,Yes,No,No,Yes,Yes,Yes,Month-to-month,Yes,Bank transfer (automatic),98.22,4764.86,Yes
Female,0,No,No,12.0,Yes,No,Fiber optic,Yes,No,Yes,Yes,Yes,Yes,Month-to-month,No,Electronic check,98.65,1273.5,Yes
Male,1,Yes,No,36.0,Yes,No,Fiber optic,No,Yes,No,Yes,Yes,Yes,Month-to-month,Yes,Electronic check,93.84,3300.88,Yes
Female,1,Yes,No,50.0,Yes,Yes,Fiber optic,No,Yes,No,No,Yes,Yes,Month-to-month,No,Electronic check,96.44,5067.39,Yes
Male,1,No,No,13.0,Yes,Yes,Fiber optic,No,No,No,Yes,Yes,Yes,Month-to-month,No,Electronic check,98.46,1328.05,Yes
Male,0,No,No,47.0,Yes,Yes,Fiber optic,No,No,No,No,Yes,No,Month-to-month,Yes,Electronic check,87.65,4423.54,Yes
Male,0,No,No,26.0,Yes,No,Fiber optic,No,No,Yes,Yes,Yes,No,Month-to-month,Yes,Electronic check,92.92,2689.6,Yes
Female,1,No,No,0.0,Yes,No,Fiber optic,No,No,No,No,Yes,Yes,Month-to-month,Yes,Electronic check,84.49,0.0,Yes
Female,0,No,Yes,17.0,Yes,No,Fiber optic,No,Yes,No,No,Yes,No,Month-to-month,Yes,Bank transfer (automatic),90.62,1633.71,Yes
Male,1,Yes,No,23.0,Yes,Yes,Fiber optic,No,No,Yes,No,Yes,Yes,Month-to-month,No,Electronic check,96.27,2240.68,Yes
Female,0,No,No,40.0,Yes,Yes,Fiber optic,No,No,Yes,No,Yes,Yes,Month-to-month,No,Electronic check,118.75,4509.78,Yes
Male,0,No,No,26.0,Yes,Yes,Fiber optic,Yes,Yes,No,Yes,Yes,Yes,Month-to-month,Yes,Electronic check,102.81,2398.02,No
Male,0,No,No,38.0,Yes,Yes,Fiber optic,No,Yes,Yes,No,Yes,Yes,Month-to-month,Yes,Electronic check,94.38,3700.72,Yes
Female,1,No,No,46.0,Yes,Yes,Fiber optic,No,Yes,Yes,No,Yes,No,Month-to-month,Yes,Electronic check,95.49,4749.83,Yes
Male,0,Yes,Yes,13.0,Yes,Yes,Fiber optic,No,Yes,Yes,Yes,Yes,Yes,Month-to-month,Yes,Electronic check,102.87,1609.49,Yes
Male,0,Yes,Yes,27.0,Yes,Yes,Fiber optic,No,No,No,No,Yes,Yes,Month-to-month,Yes,Mailed check,97.45,2816.34,Yes
Male,1,No,No,0.0,Yes,Yes,Fiber optic,No,No,No,Yes,Yes,No,Month-to-month,Yes,Electronic check,79.84,0.0,Yes
Male,0,Yes,No,34.0,Yes,No,Fiber optic,No,Yes,Yes,No,Yes,No,Month-to-month,Yes,Electronic check,91.58,3060.75,Yes
Female,1,Yes,No,42.0,Yes,No,Fiber optic,Yes,No,No,No,Yes,Yes,Month-to-month,Yes,Bank transfer (automatic),102.94,4225.96,No
Female,0,Yes,Yes,23.0,Yes,No,Fiber optic,No,No,Yes,No,Yes,Yes,Month-to-month,Yes,Bank transfer (automatic),96.19,2315.07,No
Female,0,Yes,Yes,36.0,Yes,Yes,Fiber optic,No,Yes,No,No,Yes,No,Month-to-month,Yes,Electronic check,100.07,3635.86,No
Male,0,Yes,No,7.0,Yes,No,Fiber optic,No,No,No,No,Yes,Yes,Month-to-month,Yes,Electronic check,90.64,696.85,No
Female,0,Yes,No,3.0,Yes,No,Fiber optic,No,No,No,Yes,Yes,No,Month-to-month,Yes,Electronic check,79.74,196.15,No
Male,0,No,No,0.0,Yes,Yes,Fiber optic,No,Yes,No,No,Yes,Yes,Month-to-month,Yes,Electronic check,95.54,0.0,Yes
Female,0,No,Yes,17.0,Yes,No,Fiber optic,No,Yes,Yes,No,Yes,No,Month-to-month,Yes,Mailed check,96.52,1662.61,No
Male,1,No,Yes,22.0,Yes,Yes,Fiber optic,No,Yes,No,No,Yes,Yes,Month-to-month,Yes,Electronic check,99.91,2166.41,Yes
Female,1,Yes,No,13.0,Yes,No,Fiber optic,No,No,No,No,Yes,Yes,Month-to-month,Yes,Electronic check,88.98,996.28,Yes
Male,0,No,No,4.0,Yes,No,Fiber optic,No,No,No,No,Yes,No,Month-to-month,Yes,Electronic check,77.88,255.41,No
Female,0,No,No,27.0,Yes,No,Fiber optic,No,No,No,No,Yes,Yes,Month-to-month,Yes,Electronic check,90.28,2361.5,No
Male,0,No,No,2.0,Yes,Yes,Fiber optic,No,No,No,No,Yes,Yes,Month-to-month,Yes,Electronic check,93.52,153.36,Yes
Female,0,Yes,No,30.0,Yes,No,Fiber optic,No,No,No,No,Yes,Yes,Month-to-month,Yes,Electronic check,87.43,2860.17,No
Male,1,No,No,16.0,Yes,Yes,Fiber optic,No,Yes,No,No,Yes,No,Month-to-month,Yes,Mailed check,90.45,1343.97,No
Female,0,No,No,51.0,Yes,Yes,Fiber optic,No,Yes,No,No,Yes,Yes,Month-to-month,Yes,Mailed check,99.83,5226.11,Yes
Female,0,No,No,0.0,Yes,No,Fiber optic,No,Yes,No,No,Yes,No,Month-to-month,Yes,Electronic check,93.98,0.0,Yes
Male,1,No,Yes,37.0,Yes,Yes,Fiber optic,No,Yes,No,No,Yes,Yes,Month-to-month,Yes,Electronic check,107.02,3700.51,No
Male,0,No,No,0.0,Yes,No,Fiber optic,No,No,No,No,Yes,Yes,Month-to-month,No,Bank transfer (automatic),84.82,0.0,No
Male,0,Yes,No,3.0,Yes,No,Fiber optic,Yes,No,Yes,No,Yes,Yes,Month-to-month,No,Electronic check,103.98,255.78,Yes
Male,0,No,No,5.0,Yes,No,Fiber optic,No,No,No,No,Yes,Yes,Month-to-month,Yes,Mailed check,82.34,347.52,Yes
Male,0,Yes,No,0.0,Yes,No,Fiber optic,No,Yes,No,No,Yes,Yes,Month-to-month,Yes,Bank transfer (automatic),99.66,0.0,Yes
Female,1,No,No,0.0,Yes,No,Fiber optic,No,No,No,Yes,Yes,No,Month-to-month,Yes,Mailed check,88.7,0.0,Yes
Female,0,No,No,0.0,Yes,Yes,Fiber optic,No,No,No,No,Yes,Yes,Month-to-month,Yes,Electronic check,96.04,0.0,No
Male,0,Yes,Yes,38.0,Yes,Yes,Fiber optic,No,No,No,Yes,Yes,Yes,Month-to-month,Yes,Mailed check,99.35,3749.37,No
Male,0,No,No,8.0,Yes,No,Fiber optic,No,No,No,No,Yes,No,Month-to-month,Yes,Electronic check,94.98,807.43,No
Female,0,Yes,No,31.0,Yes,No,Fiber optic,No,No,Yes,Yes,Yes,Yes,Month-to-month,No,Bank transfer (automatic),96.79,3085.32,No
Male,0,No,No,29.0,Yes,Yes,Fiber optic,No,No,Yes,Yes,Yes,Yes,Month-to-month,Yes,Electronic check,105.76,3233.74,Yes
Female,0,No,No,53.0,Yes,Yes,Fiber optic,No,No,Yes,No,Yes,Yes,Month-to-month,Yes,Bank transfer (automatic),103.98,5650.75,Yes
Male,0,No,No,29.0,Yes,Yes,Fiber optic,No,No,Yes,No,Yes,Yes,Month-to-month,Yes,Electronic check,108.19,3236.53,Yes
Female,1,No,No,11.0,Yes,Yes,Fiber optic,No,No,Yes,No,Yes,Yes,Month-to-month,Yes,Electronic check,91.9,936.69,No
Female,0,No,No,9.0,Yes,Yes,Fiber optic,No,No,Yes,No,Yes,Yes,Month-to-month,Yes,Electronic check,96.48,884.03,Yes
Female,0,Yes,Yes,16.0,Yes,Yes,Fiber optic,No,No,Yes,Yes,Yes,Yes,Month-to-month,No,Electronic check,99.98,1451.87,Yes
Male,1,No,No,23.0,Yes,No,Fiber optic,Yes,No,No,No,Yes,No,Month-to-month,Yes,Bank transfer (automatic),87.52,1839.88,Yes
Female,0,No,No,28.0,Yes,Yes,Fiber optic,No,Yes,No,No,Yes,Yes,Month-to-month,Yes,Electronic check,95.52,2463.56,Yes
Male,0,No,No,11.0,Yes,No,Fiber optic,No,No,No,No,Yes,No,Month-to-month,Yes,Electronic check,89.14,804.01,Yes
Male,1,No,No,68.0,Yes,Yes,Fiber optic,No,Yes,Yes,No,Yes,Yes,Month-to-month,Yes,Electronic check,117.86,7035.68,Yes
Male,1,Yes,No,28.0,Yes,Yes,Fiber optic,No,No,Yes,No,Yes,Yes,Month-to-month,Yes,Electronic check,91.29,2635.77,Yes
Female,1,No,No,28.0,Yes,Yes,Fiber optic,No,Yes,No,No,Yes,Yes,Month-to-month,Yes,Electronic check,94.19,2702.5,Yes
Female,1,No,No,40.0,Yes,Yes,Fiber optic,No,No,No,No,Yes,Yes,Month-to-month,Yes,Electronic check,99.85,3919.67,No
Female,0,Yes,No,49.0,Yes,Yes,Fiber optic,No,No,Yes,No,Yes,Yes,Month-to-month,Yes,Electronic check,99.74,4912.77,Yes
Female,0,No,No,59.0,Yes,No,Fiber optic,No,No,No,No,Yes,No,Month-to-month,Yes,Electronic check,83.96,5554.62,Yes
Male,1,Yes,Yes,37.0,Yes,Yes,Fiber optic,No,Yes,Yes,Yes,Yes,Yes,Month-to-month,Yes,Bank transfer (automatic),111.19,3404.44,No
Male,0,No,No,26.0,Yes,Yes,Fiber optic,No,No,Yes,No,Yes,Yes,Month-to-month,Yes,Electronic check,106.13,2469.81,No
Male,0,No,No,49.0,Yes,Yes,Fiber optic,No,Yes,Yes,Yes,Yes,No,Month-to-month,No,Electronic check,102.35,5045.15,No
Female,1,Yes,Yes,60.0,Yes,Yes,Fiber optic,No,Yes,Yes,No,Yes,No,Month-to-month,Yes,Bank transfer (automatic),98.2,5685.67,No
Male,0,No,No,5.0,Yes,Yes,Fiber optic,No,No,Yes,Yes,Yes,Yes,Month-to-month,Yes,Bank transfer (automatic),97.86,474.14,Yes
Female,0,No,No,12.0,Yes,Yes,Fiber optic,No,No,No,No,Yes,No,Month-to-month,Yes,Electronic check,81.65,1046.36,No
Male,0,Yes,No,41.0,Yes,No,Fiber optic,Yes,Yes,Yes,Yes,Yes,No,Month-to-month,No,Electronic check,100.43,4011.54,No
Female,0,Yes,Yes,15.0,Yes,No,Fiber optic,No,No,No,No,Yes,No,Month-to-month,No,Bank transfer (automatic),82.16,1376.1,Yes
Male,0,Yes,No,31.0,Yes,No,Fiber optic,No,Yes,No,Yes,Yes,No,Month-to-month,No,Electronic check,94.94,3071.71,No
Female,0,No,No,11.0,Yes,No,Fiber optic,No,No,No,No,Yes,Yes,Month-to-month,Yes,Electronic check,85.41,896.4,Yes
Female,0,Yes,No,29.0,Yes,No,Fiber optic,No,Yes,No,No,Yes,Yes,Month-to-month,Yes,Bank transfer (automatic),87.67,2460.44,No
Male,0,No,No,38.0,Yes,Yes,Fiber optic,No,Yes,Yes,No,Yes,Yes,Month-to-month,No,Electronic check,111.24,4193.04,Yes
Female,1,Yes,Yes,0.0,Yes,Yes,Fiber optic,No,No,Yes,No,Yes,Yes,Month-to-month,Yes,Bank transfer (automatic),97.29,0.0,Yes
Female,0,No,No,27.0,Yes,No,Fiber optic,No,No,No,No,Yes,No,Month-to-month,Yes,Bank transfer (automatic),79.17,2392.09,Yes
Female,1,Yes,No,12.0,Yes,No,Fiber optic,Yes,No,No,No,Yes,Yes,Month-to-month,Yes,Electronic check,89.12,1120.38,No
Female,1,No,Yes,21.0,Yes,Yes,Fiber optic,No,No,Yes,Yes,Yes,No,Month-to-month,Yes,Electronic check,96.11,1869.31,No
Male,1,Yes,No,4.0,Yes,Yes,Fiber optic,No,No,Yes,No,Yes,Yes,Month-to-month,Yes,Electronic check,96.1,349.13,Yes
Male,1,Yes,No,26.0,Yes,No,Fiber optic,No,No,Yes,No,Yes,Yes,Month-to-month,Yes,Electronic check,102.85,2587.6,Yes
Male,0,No,No,39.0,Yes,No,Fiber optic,Yes,No,Yes,No,Yes,Yes,Month-to-month,No,Electronic check,105.69,4232.7,No
Male,1,No,No,29.0,Yes,Yes,Fiber optic,No,No,Yes,No,Yes,Yes,Month-to-month,No,Electronic check,103.5,3166.5,Yes
Female,0,No,No,35.0,Yes,No,Fiber optic,No,Yes,Yes,No,Yes,Yes,Month-to-month,Yes,Bank transfer (automatic),105.7,3676.79,Yes
Male,0,Yes,No,42.0,Yes,Yes,Fiber optic,No,No,Yes,No,Yes,Yes,Month-to-month,Yes,Electronic check,103.07,4210.78,No
Female,0,Yes,No,37.0,Yes,Yes,Fiber optic,Yes,No,No,No,Yes,No,Month-to-month,Yes,Electronic check,91.66,3481.26,Yes
Female,0,No,No,4.0,Yes,Yes,Fiber optic,No,No,No,No,Yes,No,Month-to-month,Yes,Bank transfer (automatic),87.77,287.85,Yes
Female,1,Yes,No,32.0,Yes,No,Fiber optic,No,No,No,No,Yes,Yes,Month-to-month,Yes,Electronic check,88.14,3003.71,Yes
Female,0,No,No,15.0,Yes,Yes,Fiber optic,No,Yes,Yes,Yes,Yes,Yes,Month-to-month,Yes,Electronic check,100.31,1566.26,Yes
Male,0,No,No,20.0,Yes,Yes,Fiber optic,No,Yes,Yes,No,Yes,No,Month-to-month,Yes,Electronic check,95.06,1756.71,Yes
Male,0,Yes,Yes,52.0,Yes,Yes,Fiber optic,No,Yes,Yes,No,Yes,Yes,Month-to-month,Yes,Electronic check,112.27,5537.79,No
Male,0,Yes,No,0.0,Yes,Yes,Fiber optic,No,Yes,Yes,No,Yes,Yes,Month-to-month,Yes,Electronic check,104.91,0.0,Yes
Male,0,No,No,46.0,Yes,Yes,Fiber optic,No,No,Yes,No,Yes,No,Month-to-month,No,Mailed check,99.8,4485.05,No
Male,0,No,Yes,38.0,Yes,No,Fiber optic,No,Yes,No,No,Yes,Yes,Month-to-month,No,Electronic check,98.55,4027.59,No
Female,1,No,No,9.0,Yes,Yes,Fiber optic,No,No,Yes,Yes,Yes,Yes,Month-to-month,Yes,Bank transfer (automatic),102.7,1065.28,No
Male,1,No,No,8.0,Yes,Yes,Fiber optic,Yes,Yes,Yes,No,Yes,Yes,Month-to-month,Yes,Electronic check,112.78,1040.8,Yes
Male,1,No,No,44.0,Yes,Yes,Fiber optic,No,No,No,No,Yes,No,Month-to-month,Yes,Electronic check,93.52,4184.5,Yes
Female,0,No,No,13.0,Yes,Yes,Fiber optic,No,No,Yes,Yes,Yes,Yes,Month-to-month,Yes,Mailed check,104.34,1440.15,Yes
Male,0,Yes,No,16.0,Yes,No,Fiber optic,No,No,Yes,No,Yes,Yes,Month-to-month,No,Electronic check,91.89,1220.77,No
Female,0,No,No,19.0,Yes,Yes,Fiber optic,No,Yes,Yes,No,Yes,Yes,Month-to-month,Yes,Electronic check,109.73,1980.0,Yes
Female,0,No,No,10.0,Yes,Yes,Fiber optic,No,No,Yes,No,Yes,No,Month-to-month,Yes,Electronic check,81.37,777.3,Yes
Male,1,Yes,No,11.0,Yes,Yes,Fiber optic,No,Yes,No,No,Yes,No,Month-to-month,Yes,Electronic check,96.24,1167.23,Yes
Male,0,No,No,4.0,Yes,No,Fiber optic,No,No,No,No,Yes,No,Month-to-month,Yes,Electronic check,83.32,329.07,Yes
Male,1,No,No,43.0,Yes,Yes,Fiber optic,No,Yes,No,No,Yes,Yes,Month-to-month,Yes,Electronic check,103.89,4424.43,Yes
Female,0,Yes,No,50.0,Yes,Yes,Fiber optic,No,Yes,Yes,No,Yes,Yes,Month-to-month,Yes,Mailed check,103.01,4701.95,Yes
Male,0,No,Yes,12.0,Yes,Yes,Fiber optic,No,No,No,No,Yes,Yes,Month-to-month,Yes,Electronic check,89.71,882.63,Yes
Male,1,Yes,No,47.0,Yes,Yes,Fiber optic,No,No,Yes,Yes,Yes,No,Month-to-month,Yes,Bank transfer (automatic),102.86,4686.15,Yes
Female,0,Yes,No,58.0,Yes,Yes,Fiber optic,No,Yes,No,Yes,Yes,Yes,Month-to-month,Yes,Electronic check,103.41,5542.2,No
Male,0,No,Yes,2.0,Yes,Yes,Fiber optic,No,No,No,No,Yes,No,Month-to-month,Yes,Electronic check,79.79,130.84,No
Male,1,No,Yes,-0.0,Yes,No,Fiber optic,No,No,No,No,Yes,Yes,Month-to-month,Yes,Electronic check,86.66,0.0,No
Male,0,Yes,No,5.0,Yes,No,Fiber optic,No,No,No,No,Yes,No,Month-to-month,No,Mailed check,83.36,341.74,Yes
Male,1,Yes,No,0.0,Yes,Yes,Fiber optic,No,No,No,No,Yes,Yes,Month-to-month,Yes,Electronic check,89.75,0.0,No
Female,0,Yes,No,33.0,Yes,Yes,Fiber optic,No,Yes,Yes,No,Yes,Yes,Month-to-month,No,Electronic check,96.38,3285.24,Yes
Male,0,Yes,No,55.0,Yes,No,Fiber optic,No,Yes,Yes,No,Yes,No,Month-to-month,Yes,Bank transfer (automatic),89.38,5136.73,No
Female,0,No,No,23.0,Yes,Yes,Fiber optic,No,No,No,No,Yes,No,Month-to-month,Yes,Electronic check,87.51,1991.43,Yes
Male,0,No,Yes,15.0,Yes,No,Fiber optic,No,Yes,No,No,Yes,No,Month-to-month,Yes,Electronic check,85.62,1397.68,No
Male,0,Yes,No,11.0,Yes,Yes,Fiber optic,No,Yes,No,Yes,Yes,No,Month-to-month,Yes,Electronic check,96.09,974.09,Yes
Female,0,No,No,5.0,Yes,Yes,Fiber optic,Yes,No,No,No,Yes,Yes,Month-to-month,No,Bank transfer (automatic),93.44,383.06,Yes
Male,1,No,No,19.0,Yes,Yes,Fiber optic,No,No,No,No,Yes,Yes,Month-to-month,Yes,Electronic check,91.12,1844.16,Yes
Female,1,Yes,Yes,26.0,Yes,Yes,Fiber optic,No,No,No,No,Yes,No,Month-to-month,Yes,Electronic check,76.33,2244.97,No
Male,0,Yes,No,14.0,Yes,Yes,Fiber optic,Yes,No,No,No,Yes,No,Month-to-month,No,Bank transfer (automatic),91.32,1393.59,Yes
Female,1,No,No,29.0,Yes,Yes,Fiber optic,No,Yes,No,Yes,Yes,No,Month-to-month,Yes,Electronic check,97.5,2972.97,Yes
Female,0,No,No,4.0,Yes,Yes,Fiber optic,No,No,Yes,No,Yes,Yes,Month-to-month,Yes,Electronic check,101.44,468.4,Yes
Female,1,No,No,51.0,Yes,Yes,Fiber optic,No,Yes,No,Yes,Yes,No,Month-to-month,Yes,Electronic check,88.33,5014.59,No
Female,0,No,No,33.0,Yes,No,Fiber optic,No,No,No,No,Yes,Yes,Month-to-month,Yes,Bank transfer (automatic),95.84,2934.35,Yes
Male,0,Yes,No,18.0,Yes,No,Fiber optic,No,No,No,No,Yes,No,Month-to-month,No,Bank transfer (automatic),81.84,1507.2,No
Female,1,No,No,47.0,Yes,Yes,Fiber optic,Yes,Yes,Yes,No,Yes,No,Month-to-month,Yes,Bank transfer (automatic),104.83,4961.93,No
Male,0,No,No,44.0,Yes,No,Fiber optic,No,No,Yes,Yes,Yes,Yes,Month-to-month,Yes,Bank transfer (automatic),99.71,4266.89,No
Male,0,Yes,Yes,41.0,Yes,Yes,Fiber optic,No,No,No,No,Yes,Yes,Month-to-month,Yes,Electronic check,95.09,3666.97,Yes
Female,0,No,No,18.0,Yes,Yes,Fiber optic,No,No,No,No,Yes,Yes,Month-to-month,Yes,Electronic check,97.48,1627.53,Yes
Female,0,No,No,9.0,Yes,Yes,Fiber optic,No,No,No,No,Yes,Yes,Month-to-month,Yes,Electronic check,94.4,696.62,Yes
Male,1,No,No,29.0,Yes,Yes,Fiber optic,No,Yes,Yes,Yes,Yes,Yes,Month-to-month,Yes,Electronic check,113.1,3363.24,No
Male,0,No,No,10.0,Yes,Yes,Fiber optic,No,No,Yes,No,Yes,No,Month-to-month,Yes,Electronic check,87.62,935.8,Yes
Male,0,Yes,Yes,56.0,Yes,Yes,Fiber optic,No,Yes,No,No,Yes,Yes,Month-to-month,Yes,Bank transfer (automatic),101.67,5457.22,No
Female,1,No,No,0.0,Yes,Yes,Fiber optic,No,No,No,No,Yes,Yes,Month-to-month,Yes,Electronic check,100.46,0.0,Yes
Male,1,No,No,30.0,Yes,No,Fiber optic,No,No,No,No,Yes,Yes,Month-to-month,Yes,Electronic check,89.85,2692.05,Yes
Female,0,No,No,41.0,Yes,No,Fiber optic,No,No,Yes,Yes,Yes,No,Month-to-month,Yes,Bank transfer (automatic),92.32,4281.43,No
Female,0,No,No,16.0,Yes,No,Fiber optic,No,Yes,Yes,No,Yes,Yes,Month-to-month,Yes,Electronic check,99.65,1836.94,Yes
Male,0,No,No,19.0,Yes,Yes,Fiber optic,No,No,No,No,Yes,Yes,Month-to-month,Yes,Electronic check,90.73,1565.89,Yes
Female,0,Yes,No,33.0,Yes,Yes,Fiber optic,No,No,No,No,Yes,No,Month-to-month,Yes,Electronic check,82.38,2900.0,No
Female,1,No,No,38.0,Yes,Yes,Fiber optic,No,No,No,No,Yes,Yes,Month-to-month,Yes,Electronic check,94.67,3945.47,Yes
Female,1,No,No,39.0,Yes,No,Fiber optic,Yes,No,No,No,Yes,Yes,Month-to-month,Yes,Bank transfer (automatic),96.43,3804.27,No
Female,1,No,No,33.0,Yes,No,Fiber optic,No,No,No,No,Yes,Yes,Month-to-month,Yes,Electronic check,85.15,3060.98,Yes
Female,0,No,No,17.0,Yes,No,Fiber optic,No,No,Yes,No,Yes,Yes,Month-to-month,No,Electronic check,97.55,1698.0,No
Female,0,Yes,Yes,26.0,Yes,Yes,Fiber optic,No,Yes,No,No,Yes,Yes,Month-to-month,No,Bank transfer (automatic),93.1,2156.44,No
Female,0,No,No,38.0,Yes,No,Fiber optic,No,No,No,No,Yes,Yes,Month-to-month,Yes,Bank transfer (automatic),100.99,3377.48,Yes
Male,0,Yes,No,32.0,Yes,Yes,Fiber optic,No,No,Yes,No,Yes,Yes,Month-to-month,Yes,Bank transfer (automatic),106.33,3453.47,No
Male,1,No,No,42.0,Yes,Yes,Fiber optic,No,Yes,No,Yes,Yes,Yes,Month-to-month,Yes,Bank transfer (automatic),110.6,4101.95,No
Female,0,No,No,0.0,Yes,No,Fiber optic,No,No,No,No,Yes,No,Month-to-month,Yes,Electronic check,77.6,0.0,Yes
Female,0,Yes,No,2.0,Yes,Yes,Fiber optic,Yes,No,Yes,No,Yes,Yes,Month-to-month,Yes,Electronic check,105.92,254.96,Yes
Male,0,No,No,12.0,Yes,No,Fiber optic,No,No,No,No,Yes,No,Month-to-month,No,Electronic check,86.72,1252.47,No
Male,0,Yes,No,35.0,Yes,Yes,Fiber optic,No,No,Yes,No,Yes,Yes,Month-to-month,Yes,Electronic check,106.31,3670.56,Yes
Male,0,Yes,Yes,48.0,Yes,Yes,Fiber optic,No,Yes,Yes,No,Yes,Yes,Month-to-month,Yes,Electronic check,109.33,4735.93,No
Female,0,Yes,Yes,7.0,Yes,No,Fiber optic,No,No,No,No,Yes,No,Month-to-month,Yes,Electronic check,82.04,470.88,Yes
Female,0,Yes,Yes,58.0,Yes,No,Fiber optic,No,Yes,Yes,Yes,Yes,Yes,Month-to-month,Yes,Bank transfer (automatic),96.47,5985.25,No
Male,1,No,No,0.0,Yes,No,Fiber optic,No,No,Yes,No,Yes,Yes,Month-to-month,Yes,Bank transfer (automatic),87.22,0.0,No
Male,0,No,No,5.0,Yes,Yes,Fiber optic,No,Yes,No,No,Yes,No,Month-to-month,Yes,Electronic check,90.33,432.18,Yes
Male,1,Yes,No,42.0,Yes,No,Fiber optic,Yes,No,No,No,Yes,Yes,Month-to-month,Yes,Electronic check,92.22,4418.4,No
Female,0,No,No,33.0,Yes,No,Fiber optic,No,No,No,Yes,Yes,Yes,Month-to-month,Yes,Mailed check,99.55,3677.85,No
Female,0,No,No,15.0,Yes,No,Fiber optic,Yes,Yes,Yes,No,Yes,Yes,Month-to-month,Yes,Electronic check,101.33,1753.14,No
Female,0,No,No,-0.0,Yes,Yes,Fiber optic,Yes,No,No,No,Yes,No,Month-to-month,Yes,Bank transfer (automatic),78.92,0.0,No
Male,0,No,No,39.0,Yes,Yes,Fiber optic,No,Yes,No,No,Yes,Yes,Month-to-month,Yes,Electronic check,98.26,3747.79,Yes
Female,0,No,No,9.0,Yes,No,Fiber optic,No,No,No,No,Yes,Yes,Month-to-month,No,Bank transfer (automatic),82.72,610.44,No
Male,0,Yes,Yes,45.0,Yes,Yes,Fiber optic,No,No,No,No,Yes,Yes,Month-to-month,No,Electronic check,94.64,4020.84,No
Female,0,Yes,No,36.0,Yes,Yes,Fiber optic,Yes,Yes,Yes,No,Yes,Yes,Month-to-month,No,Electronic check,113.66,3787.48,Yes
Female,1,Yes,Yes,17.0,Yes,Yes,Fiber optic,No,Yes,No,No,Yes,No,Month-to-month,Yes,Bank transfer (automatic),89.62,1664.77,Yes
Male,1,No,No,24.0,Yes,No,Fiber optic,No,Yes,No,No,Yes,Yes,Month-to-month,Yes,Bank transfer (automatic),91.01,2561.77,Yes
Female,0,Yes,No,50.0,Yes,Yes,Fiber optic,No,Yes,Yes,No,Yes,Yes,Month-to-month,No,Bank transfer (automatic),106.16,5053.03,No
Female,0,No,Yes,27.0,Yes,Yes,Fiber optic,No,No,Yes,No,Yes,Yes,Month-to-month,No,Electronic check,99.09,2622.73,Yes
Female,0,No,No,5.0,Yes,No,Fiber optic,No,No,No,No,Yes,Yes,Month-to-month,Yes,Electronic check,91.53,375.25,No
Female,1,Yes,No,2.0,Yes,No,Fiber optic,No,Yes,Yes,No,Yes,No,Month-to-month,Yes,Electronic check,91.59,150.19,No
Female,0,No,No,7.0,Yes,No,Fiber optic,No,No,No,Yes,Yes,No,Month-to-month,No,Electronic check,87.93,724.89,Yes
Male,0,Yes,No,72.0,Yes,Yes,Fiber optic,No,Yes,Yes,Yes,Yes,Yes,Month-to-month,Yes,Mailed check,114.25,7391.93,No
Female,1,No,No,29.0,Yes,No,Fiber optic,No,Yes,Yes,No,Yes,Yes,Month-to-month,Yes,Electronic check,98.81,2872.61,No
Male,0,No,No,0.0,Yes,No,Fiber optic,No,No,No,No,Yes,No,Month-to-month,Yes,Mailed check,80.45,0.0,Yes
Male,0,No,No,19.0,Yes,No,Fiber optic,No,Yes,Yes,No,Yes,Yes,Month-to-month,No,Bank transfer (automatic),99.17,1865.87,No
Female,1,No,No,10.0,Yes,No,Fiber optic,Yes,Yes,Yes,No,Yes,No,Month-to-month,Yes,Electronic check,100.32,999.46,No
Female,1,Yes,No,11.0,Yes,Yes,Fiber optic,No,Yes,No,No,Yes,Yes,Month-to-month,Yes,Mailed check,98.22,1300.33,Yes
Male,0,Yes,No,11.0,Yes,Yes,Fiber optic,No,No,No,No,Yes,No,Month-to-month,No,Bank transfer (automatic),89.03,947.64,Yes
Male,0,Yes,No,-0.0,Yes,No,Fiber optic,No,No,Yes,Yes,Yes,Yes,Month-to-month,Yes,Bank transfer (automatic),93.27,0.0,Yes
Male,0,No,No,3.0,Yes,Yes,Fiber optic,Yes,Yes,No,No,Yes,Yes,Month-to-month,Yes,Electronic check,97.66,352.6,No
Female,1,Yes,No,55.0,Yes,Yes,Fiber optic,Yes,No,Yes,No,Yes,No,Month-to-month,Yes,Bank transfer (automatic),100.57,5527.65,Yes
Male,0,No,No,16.0,Yes,No,Fiber optic,No,No,Yes,No,Yes,No,Month-to-month,Yes,Electronic check,93.22,1391.16,Yes
Female,1,Yes,Yes,20.0,Yes,No,Fiber optic,No,No,No,No,Yes,No,Month-to-month,No,Bank transfer (automatic),82.6,1690.86,Yes
Female,1,Yes,No,8.0,Yes,Yes,Fiber optic,No,No,Yes,Yes,Yes,Yes,Month-to-month,Yes,Bank transfer (automatic),103.9,1000.4,Yes
Male,1,Yes,No,2.0,Yes,No,Fiber optic,No,No,No,Yes,Yes,Yes,Month-to-month,Yes,Electronic check,103.05,248.03,Yes
Male,0,No,No,27.0,Yes,Yes,Fiber optic,No,Yes,Yes,No,Yes,Yes,Month-to-month,Yes,Bank transfer (automatic),108.97,2788.23,No
Female,0,No,No,29.0,Yes,No,Fiber optic,No,Yes,Yes,No,Yes,Yes,Month-to-month,Yes,Electronic check,98.42,2997.69,No
Female,1,No,No,26.0,Yes,Yes,Fiber optic,No,No,No,No,Yes,Yes,Month-to-month,Yes,Mailed check,96.77,2696.07,No
Female,1,Yes,No,72.0,Yes,Yes,Fiber optic,No,Yes,Yes,No,Yes,Yes,Month-to-month,Yes,Electronic check,108.03,8449.73,Yes
Female,0,No,No,18.0,Yes,Yes,Fiber optic,No,Yes,No,No,Yes,Yes,Month-to-month,Yes,Electronic check,96.8,1788.12,Yes
Female,1,No,No,30.0,Yes,Yes,Fiber optic,No,Yes,No,Yes,Yes,Yes,Month-to-month,Yes,Bank transfer (automatic),108.52,3358.76,No
Male,1,Yes,Yes,26.0,Yes,No,Fiber optic,No,No,No,Yes,Yes,No,Month-to-month,Yes,Electronic check,90.06,2160.81,Yes
Female,0,No,No,18.0,Yes,Yes,Fiber optic,No,No,Yes,No,Yes,No,Month-to-month,Yes,Electronic check,91.28,1541.81,Yes
Female,0,Yes,No,46.0,Yes,Yes,Fiber optic,No,No,No,Yes,Yes,Yes,Month-to-month,Yes,Bank transfer (automatic),89.93,4372.59,Yes
Male,1,Yes,Yes,20.0,Yes,Yes,Fiber optic,Yes,No,No,No,Yes,Yes,Month-to-month,No,Mailed check,98.28,2182.95,Yes
Male,1,Yes,No,46.0,Yes,Yes,Fiber optic,No,No,No,No,Yes,Yes,Month-to-month,Yes,Bank transfer (automatic),94.03,4210.09,No
Male,1,Yes,No,33.0,Yes,No,Fiber optic,No,Yes,Yes,Yes,Yes,No,Month-to-month,No,Electronic check,91.77,3193.49,No
Male,0,Yes,Yes,57.0,Yes,Yes,Fiber optic,Yes,Yes,Yes,No,Yes,Yes,Month-to-month,Yes,Electronic check,114.07,6116.76,Yes
Female,0,No,No,38.0,Yes,Yes,Fiber optic,Yes,No,No,No,Yes,No,Month-to-month,No,Bank transfer (automatic),95.44,3784.06,No
Male,0,Yes,No,66.0,Yes,Yes,Fiber optic,No,Yes,Yes,No,Yes,Yes,Month-to-month,Yes,Mailed check,110.94,6860.05,Yes
Female,0,No,No,0.0,Yes,Yes,Fiber optic,No,No,No,No,Yes,No,Month-to-month,Yes,Electronic check,87.59,0.0,Yes
Female,0,Yes,Yes,20.0,Yes,No,Fiber optic,No,Yes,No,No,Yes,No,Month-to-month,Yes,Electronic check,86.03,1650.32,No
Female,0,No,No,7.0,Yes,No,Fiber optic,Yes,No,No,No,Yes,Yes,Month-to-month,Yes,Electronic check,87.04,499.54,Yes
Female,0,No,No,50.0,Yes,Yes,Fiber optic,No,Yes,No,No,Yes,Yes,Month-to-month,No,Electronic check,109.74,5462.88,Yes
Male,0,Yes,No,23.0,Yes,Yes,Fiber optic,No,No,No,No,Yes,No,Month-to-month,Yes,Bank transfer (automatic),88.09,1661.17,Yes
Male,0,Yes,No,0.0,Yes,Yes,Fiber optic,No,No,No,No,Yes,Yes,Month-to-month,Yes,Electronic check,95.42,0.0,Yes
Male,1,Yes,No,25.0,Yes,No,Fiber optic,No,No,No,No,Yes,Yes,Month-to-month,Yes,Electronic check,89.83,2339.24,No
Female,0,Yes,Yes,64.0,Yes,No,Fiber optic,Yes,No,No,Yes,Yes,No,Month-to-month,Yes,Mailed check,96.52,6197.15,Yes
Male,0,No,No,21.0,Yes,No,Fiber optic,No,Yes,No,No,Yes,No,Month-to-month,No,Electronic check,85.26,1605.87,Yes
Female,0,No,Yes,13.0,Yes,Yes,Fiber optic,No,No,No,Yes,Yes,Yes,Month-to-month,Yes,Electronic check,102.59,1211.88,Yes
Female,0,Yes,No,59.0,Yes,No,Fiber optic,No,No,Yes,Yes,Yes,Yes,Month-to-month,Yes,Electronic check,104.03,6092.52,No
Female,0,No,No,40.0,Yes,No,Fiber optic,No,No,No,No,Yes,Yes,Month-to-month,No,Electronic check,91.4,3668.01,Yes
Male,0,Yes,No,2.0,Yes,Yes,Fiber optic,No,No,No,Yes,Yes,Yes,Month-to-month,Yes,Electronic check,102.36,246.39,Yes
Female,0,No,No,24.0,Yes,No,Fiber optic,No,No,No,No,Yes,Yes,Month-to-month,Yes,Electronic check,96.74,1940.51,Yes
Male,0,Yes,No,34.0,Yes,Yes,Fiber optic,No,No,No,No,Yes,No,Month-to-month,Yes,Electronic check,89.38,3450.73,Yes
Female,0,Yes,Yes,27.0,Yes,No,Fiber optic,No,No,No,No,Yes,No,Month-to-month,Yes,Electronic check,81.74,2213.89,Yes
Female,0,No,No,49.0,Yes,Yes,Fiber optic,No,Yes,Yes,Yes,Yes,Yes,Month-to-month,Yes,Bank transfer (automatic),110.93,5618.77,Yes
Female,1,Yes,No,17.0,Yes,Yes,Fiber optic,Yes,No,No,No,Yes,Yes,Month-to-month,Yes,Electronic check,98.8,2021.48,No
Male,1,Yes,No,19.0,Yes,No,Fiber optic,Yes,No,No,No,Yes,Yes,Month-to-month,No,Electronic check,96.56,1948.78,Yes
Male,0,Yes,No,0.0,Yes,No,Fiber optic,Yes,No,No,Yes,Yes,No,Month-to-month,Yes,Mailed check,83.58,0.0,No
Male,0,No,No,2.0,Yes,Yes,Fiber optic,No,No,Yes,No,Yes,No,Month-to-month,No,Electronic check,91.58,150.18,Yes
Male,0,No,No,30.0,Yes,Yes,Fiber optic,No,No,Yes,No,Yes,Yes,Month-to-month,Yes,Electronic check,107.9,2957.89,Yes
Male,1,No,No,41.0,Yes,Yes,Fiber optic,No,No,No,No,Yes,Yes,Month-to-month,No,Bank transfer (automatic),98.47,3925.78,Yes
Male,0,No,No,8.0,Yes,Yes,Fiber optic,No,No,No,No,Yes,No,Month-to-month,Yes,Electronic check,91.03,621.44,Yes
Male,0,Yes,No,16.0,Yes,Yes,Fiber optic,No,Yes,No,No,Yes,Yes,Month-to-month,Yes,Electronic check,107.77,2075.33,Yes
Female,1,No,No,7.0,Yes,Yes,Fiber optic,No,No,No,No,Yes,Yes,Month-to-month,Yes,Bank transfer (automatic),100.2,844.13,Yes
Male,1,No,No,32.0,Yes,Yes,Fiber optic,No,No,Yes,Yes,Yes,Yes,Month-to-month,Yes,Electronic check,105.45,3123.39,Yes
Female,0,No,No,35.0,Yes,Yes,Fiber optic,Yes,Yes,Yes,Yes,Yes,Yes,Month-to-month,No,Electronic check,103.5,3553.95,No
Female,1,Yes,No,2.0,Yes,No,Fiber optic,No,No,No,Yes,Yes,Yes,Month-to-month,Yes,Mailed check,85.63,140.42,Yes
Male,1,No,Yes,72.0,Yes,Yes,Fiber optic,No,Yes,No,No,Yes,Yes,Month-to-month,Yes,Electronic check,94.14,7850.29,No
Female,0,No,Yes,4.0,Yes,Yes,Fiber optic,No,Yes,No,No,Yes,Yes,Month-to-month,Yes,Electronic check,92.66,446.07,Yes
Male,0,No,No,15.0,Yes,No,Fiber optic,No,No,No,No,Yes,No,Month-to-month,Yes,Bank transfer (automatic),81.51,1072.94,Yes
Female,1,Yes,No,54.0,Yes,Yes,Fiber optic,No,Yes,Yes,No,Yes,Yes,Month-to-month,No,Electronic check,99.51,5364.1,Yes
Male,1,No,No,11.0,Yes,Yes,Fiber optic,No,No,No,No,Yes,No,Month-to-month,Yes,Electronic check,77.97,703.19,Yes
Female,0,Yes,No,10.0,Yes,No,Fiber optic,No,No,No,No,Yes,Yes,Month-to-month,Yes,Bank transfer (automatic),90.23,785.93,No
Female,0,Yes,No,49.0,Yes,Yes,Fiber optic,No,Yes,No,No,Yes,Yes,Month-to-month,Yes,Electronic check,99.75,4888.96,Yes
Female,1,Yes,No,7.0,Yes,Yes,Fiber optic,No,Yes,Yes,No,Yes,No,Month-to-month,No,Electronic check,97.2,617.78,Yes
Male,1,Yes,No,15.0,Yes,No,Fiber optic,No,No,No,No,Yes,Yes,Month-to-month,Yes,Electronic check,90.82,1478.97,No
Female,0,No,No,9.0,Yes,Yes,Fiber optic,No,No,No,No,Yes,Yes,Month-to-month,No,Electronic check,91.34,762.21,No
Female,0,No,No,29.0,Yes,Yes,Fiber optic,No,No,No,No,Yes,Yes,Month-to-month,Yes,Electronic check,96.75,2691.22,Yes
Female,0,No,No,40.0,Yes,No,Fiber optic,No,Yes,No,Yes,Yes,Yes,Month-to-month,Yes,Electronic check,94.77,3580.53,No
Male,0,No,No,23.0,Yes,Yes,Fiber optic,Yes,No,No,No,Yes,Yes,Month-to-month,Yes,Electronic check,101.49,2212.53,Yes
Male,0,Yes,No,17.0,Yes,No,Fiber optic,Yes,No,No,No,Yes,Yes,Month-to-month,No,Mailed check,95.45,1594.41,Yes
Female,0,Yes,No,43.0,Yes,Yes,Fiber optic,No,No,No,No,Yes,No,Month-to-month,Yes,Electronic check,90.65,4277.52,Yes
Male,0,Yes,No,7.0,Yes,No,Fiber optic,No,No,No,No,Yes,No,Month-to-month,No,Mailed check,84.12,497.45,No
Male,1,No,Yes,41.0,Yes,Yes,Fiber optic,No,Yes,No,Yes,Yes,Yes,Month-to-month,Yes,Bank transfer (automatic),110.04,4205.05,No
Male,1,No,No,25.0,Yes,Yes,Fiber optic,No,Yes,No,No,Yes,Yes,Month-to-month,Yes,Electronic check,97.93,2500.85,No
Female,0,Yes,Yes,0.0,Yes,No,Fiber optic,No,No,No,No,Yes,No,Month-to-month,Yes,Bank transfer (automatic),77.64,0.0,No
Male,1,No,No,42.0,Yes,No,Fiber optic,No,No,No,No,Yes,Yes,Month-to-month,No,Electronic check,91.74,3852.3,No
Male,1,Yes,No,34.0,Yes,Yes,Fiber optic,No,Yes,Yes,No,Yes,Yes,Month-to-month,Yes,Bank transfer (automatic),100.47,3298.23,Yes
Male,1,Yes,No,56.0,Yes,Yes,Fiber optic,Yes,No,Yes,No,Yes,Yes,Month-to-month,Yes,Electronic check,110.87,5654.97,No
Male,1,No,No,23.0,Yes,Yes,Fiber optic,No,No,No,No,Yes,Yes,Month-to-month,Yes,Electronic check,94.38,2165.61,No
Female,0,No,Yes,11.0,Yes,No,Fiber optic,No,Yes,Yes,Yes,Yes,Yes,Month-to-month,Yes,Bank transfer (automatic),108.6,1437.68,No
Female,1,Yes,Yes,0.0,Yes,No,Fiber optic,No,No,Yes,Yes,Yes,No,Month-to-month,Yes,Electronic check,89.96,0.0,Yes
Male,0,Yes,No,12.0,Yes,Yes,Fiber optic,No,No,Yes,No,Yes,Yes,Month-to-month,No,Electronic check,104.4,1080.63,No
Female,0,Yes,No,28.0,Yes,Yes,Fiber optic,No,No,Yes,Yes,Yes,Yes,Month-to-month,No,Bank transfer (automatic),100.47,2364.47,No
Male,1,Yes,No,0.0,Yes,No,Fiber optic,No,No,Yes,No,Yes,No,Month-to-month,Yes,Electronic check,87.92,0.0,Yes
Female,0,Yes,Yes,23.0,Yes,Yes,Fiber optic,No,Yes,No,No,Yes,Yes,Month-to-month,Yes,Mailed check,90.85,2254.77,Yes
Male,1,Yes,No,18.0,Yes,No,Fiber optic,No,No,No,No,Yes,No,Month-to-month,Yes,Bank transfer (automatic),82.94,1501.56,No
Female,1,Yes,No,6.0,Yes,Yes,Fiber optic,No,No,No,No,Yes,No,Month-to-month,Yes,Bank transfer (automatic),87.83,432.07,Yes
Female,1,Yes,No,0.0,Yes,Yes,Fiber optic,No,No,Yes,Yes,Yes,No,Month-to-month,No,Electronic check,86.26,0.0,Yes
Male,0,Yes,No,23.0,Yes,Yes,Fiber optic,No,No,No,No,Yes,Yes,Month-to-month,Yes,Electronic check,93.32,2130.28,Yes
Female,1,Yes,No,10.0,Yes,No,Fiber optic,No,No,No,No,Yes,No,Month-to-month,Yes,Bank transfer (automatic),84.36,693.97,Yes
Male,1,No,No,34.0,Yes,Yes,Fiber optic,No,No,Yes,No,Yes,No,Month-to-month,No,Electronic check,90.31,3039.09,No
Male,1,Yes,No,31.0,Yes,Yes,Fiber optic,No,Yes,No,No,Yes,Yes,Month-to-month,Yes,Electronic check,97.54,2592.67,Yes
Female,0,No,No,0.0,Yes,No,Fiber optic,No,Yes,No,Yes,Yes,Yes,Month-to-month,Yes,Electronic check,92.76,0.0,Yes
Male,0,No,No,29.0,Yes,Yes,Fiber optic,No,Yes,No,No,Yes,Yes,Month-to-month,No,Bank transfer (automatic),97.71,2611.69,Yes
Male,0,No,No,24.0,Yes,Yes,Fiber optic,No,No,No,Yes,Yes,No,Month-to-month,No,Electronic check,97.88,2241.07,Yes
Female,0,Yes,Yes,31.0,Yes,Yes,Fiber optic,Yes,No,No,No,Yes,Yes,Month-to-month,Yes,Electronic check,97.0,3060.8,Yes
Male,1,No,No,13.0,Yes,Yes,Fiber optic,No,Yes,No,No,Yes,Yes,Month-to-month,Yes,Mailed check,104.49,1609.38,Yes
Male,0,Yes,No,62.0,Yes,Yes,Fiber optic,Yes,No,Yes,No,Yes,No,Month-to-month,No,Bank transfer (automatic),99.25,6064.77,No
Female,0,No,No,45.0,Yes,No,Fiber optic,No,No,Yes,No,Yes,Yes,Month-to-month,Yes,Bank transfer (automatic),99.51,4785.85,No
Female,0,No,No,33.0,Yes,Yes,Fiber optic,No,No,No,No,Yes,Yes,Month-to-month,Yes,Electronic check,94.99,3118.04,Yes
Male,0,Yes,No,32.0,Yes,No,Fiber optic,No,No,No,No,Yes,No,Month-to-month,Yes,Electronic check,77.69,2873.63,No
Male,0,No,No,44.0,Yes,Yes,Fiber optic,No,Yes,Yes,No,Yes,Yes,Month-to-month,Yes,Bank transfer (automatic),115.71,4416.69,No
Female,1,No,No,30.0,Yes,No,Fiber optic,No,No,No,Yes,Yes,Yes,Month-to-month,Yes,Electronic check,97.83,3333.78,No
Female,0,No,No,43.0,Yes,Yes,Fiber optic,No,No,No,No,Yes,Yes,Month-to-month,Yes,Electronic check,85.46,4086.86,Yes
Female,0,No,No,0.0,Yes,No,Fiber optic,No,No,No,No,Yes,No,Month-to-month,Yes,Electronic check,80.43,0.0,No
Male,0,No,Yes,11.0,Yes,No,Fiber optic,No,Yes,No,No,Yes,No,Month-to-month,Yes,Electronic check,91.75,1098.71,Yes
Female,0,No,No,8.0,Yes,No,Fiber optic,No,No,No,No,Yes,Yes,Month-to-month,Yes,Electronic check,89.97,590.16,Yes
Female,0,No,No,43.0,Yes,Yes,Fiber optic,No,Yes,No,Yes,Yes,No,Month-to-month,Yes,Bank transfer (automatic),95.99,4021.84,No
Female,0,No,No,18.0,Yes,Yes,Fiber optic,No,No,Yes,No,Yes,Yes,Month-to-month,Yes,Electronic check,99.83,1896.96,No
Male,0,Yes,No,33.0,Yes,Yes,Fiber optic,No,Yes,No,Yes,Yes,No,Month-to-month,No,Electronic check,95.09,3437.84,No
Male,0,Yes,No,4.0,Yes,No,Fiber optic,No,Yes,Yes,Yes,Yes,No,Month-to-month,Yes,Bank transfer (automatic),85.88,281.65,Yes
Female,0,No,No,0.0,Yes,No,Fiber optic,No,No,Yes,No,Yes,No,Month-to-month,No,Electronic check,81.33,0.0,Yes
Female,1,Yes,No,48.0,Yes,Yes,Fiber optic,No,No,Yes,No,Yes,No,Month-to-month,Yes,Electronic check,96.96,4656.52,No
Male,0,Yes,Yes,38.0,Yes,Yes,Fiber optic,No,No,Yes,No,Yes,Yes,Month-to-month,Yes,Electronic check,101.86,3739.94,No
Male,0,Yes,Yes,41.0,Yes,Yes,Fiber optic,Yes,Yes,Yes,Yes,Yes,Yes,Month-to-month,Yes,Bank transfer (automatic),114.7,4218.2,Yes
Female,1,Yes,No,25.0,Yes,Yes,Fiber optic,No,Yes,No,Yes,Yes,No,Month-to-month,Yes,Electronic check,103.35,2216.13,No
Female,0,Yes,No,1.0,Yes,Yes,Fiber optic,No,No,Yes,No,Yes,Yes,Month-to-month,Yes,Electronic check,97.71,117.6,Yes
Female,0,No,No,21.0,Yes,Yes,Fiber optic,No,Yes,No,Yes,Yes,Yes,Month-to-month,Yes,Electronic check,101.74,2177.56,Yes
Male,0,Yes,No,54.0,Yes,Yes,Fiber optic,No,No,No,No,Yes,Yes,Month-to-month,Yes,Electronic check,97.34,5130.11,No
Male,1,Yes,Yes,35.0,Yes,Yes,Fiber optic,No,Yes,Yes,Yes,Yes,Yes,Month-to-month,Yes,Bank transfer (automatic),109.47,3894.07,Yes
Male,0,Yes,No,1.0,Yes,Yes,Fiber optic,No,No,Yes,No,Yes,Yes,Month-to-month,Yes,Bank transfer (automatic),94.58,77.55,Yes
Male,1,No,No,10.0,Yes,No,Fiber optic,Yes,Yes,No,Yes,Yes,Yes,Month-to-month,Yes,Electronic check,102.41,1143.5,Yes
Female,1,Yes,Yes,24.0,Yes,Yes,Fiber optic,Yes,No,No,Yes,Yes,Yes,Month-to-month,No,Electronic check,98.07,2483.14,No
Male,0,No,No,20.0,Yes,No,Fiber optic,No,No,Yes,Yes,Yes,Yes,Month-to-month,Yes,Electronic check,100.38,1824.95,Yes
Female,0,Yes,No,42.0,Yes,Yes,Fiber optic,Yes,Yes,Yes,Yes,Yes,Yes,Month-to-month,Yes,Electronic check,109.94,4230.18,No
Female,0,No,No,3.0,Yes,Yes,Fiber optic,No,No,Yes,No,Yes,Yes,Month-to-month,Yes,Bank transfer (automatic),96.97,350.12,Yes
Male,0,Yes,No,10.0,Yes,No,Fiber optic,No,Yes,No,No,Yes,No,Month-to-month,Yes,Electronic check,90.72,1091.85,No
Female,1,Yes,No,0.0,Yes,No,Fiber optic,No,No,No,No,Yes,Yes,Month-to-month,Yes,Electronic check,87.58,0.0,Yes
Female,1,Yes,Yes,35.0,Yes,Yes,Fiber optic,No,No,Yes,No,Yes,Yes,Month-to-month,Yes,Electronic check,108.36,3657.9,Yes
Female,1,Yes,No,32.0,Yes,No,Fiber optic,Yes,No,No,Yes,Yes,No,Month-to-month,No,Bank transfer (automatic),93.54,3219.26,No
Female,1,No,No,33.0,Yes,No,Fiber optic,No,No,No,No,Yes,Yes,Month-to-month,Yes,Electronic check,93.98,2807.87,No
Female,0,No,No,5.0,Yes,Yes,Fiber optic,No,No,Yes,No,Yes,Yes,Month-to-month,Yes,Electronic check,95.99,577.6,Yes
Male,0,No,No,0.0,Yes,Yes,Fiber optic,No,No,No,No,Yes,No,Month-to-month,Yes,Electronic check,76.37,0.0,Yes
Male,0,Yes,No,19.0,Yes,No,Fiber optic,Yes,Yes,Yes,Yes,Yes,No,Month-to-month,Yes,Electronic check,100.82,2305.49,Yes
Male,1,Yes,No,16.0,Yes,No,Fiber optic,No,Yes,No,No,Yes,Yes,Month-to-month,Yes,Electronic check,93.8,1572.16,Yes
Male,1,No,No,5.0,Yes,No,Fiber optic,No,No,No,No,Yes,Yes,Month-to-month,Yes,Electronic check,95.31,390.72,Yes
Female,0,No,No,16.0,Yes,Yes,Fiber optic,Yes,No,No,No,Yes,Yes,Month-to-month,Yes,Bank transfer (automatic),101.26,1790.54,Yes
Male,0,No,Yes,24.0,Yes,No,Fiber optic,No,Yes,No,No,Yes,No,Month-to-month,No,Electronic check,83.9,1894.34,No
Female,0,Yes,No,14.0,Yes,No,Fiber optic,No,No,No,No,Yes,No,Month-to-month,Yes,Electronic check,79.96,1094.28,Yes
Male,1,No,No,33.0,Yes,Yes,Fiber optic,No,Yes,Yes,No,Yes,Yes,Month-to-month,Yes,Electronic check,102.42,3902.34,Yes
Male,0,Yes,No,30.0,Yes,No,Fiber optic,Yes,No,Yes,No,Yes,Yes,Month-to-month,Yes,Bank transfer (automatic),93.21,2719.77,No
Female,0,No,No,17.0,Yes,Yes,Fiber optic,No,Yes,No,No,Yes,No,Month-to-month,No,Electronic check,92.5,1621.62,Yes
Male,0,No,Yes,0.0,Yes,No,Fiber optic,Yes,Yes,No,No,Yes,No,Month-to-month,Yes,Electronic check,94.29,0.0,No
Male,0,No,No,27.0,Yes,Yes,Fiber optic,No,No,No,No,Yes,Yes,Month-to-month,Yes,Electronic check,97.94,2694.3,No
Male,0,Yes,No,36.0,Yes,No,Fiber optic,No,No,Yes,No,Yes,No,Month-to-month,Yes,Electronic check,91.34,3502.13,No
Male,0,Yes,No,42.0,Yes,Yes,Fiber optic,No,Yes,Yes,Yes,Yes,No,Month-to-month,Yes,Bank transfer (automatic),106.35,4041.6,No
Male,1,No,No,3.0,Yes,Yes,Fiber optic,No,No,No,No,Yes,No,Month-to-month,No,Electronic check,79.77,196.22,No
Male,0,No,No,26.0,Yes,Yes,Fiber optic,No,No,Yes,No,Yes,Yes,Month-to-month,Yes,Electronic check,103.61,3242.04,No
Female,0,No,No,27.0,Yes,No,Fiber optic,Yes,Yes,Yes,No,Yes,Yes,Month-to-month,Yes,Electronic check,100.53,2827.62,No
Male,1,Yes,No,24.0,Yes,Yes,Fiber optic,No,No,No,No,Yes,Yes,Month-to-month,No,Electronic check,94.37,2239.24,No
Female,1,No,No,49.0,Yes,Yes,Fiber optic,No,Yes,No,Yes,Yes,No,Month-to-month,Yes,Mailed check,95.96,5020.83,No
Male,0,Yes,No,15.0,Yes,Yes,Fiber optic,No,Yes,No,No,Yes,No,Month-to-month,Yes,Electronic check,89.71,1159.46,Yes
Male,0,No,No,0.0,Yes,No,Fiber optic,No,No,No,No,Yes,No,Month-to-month,Yes,Electronic check,76.73,0.0,Yes
Male,0,Yes,Yes,30.0,Yes,Yes,Fiber optic,No,No,Yes,Yes,Yes,Yes,Month-to-month,Yes,Electronic check,108.63,3183.97,No
Male,1,Yes,No,0.0,Yes,Yes,Fiber optic,No,No,Yes,No,Yes,Yes,Month-to-month,Yes,Electronic check,90.42,0.0,Yes
Male,0,No,No,33.0,Yes,No,Fiber optic,No,Yes,No,Yes,Yes,No,Month-to-month,Yes,Electronic check,98.51,3351.52,No
Male,0,No,Yes,31.0,Yes,No,Fiber optic,No,No,No,No,Yes,Yes,Month-to-month,Yes,Mailed check,85.42,2816.46,Yes
Female,0,No,Yes,5.0,Yes,No,Fiber optic,No,Yes,No,No,Yes,Yes,Month-to-month,Yes,Electronic check,93.11,381.71,No
Male,0,No,No,24.0,Yes,Yes,Fiber optic,No,Yes,Yes,No,Yes,Yes,Month-to-month,Yes,Electronic check,106.99,2612.91,Yes
Male,0,No,Yes,16.0,Yes,No,Fiber optic,No,Yes,No,No,Yes,Yes,Month-to-month,No,Electronic check,91.97,1606.3,No
Female,0,No,No,35.0,Yes,Yes,Fiber optic,Yes,Yes,Yes,No,Yes,Yes,Month-to-month,Yes,Electronic check,104.85,3702.58,No
Male,1,No,No,25.0,Yes,No,Fiber optic,No,No,No,No,Yes,No,Month-to-month,Yes,Electronic check,82.49,2070.95,No
Male,0,Yes,No,16.0,Yes,No,Fiber optic,No,No,No,No,Yes,No,Month-to-month,Yes,Electronic check,80.7,1503.45,No
Female,1,Yes,No,0.0,Yes,No,Fiber optic,No,No,No,No,Yes,No,Month-to-month,Yes,Electronic check,88.66,0.0,Yes
Male,0,Yes,Yes,30.0,Yes,Yes,Fiber optic,No,No,No,No,Yes,Yes,Month-to-month,Yes,Electronic check,94.96,3100.47,No
Male,0,No,Yes,32.0,Yes,No,Fiber optic,No,Yes,Yes,Yes,Yes,Yes,Month-to-month,Yes,Electronic check,94.88,3601.63,No
Female,1,Yes,No,0.0,Yes,No,Fiber optic,No,No,No,No,Yes,No,Month-to-month,No,Electronic check,78.01,0.0,Yes
Male,0,Yes,No,33.0,Yes,Yes,Fiber optic,No,Yes,No,No,Yes,No,Month-to-month,Yes,Electronic check,97.38,3460.38,No
Female,1,Yes,No,30.0,Yes,Yes,Fiber optic,Yes,No,Yes,Yes,Yes,No,Month-to-month,Yes,Electronic check,103.38,3061.72,No
Male,1,No,No,14.0,Yes,Yes,Fiber optic,No,Yes,No,No,Yes,No,Month-to-month,Yes,Electronic check,89.55,1027.94,Yes
Male,1,Yes,No,2.0,Yes,Yes,Fiber optic,No,No,No,No,Yes,Yes,Month-to-month,Yes,Bank transfer (automatic),91.7,150.38,Yes
Female,0,Yes,No,51.0,Yes,Yes,Fiber optic,No,No,No,No,Yes,No,Month-to-month,Yes,Mailed check,90.09,4966.76,Yes
Female,0,No,No,28.0,Yes,No,Fiber optic,Yes,No,No,No,Yes,Yes,Month-to-month,No,Bank transfer (automatic),96.31,2210.99,No
Female,0,No,Yes,10.0,Yes,No,Fiber optic,No,No,No,No,Yes,No,Month-to-month,No,Electronic check,84.17,855.3,No
Male,1,Yes,No,52.0,Yes,Yes,Fiber optic,No,Yes,Yes,Yes,Yes,Yes,Month-to-month,Yes,Electronic check,109.89,5604.19,Yes
Male,0,Yes,Yes,25.0,Yes,Yes,Fiber optic,No,No,Yes,No,Yes,Yes,Month-to-month,Yes,Electronic check,96.86,2221.09,Yes
Male,1,No,No,1.0,Yes,No,Fiber optic,No,No,No,No,Yes,No,Month-to-month,Yes,Electronic check,71.88,58.94,Yes
Female,0,No,No,16.0,Yes,Yes,Fiber optic,No,No,Yes,No,Yes,Yes,Month-to-month,Yes,Electronic check,95.98,1616.66,No
Female,1,Yes,No,17.0,Yes,Yes,Fiber optic,No,No,No,No,Yes,No,Month-to-month,Yes,Mailed check,89.36,1429.21,Yes
Male,0,No,No,36.0,Yes,Yes,Fiber optic,No,Yes,No,No,Yes,Yes,Month-to-month,Yes,Electronic check,98.4,3745.4,Yes
Male,0,No,No,4.0,Yes,No,Fiber optic,No,No,Yes,No,Yes,No,Month-to-month,Yes,Bank transfer (automatic),81.0,265.66,Yes
Male,0,No,No,0.0,Yes,No,Fiber optic,No,No,Yes,No,Yes,Yes,Month-to-month,Yes,Electronic check,91.95,0.0,No
Female,0,No,No,33.0,Yes,Yes,Fiber optic,Yes,No,No,No,Yes,No,Month-to-month,Yes,Mailed check,96.58,3647.23,Yes
Female,0,Yes,Yes,32.0,Yes,No,Fiber optic,No,No,No,No,Yes,Yes,Month-to-month,Yes,Mailed check,89.4,2661.51,No
Male,1,No,No,36.0,Yes,Yes,Fiber optic,No,Yes,Yes,Yes,Yes,No,Month-to-month,Yes,Electronic check,98.08,3621.24,Yes
Male,0,No,No,54.0,Yes,Yes,Fiber optic,No,Yes,Yes,No,Yes,Yes,Month-to-month,Yes,Electronic check,104.67,5674.2,No
Male,0,No,No,14.0,Yes,No,Fiber optic,No,No,Yes,No,Yes,No,Month-to-month,Yes,Bank transfer (automatic),88.9,1332.34,Yes
Male,0,Yes,Yes,3.0,Yes,No,Fiber optic,No,No,No,No,Yes,No,Month-to-month,Yes,Electronic check,81.75,201.08,Yes
Male,0,Yes,Yes,10.0,Yes,Yes,Fiber optic,No,No,Yes,Yes,Yes,No,Month-to-month,Yes,Bank transfer (automatic),96.99,816.97,Yes
Female,1,No,No,11.0,Yes,Yes,Fiber optic,No,Yes,Yes,Yes,Yes,No,Month-to-month,Yes,Electronic check,101.64,1254.53,No
Male,0,No,No,39.0,Yes,Yes,Fiber optic,No,Yes,No,Yes,Yes,No,Month-to-month,Yes,Electronic check,98.56,4346.34,No
Male,0,No,No,14.0,Yes,Yes,Fiber optic,Yes,Yes,No,No,Yes,No,Month-to-month,Yes,Mailed check,98.19,1287.2,No
Female,0,No,No,24.0,Yes,Yes,Fiber optic,No,Yes,No,No,Yes,Yes,Month-to-month,Yes,Electronic check,94.93,2406.4,Yes
Female,1,Yes,No,45.0,Yes,Yes,Fiber optic,No,Yes,Yes,No,Yes,Yes,Month-to-month,Yes,Electronic check,101.96,4639.34,Yes
Male,0,No,No,24.0,Yes,Yes,Fiber optic,No,Yes,No,No,Yes,Yes,Month-to-month,Yes,Bank transfer (automatic),99.94,2518.72,No
Male,0,No,No,49.0,Yes,No,Fiber optic,No,Yes,No,No,Yes,No,Month-to-month,Yes,Electronic check,85.85,4592.61,No
Female,1,No,No,0.0,Yes,No,Fiber optic,No,No,No,No,Yes,Yes,Month-to-month,Yes,Bank transfer (automatic),89.0,0.0,Yes
Female,0,No,Yes,16.0,Yes,Yes,Fiber optic,No,Yes,Yes,No,Yes,Yes,Month-to-month,Yes,Electronic check,101.88,1961.84,Yes
Female,0,Yes,No,38.0,Yes,Yes,Fiber optic,No,No,Yes,Yes,Yes,Yes,Month-to-month,Yes,Bank transfer (automatic),97.36,3873.97,Yes
Male,0,Yes,Yes,34.0,Yes,No,Fiber optic,No,Yes,No,No,Yes,Yes,Month-to-month,Yes,Electronic check,95.92,3336.1,Yes
Female,0,Yes,Yes,26.0,Yes,Yes,Fiber optic,No,No,No,Yes,Yes,No,Month-to-month,No,Electronic check,91.58,2449.31,No
Female,1,Yes,No,21.0,Yes,Yes,Fiber optic,Yes,No,No,Yes,Yes,Yes,Month-to-month,Yes,Electronic check,97.08,2086.75,Yes
Female,0,Yes,Yes,0.0,Yes,No,Fiber optic,No,No,No,Yes,Yes,No,Month-to-month,Yes,Electronic check,78.64,0.0,No
Female,1,No,Yes,17.0,Yes,No,Fiber optic,No,No,No,No,Yes,Yes,Month-to-month,Yes,Electronic check,89.59,1248.71,No
Male,1,Yes,No,35.0,Yes,No,Fiber optic,No,No,No,Yes,Yes,Yes,Month-to-month,No,Bank transfer (automatic),101.84,3291.21,Yes
Male,0,No,No,30.0,Yes,Yes,Fiber optic,No,Yes,No,No,Yes,No,Month-to-month,Yes,Mailed check,88.06,3106.92,Yes
Male,0,Yes,Yes,28.0,Yes,No,Fiber optic,Yes,No,Yes,Yes,Yes,Yes,Month-to-month,Yes,Electronic check,106.83,2834.26,No
Female,1,No,No,14.0,Yes,Yes,Fiber optic,No,No,Yes,No,Yes,Yes,Month-to-month,Yes,Bank transfer (automatic),91.54,1419.76,Yes
Male,1,No,No,24.0,Yes,Yes,Fiber optic,No,No,No,Yes,Yes,Yes,Month-to-month,Yes,Electronic check,108.23,2639.72,Yes
Female,1,No,No,15.0,Yes,No,Fiber optic,Yes,No,Yes,Yes,Yes,Yes,Month-to-month,Yes,Electronic check,102.88,1344.2,No
Female,0,No,No,29.0,Yes,No,Fiber optic,No,No,No,No,Yes,Yes,Month-to-month,Yes,Electronic check,84.8,2485.41,Yes
Female,1,Yes,Yes,32.0,Yes,Yes,Fiber optic,Yes,No,No,Yes,Yes,No,Month-to-month,No,Electronic check,93.91,2870.97,No
Female,0,No,No,33.0,Yes,Yes,Fiber optic,Yes,No,No,No,Yes,No,Month-to-month,Yes,Electronic check,92.93,3441.35,No
Female,1,No,No,16.0,Yes,No,Fiber optic,No,No,No,No,Yes,Yes,Month-to-month,No,Bank transfer (automatic),86.49,1149.26,No
Male,0,Yes,No,39.0,Yes,Yes,Fiber optic,No,Yes,No,No,Yes,Yes,Month-to-month,Yes,Mailed check,98.17,3792.07,Yes
Male,0,Yes,Yes,38.0,Yes,No,Fiber optic,Yes,Yes,Yes,Yes,Yes,Yes,Month-to-month,Yes,Bank transfer (automatic),99.58,3838.44,No
Female,0,No,Yes,0.0,Yes,No,Fiber optic,No,No,Yes,Yes,Yes,Yes,Month-to-month,Yes,Electronic check,97.71,0.0,Yes
Male,0,Yes,Yes,24.0,Yes,No,Fiber optic,No,Yes,Yes,No,Yes,Yes,Month-to-month,No,Electronic check,95.81,2219.36,Yes
Female,0,No,No,0.0,Yes,Yes,Fiber optic,No,No,No,No,Yes,Yes,Month-to-month,Yes,Bank transfer (automatic),100.31,0.0,Yes
Male,1,No,No,0.0,Yes,Yes,Fiber optic,No,No,No,No,Yes,Yes,Month-to-month,Yes,Electronic check,93.23,0.0,Yes
Male,1,No,No,13.0,Yes,Yes,Fiber optic,No,Yes,No,Yes,Yes,No,Month-to-month,Yes,Electronic check,89.26,1190.91,Yes
Female,1,Yes,Yes,6.0,Yes,No,Fiber optic,No,Yes,Yes,Yes,Yes,No,Month-to-month,Yes,Electronic check,97.27,564.61,Yes
Male,0,No,Yes,19.0,Yes,No,Fiber optic,No,Yes,No,Yes,Yes,Yes,Month-to-month,Yes,Electronic check,99.71,2263.63,No
Female,1,Yes,No,30.0,Yes,Yes,Fiber optic,No,Yes,Yes,No,Yes,Yes,Month-to-month,Yes,Bank transfer (automatic),103.55,3292.83,Yes
Male,1,Yes,No,11.0,Yes,Yes,Fiber optic,No,No,No,No,Yes,Yes,Month-to-month,Yes,Electronic check,93.38,842.17,Yes
Female,0,Yes,No,29.0,Yes,No,Fiber optic,No,Yes,Yes,No,Yes,No,Month-to-month,No,Electronic check,82.06,2864.01,No
Male,0,No,No,37.0,Yes,Yes,Fiber optic,No,Yes,No,No,Yes,No,Month-to-month,Yes,Electronic check,95.24,3815.53,Yes
Female,0,Yes,Yes,15.0,Yes,Yes,Fiber optic,No,No,No,No,Yes,Yes,Month-to-month,No,Mailed check,94.43,1607.73,Yes
Female,0,Yes,No,30.0,Yes,Yes,Fiber optic,No,No,Yes,No,Yes,Yes,Month-to-month,No,Electronic check,94.99,2878.01,Yes
Male,0,No,Yes,10.0,Yes,No,Fiber optic,Yes,No,No,Yes,Yes,No,Month-to-month,No,Electronic check,88.31,901.62,Yes
Female,1,Yes,Yes,37.0,Yes,Yes,Fiber optic,No,Yes,Yes,No,Yes,No,Month-to-month,Yes,Electronic check,94.21,3612.27,Yes
Male,1,No,No,0.0,Yes,Yes,Fiber optic,No,No,No,No,Yes,Yes,Month-to-month,Yes,Bank transfer (automatic),92.21,0.0,Yes
Female,0,Yes,Yes,47.0,Yes,Yes,Fiber optic,No,Yes,Yes,No,Yes,Yes,Month-to-month,Yes,Electronic check,107.14,4557.15,Yes
Female,0,No,No,32.0,Yes,No,Fiber optic,Yes,Yes,Yes,Yes,Yes,No,Month-to-month,Yes,Electronic check,99.58,3442.04,Yes
Female,1,Yes,No,72.0,Yes,Yes,Fiber optic,No,Yes,Yes,Yes,Yes,Yes,Month-to-month,No,Bank transfer (automatic),107.72,7576.7,No
Male,1,No,No,6.0,Yes,Yes,Fiber optic,No,No,Yes,No,Yes,No,Month-to-month,No,Mailed check,92.22,453.68,No
Female,1,Yes,No,1.0,Yes,No,Fiber optic,No,No,No,No,Yes,Yes,Month-to-month,Yes,Electronic check,88.94,107.04,No
Female,0,No,No,0.0,Yes,No,Fiber optic,No,No,No,Yes,Yes,Yes,Month-to-month,Yes,Electronic check,87.68,0.0,No
Female,0,Yes,Yes,28.0,Yes,Yes,Fiber optic,No,Yes,No,No,Yes,Yes,Month-to-month,Yes,Bank transfer (automatic),102.15,2638.31,No
Male,0,No,No,54.0,Yes,Yes,Fiber optic,Yes,Yes,Yes,Yes,Yes,No,Month-to-month,Yes,Electronic check,99.99,5458.63,No
Male,0,Yes,No,39.0,Yes,Yes,Fiber optic,Yes,Yes,Yes,No,Yes,Yes,Month-to-month,Yes,Mailed check,109.34,4261.84,Yes
Male,0,Yes,No,21.0,Yes,No,Fiber optic,No,Yes,No,No,Yes,No,Month-to-month,Yes,Electronic check,92.1,2070.31,No
Male,0,No,No,43.0,Yes,Yes,Fiber optic,No,No,Yes,Yes,Yes,Yes,Month-to-month,Yes,Bank transfer (automatic),108.95,4435.08,No
Female,0,No,No,15.0,Yes,No,Fiber optic,No,No,Yes,No,Yes,Yes,Month-to-month,No,Electronic check,88.12,1480.38,No
Male,0,No,No,0.0,Yes,No,Fiber optic,No,No,No,No,Yes,Yes,Month-to-month,No,Electronic check,83.32,0.0,Yes
Male,0,No,Yes,3.0,Yes,Yes,Fiber optic,No,No,No,No,Yes,No,Month-to-month,No,Electronic check,82.73,298.69,Yes
Male,0,No,No,34.0,Yes,Yes,Fiber optic,No,No,No,No,Yes,Yes,Month-to-month,No,Electronic check,91.21,3209.41,Yes
Female,1,No,No,14.0,Yes,No,Fiber optic,No,No,Yes,No,Yes,Yes,Month-to-month,Yes,Electronic check,93.94,1192.97,Yes
Male,0,No,Yes,22.0,Yes,No,Fiber optic,No,No,Yes,Yes,Yes,No,Month-to-month,Yes,Bank transfer (automatic),96.07,2019.65,Yes
Female,0,No,No,8.0,Yes,No,Fiber optic,No,Yes,No,No,Yes,Yes,Month-to-month,Yes,Mailed check,92.53,606.97,No
Male,0,No,No,27.0,Yes,Yes,Fiber optic,No,No,Yes,No,Yes,Yes,Month-to-month,Yes,Bank transfer (automatic),98.08,2597.47,Yes
Male,1,No,No,14.0,Yes,No,Fiber optic,No,Yes,No,No,Yes,No,Month-to-month,Yes,Electronic check,89.72,1511.64,No
Male,0,No,No,9.0,Yes,Yes,Fiber optic,No,Yes,No,No,Yes,Yes,Month-to-month,No,Electronic check,100.08,957.13,Yes
Male,0,Yes,No,13.0,Yes,No,Fiber optic,No,Yes,No,No,Yes,No,Month-to-month,Yes,Electronic check,92.92,1302.47,No
Male,0,Yes,No,56.0,Yes,Yes,Fiber optic,Yes,No,Yes,No,Yes,Yes,Month-to-month,No,Bank transfer (automatic),107.26,5674.76,No
Female,1,No,No,51.0,Yes,Yes,Fiber optic,No,No,Yes,No,Yes,Yes,Month-to-month,Yes,Electronic check,103.5,4885.21,No
Female,1,Yes,No,41.0,Yes,Yes,Fiber optic,No,No,No,No,Yes,Yes,Month-to-month,Yes,Electronic check,98.26,4056.02,Yes
Female,0,No,No,0.0,Yes,No,Fiber optic,No,No,No,Yes,Yes,No,Month-to-month,Yes,Mailed check,82.7,0.0,Yes
Male,1,Yes,No,21.0,Yes,Yes,Fiber optic,No,No,Yes,No,Yes,Yes,Month-to-month,Yes,Bank transfer (automatic),97.46,2338.77,No
Female,1,No,No,42.0,Yes,Yes,Fiber optic,No,Yes,Yes,No,Yes,Yes,Month-to-month,Yes,Electronic check,107.6,4531.05,No
Female,0,Yes,No,33.0,Yes,No,Fiber optic,Yes,No,No,No,Yes,Yes,Month-to-month,Yes,Bank transfer (automatic),90.77,3412.87,Yes
Male,0,Yes,No,28.0,Yes,Yes,Fiber optic,No,Yes,No,No,Yes,Yes,Month-to-month,Yes,Electronic check,102.54,3118.88,Yes
Male,0,Yes,No,20.0,Yes,Yes,Fiber optic,No,Yes,Yes,No,Yes,Yes,Month-to-month,Yes,Electronic check,101.58,2385.12,Yes
Female,0,Yes,No,17.0,Yes,Yes,Fiber optic,Yes,No,No,No,Yes,No,Month-to-month,Yes,Electronic check,92.58,1716.75,Yes
Female,1,No,No,6.0,Yes,No,Fiber optic,No,No,No,No,Yes,Yes,Month-to-month,Yes,Electronic check,91.44,660.3,Yes
Female,0,No,No,22.0,Yes,Yes,Fiber optic,No,No,Yes,No,Yes,Yes,Month-to-month,No,Electronic check,97.57,2254.17,Yes
Male,0,Yes,No,15.0,Yes,No,Fiber optic,No,No,Yes,No,Yes,Yes,Month-to-month,Yes,Electronic check,97.26,1365.87,Yes
Male,1,Yes,No,15.0,Yes,Yes,Fiber optic,No,Yes,No,No,Yes,Yes,Month-to-month,No,Electronic check,90.11,1108.23,Yes
Female,1,No,No,12.0,Yes,Yes,Fiber optic,No,No,Yes,No,Yes,Yes,Month-to-month,Yes,Electronic check,96.6,1137.01,Yes
Female,0,Yes,No,41.0,Yes,Yes,Fiber optic,No,Yes,No,No,Yes,Yes,Month-to-month,Yes,Electronic check,99.31,4547.86,Yes
Male,0,No,No,8.0,Yes,Yes,Fiber optic,No,No,No,No,Yes,Yes,Month-to-month,Yes,Electronic check,91.96,806.37,Yes
Male,0,Yes,No,36.0,Yes,Yes,Fiber optic,No,No,Yes,No,Yes,Yes,Month-to-month,Yes,Electronic check,108.22,4166.15,Yes
Female,0,Yes,No,9.0,Yes,No,Fiber optic,No,Yes,Yes,Yes,Yes,Yes,Month-to-month,Yes,Electronic check,112.23,1215.6,Yes
Male,0,Yes,No,0.0,Yes,Yes,Fiber optic,No,No,No,No,Yes,No,Month-to-month,Yes,Electronic check,89.63,0.0,Yes
Female,0,Yes,No,25.0,Yes,Yes,Fiber optic,No,Yes,No,Yes,Yes,Yes,Month-to-month,Yes,Bank transfer (automatic),99.18,2891.73,Yes
Female,0,No,No,21.0,Yes,Yes,Fiber optic,No,No,Yes,No,Yes,Yes,Month-to-month,Yes,Electronic check,103.04,2065.84,Yes
Male,0,Yes,No,39.0,Yes,Yes,Fiber optic,Yes,Yes,No,No,Yes,Yes,Month-to-month,Yes,Electronic check,113.77,4059.02,Yes
Female,1,No,No,0.0,Yes,No,Fiber optic,No,No,No,No,Yes,No,Month-to-month,Yes,Bank transfer (automatic),79.61,0.0,Yes
Male,0,No,Yes,41.0,Yes,No,Fiber optic,No,No,No,No,Yes,Yes,Month-to-month,Yes,Bank transfer (automatic),94.94,4382.99,No
Female,1,Yes,No,14.0,Yes,No,Fiber optic,No,No,Yes,No,Yes,No,Month-to-month,Yes,Electronic check,89.79,1030.65,No
Male,1,No,No,0.0,Yes,No,Fiber optic,No,No,Yes,No,Yes,No,Month-to-month,Yes,Electronic check,83.92,0.0,Yes
Female,1,Yes,No,26.0,Yes,Yes,Fiber optic,No,No,Yes,No,Yes,No,Month-to-month,Yes,Electronic check,91.92,2588.33,No
Male,0,No,Yes,15.0,Yes,Yes,Fiber optic,No,No,No,Yes,Yes,Yes,Month-to-month,No,Mailed check,102.92,1703.63,No
Female,0,Yes,Yes,22.0,Yes,Yes,Fiber optic,Yes,Yes,No,No,Yes,Yes,Month-to-month,Yes,Electronic check,95.85,2152.16,No
Male,1,Yes,Yes,37.0,Yes,Yes,Fiber optic,No,Yes,No,Yes,Yes,Yes,Month-to-month,Yes,Electronic check,98.94,3832.98,No
Male,0,No,No,31.0,Yes,Yes,Fiber optic,No,No,No,No,Yes,No,Month-to-month,No,Bank transfer (automatic),84.14,2672.81,Yes
Male,0,No,No,0.0,Yes,No,Fiber optic,Yes,No,No,No,Yes,No,Month-to-month,No,Electronic check,89.93,0.0,Yes
Female,0,No,No,55.0,Yes,Yes,Fiber optic,Yes,No,No,No,Yes,Yes,Month-to-month,Yes,Electronic check,92.0,5061.93,No
Female,0,No,No,28.0,Yes,No,Fiber optic,No,No,Yes,No,Yes,No,Month-to-month,Yes,Electronic check,92.31,2481.38,No
Male,0,Yes,Yes,0.0,Yes,No,Fiber optic,No,No,Yes,No,Yes,Yes,Month-to-month,Yes,Electronic check,96.02,0.0,Yes
Male,0,Yes,No,45.0,Yes,Yes,Fiber optic,No,No,Yes,No,Yes,Yes,Month-to-month,Yes,Electronic check,107.44,4827.58,Yes
Female,0,No,No,5.0,Yes,No,Fiber optic,No,Yes,No,No,Yes,Yes,Month-to-month,Yes,Bank transfer (automatic),101.49,610.74,Yes
Male,0,No,No,36.0,Yes,Yes,Fiber optic,No,Yes,No,No,Yes,No,Month-to-month,Yes,Electronic check,87.52,3580.34,No
Female,1,Yes,No,53.0,Yes,Yes,Fiber optic,Yes,No,No,No,Yes,No,Month-to-month,Yes,Electronic check,92.16,5255.06,No
Female,0,No,No,39.0,Yes,Yes,Fiber optic,No,No,No,No,Yes,Yes,Month-to-month,Yes,Electronic check,98.49,3938.16,No
Male,1,Yes,No,49.0,Yes,Yes,Fiber optic,No,No,Yes,Yes,Yes,Yes,Month-to-month,Yes,Electronic check,104.63,4999.6,No
Female,0,Yes,No,27.0,Yes,Yes,Fiber optic,No,No,Yes,Yes,Yes,Yes,Month-to-month,Yes,Bank transfer (automatic),100.31,2793.2,No
Male,0,Yes,Yes,23.0,Yes,No,Fiber optic,No,No,No,No,Yes,No,Month-to-month,Yes,Electronic check,86.34,1878.69,No
Female,0,No,No,34.0,Yes,No,Fiber optic,No,Yes,Yes,No,Yes,Yes,Month-to-month,Yes,Electronic check,103.98,3573.9,Yes
Male,0,No,No,29.0,Yes,Yes,Fiber optic,No,No,Yes,No,Yes,Yes,Month-to-month,Yes,Bank transfer (automatic),93.53,2715.28,No
Female,1,Yes,No,33.0,Yes,Yes,Fiber optic,No,No,Yes,No,Yes,Yes,Month-to-month,Yes,Electronic check,94.93,3046.27,Yes
Male,0,No,No,36.0,Yes,Yes,Fiber optic,No,No,No,No,Yes,No,Month-to-month,Yes,Bank transfer (automatic),89.92,3586.94,No
Male,1,Yes,No,11.0,Yes,No,Fiber optic,No,No,No,No,Yes,No,Month-to-month,Yes,Electronic check,83.04,868.49,Yes
Male,1,No,No,29.0,Yes,No,Fiber optic,No,Yes,No,No,Yes,Yes,Month-to-month,Yes,Electronic check,95.75,2788.21,Yes
Male,1,Yes,No,21.0,Yes,No,Fiber optic,No,No,Yes,No,Yes,Yes,Month-to-month,Yes,Electronic check,93.58,2365.0,No
Male,0,Yes,No,64.0,Yes,Yes,Fiber optic,No,Yes,No,Yes,Yes,Yes,Month-to-month,Yes,Electronic check,110.65,6448.83,No
Female,0,No,No,33.0,Yes,Yes,Fiber optic,No,Yes,Yes,No,Yes,Yes,Month-to-month,Yes,Electronic check,105.22,3173.82,Yes
Female,1,No,No,36.0,Yes,Yes,Fiber optic,Yes,No,Yes,No,Yes,Yes,Month-to-month,Yes,Electronic check,101.48,3400.5,Yes
Female,0,No,No,47.0,Yes,Yes,Fiber optic,No,Yes,No,Yes,Yes,No,Month-to-month,Yes,Electronic check,93.36,4480.3,Yes
Male,0,Yes,No,7.0,Yes,Yes,Fiber optic,No,No,Yes,No,Yes,No,Month-to-month,Yes,Electronic check,92.81,781.85,No
Male,0,Yes,Yes,39.0,Yes,Yes,Fiber optic,No,No,No,Yes,Yes,Yes,Month-to-month,Yes,Electronic check,101.4,4100.55,Yes
Male,0,No,No,0.0,Yes,Yes,Fiber optic,Yes,No,Yes,No,Yes,Yes,Month-to-month,No,Electronic check,105.36,0.0,Yes
Male,0,Yes,No,13.0,Yes,Yes,Fiber optic,No,No,No,No,Yes,No,Month-to-month,Yes,Electronic check,81.54,1102.95,No
Male,0,No,No,8.0,Yes,Yes,Fiber optic,No,No,No,No,Yes,Yes,Month-to-month,Yes,Electronic check,94.02,855.46,Yes
Male,0,No,No,23.0,Yes,No,Fiber optic,No,No,No,No,Yes,No,Month-to-month,Yes,Electronic check,87.45,1838.96,Yes
Male,1,No,Yes,18.0,Yes,Yes,Fiber optic,Yes,No,No,No,Yes,Yes,Month-to-month,Yes,Electronic check,95.3,1836.01,No
Male,0,Yes,Yes,49.0,Yes,Yes,Fiber optic,No,Yes,Yes,No,Yes,Yes,Month-to-month,Yes,Bank transfer (automatic),98.51,4569.94,No
Male,0,No,No,6.0,Yes,No,Fiber optic,No,No,Yes,No,Yes,Yes,Month-to-month,Yes,Bank transfer (automatic),97.05,530.71,Yes
Female,1,Yes,No,19.0,Yes,Yes,Fiber optic,No,Yes,No,No,Yes,Yes,Month-to-month,Yes,Electronic check,98.04,1839.34,No
Female,0,Yes,No,40.0,Yes,Yes,Fiber optic,No,No,No,No,Yes,Yes,Month-to-month,Yes,Electronic check,100.45,4136.07,Yes
Male,1,Yes,No,29.0,Yes,Yes,Fiber optic,No,No,Yes,No,Yes,Yes,Month-to-month,Yes,Electronic check,101.2,3286.07,Yes
Female,0,Yes,No,13.0,Yes,No,Fiber optic,No,No,No,No,Yes,Yes,Month-to-month,Yes,Electronic check,93.32,1404.76,Yes
Female,1,No,No,12.0,Yes,No,Fiber optic,No,No,No,No,Yes,Yes,Month-to-month,Yes,Mailed check,89.35,1061.63,Yes
Female,0,Yes,Yes,28.0,Yes,No,Fiber optic,No,Yes,No,No,Yes,Yes,Month-to-month,No,Bank transfer (automatic),97.17,2861.27,No
Male,0,Yes,Yes,8.0,Yes,No,Fiber optic,No,No,No,No,Yes,Yes,Month-to-month,Yes,Electronic check,83.69,548.97,Yes
Female,1,Yes,Yes,43.0,Yes,Yes,Fiber optic,No,Yes,Yes,No,Yes,Yes,Month-to-month,No,Electronic check,106.2,4359.36,No
Female,1,No,No,7.0,Yes,Yes,Fiber optic,No,Yes,No,No,Yes,Yes,Month-to-month,Yes,Electronic check,95.3,802.85,No
Female,1,No,No,32.0,Yes,Yes,Fiber optic,No,No,Yes,Yes,Yes,Yes,Month-to-month,Yes,Electronic check,103.14,3143.28,No
Male,1,Yes,No,45.0,Yes,Yes,Fiber optic,No,Yes,Yes,No,Yes,Yes,Month-to-month,Yes,Electronic check,96.97,4298.55,No
Male,0,No,No,37.0,Yes,Yes,Fiber optic,No,Yes,No,Yes,Yes,No,Month-to-month,No,Mailed check,95.54,3550.05,Yes
Female,0,No,No,24.0,Yes,No,Fiber optic,No,No,Yes,No,Yes,Yes,Month-to-month,Yes,Electronic check,93.67,2240.38,No
Female,1,Yes,No,70.0,Yes,No,Fiber optic,Yes,Yes,Yes,No,Yes,No,Month-to-month,Yes,Electronic check,98.67,7037.33,No
Male,0,No,No,27.0,Yes,No,Fiber optic,Yes,Yes,Yes,No,Yes,Yes,Month-to-month,Yes,Electronic check,111.71,2901.2,Yes
Female,0,No,No,40.0,Yes,Yes,Fiber optic,No,No,Yes,No,Yes,Yes,Month-to-month,Yes,Bank transfer (automatic),100.49,4233.04,Yes
Male,0,No,No,11.0,Yes,No,Fiber optic,No,No,No,No,Yes,Yes,Month-to-month,Yes,Mailed check,99.85,1321.84,Yes
Male,0,No,No,32.0,Yes,Yes,Fiber optic,No,No,No,No,Yes,Yes,Month-to-month,Yes,Electronic check,98.0,2935.77,No
Female,1,No,No,-0.0,Yes,Yes,Fiber optic,No,No,No,No,Yes,Yes,Month-to-month,Yes,Bank transfer (automatic),92.1,0.0,Yes
Female,1,No,No,17.0,Yes,Yes,Fiber optic,No,Yes,Yes,No,Yes,Yes,Month-to-month,Yes,Electronic check,103.25,1897.04,Yes
Female,0,No,No,33.0,Yes,Yes,Fiber optic,No,Yes,No,No,Yes,Yes,Month-to-month,Yes,Electronic check,97.78,3249.45,No
Male,0,Yes,No,1.0,Yes,No,Fiber optic,No,No,No,No,Yes,Yes,Month-to-month,Yes,Electronic check,83.63,68.57,Yes
Male,1,No,No,27.0,Yes,No,Fiber optic,Yes,No,Yes,No,Yes,No,Month-to-month,Yes,Bank transfer (automatic),89.71,2908.08,No
Female,0,No,No,20.0,Yes,Yes,Fiber optic,No,Yes,No,No,Yes,Yes,Month-to-month,Yes,Electronic check,96.89,2115.61,No
Female,0,No,No,6.0,Yes,No,Fiber optic,No,No,No,No,Yes,Yes,Month-to-month,Yes,Electronic check,92.85,526.13,Yes
Male,1,No,No,44.0,Yes,Yes,Fiber optic,No,No,No,No,Yes,No,Month-to-month,Yes,Mailed check,91.11,4368.45,Yes
Female,1,Yes,No,14.0,Yes,No,Fiber optic,Yes,No,Yes,No,Yes,Yes,Month-to-month,No,Electronic check,97.16,1347.99,Yes
Male,0,Yes,No,28.0,Yes,Yes,Fiber optic,Yes,No,No,No,Yes,Yes,Month-to-month,No,Electronic check,93.16,2584.62,No
Male,0,No,No,24.0,Yes,Yes,Fiber optic,Yes,No,Yes,No,Yes,Yes,Month-to-month,Yes,Electronic check,100.35,2603.5,No
Female,0,No,No,0.0,Yes,Yes,Fiber optic,No,Yes,Yes,No,Yes,Yes,Month-to-month,Yes,Bank transfer (automatic),92.36,0.0,Yes
Female,0,No,Yes,3.0,Yes,No,Fiber optic,No,No,No,No,Yes,No,Month-to-month,Yes,Electronic check,90.67,223.02,No
Male,0,No,No,0.0,Yes,No,Fiber optic,No,No,No,No,Yes,No,Month-to-month,Yes,Mailed check,71.5,0.0,Yes
Female,0,Yes,No,17.0,Yes,Yes,Fiber optic,No,No,Yes,No,Yes,Yes,Month-to-month,No,Electronic check,93.59,1714.06,Yes
Male,0,Yes,No,37.0,Yes,Yes,Fiber optic,Yes,Yes,No,No,Yes,Yes,Month-to-month,Yes,Electronic check,108.39,3669.35,No
Female,0,No,No,0.0,Yes,No,Fiber optic,No,No,No,No,Yes,Yes,Month-to-month,Yes,Electronic check,99.06,0.0,No
Male,1,Yes,No,42.0,Yes,No,Fiber optic,No,Yes,No,No,Yes,No,Month-to-month,Yes,Electronic check,81.58,3843.77,No
Female,0,No,No,35.0,Yes,Yes,Fiber optic,No,No,No,No,Yes,Yes,Month-to-month,Yes,Electronic check,96.73,3495.76,No
Female,0,Yes,No,23.0,Yes,Yes,Fiber optic,Yes,No,No,No,Yes,Yes,Month-to-month,No,Electronic check,95.56,2277.8,Yes
Female,1,Yes,Yes,17.0,Yes,No,Fiber optic,No,No,No,No,Yes,No,Month-to-month,Yes,Electronic check,75.54,1448.49,Yes
Male,0,No,No,47.0,Yes,Yes,Fiber optic,No,Yes,No,Yes,Yes,Yes,Month-to-month,Yes,Electronic check,101.56,4680.0,No
Female,0,Yes,No,0.0,Yes,Yes,Fiber optic,No,No,No,No,Yes,No,Month-to-month,Yes,Electronic check,83.83,0.0,No
Male,0,No,No,30.0,Yes,Yes,Fiber optic,Yes,Yes,No,No,Yes,Yes,Month-to-month,Yes,Electronic check,102.72,3247.44,No
Male,1,No,No,46.0,Yes,Yes,Fiber optic,No,No,No,Yes,Yes,Yes,Month-to-month,Yes,Electronic check,100.8,4787.84,Yes
Male,1,Yes,No,39.0,Yes,Yes,Fiber optic,No,No,Yes,No,Yes,Yes,Month-to-month,Yes,Electronic check,99.65,4059.72,Yes
Female,0,Yes,Yes,40.0,Yes,No,Fiber optic,No,Yes,No,No,Yes,Yes,Month-to-month,Yes,Electronic check,98.0,3638.47,No
Male,0,Yes,No,41.0,Yes,No,Fiber optic,No,No,No,Yes,Yes,Yes,Month-to-month,Yes,Bank transfer (automatic),95.7,4149.18,No
Male,0,No,Yes,37.0,Yes,Yes,Fiber optic,Yes,Yes,No,No,Yes,No,Month-to-month,Yes,Mailed check,98.66,3642.89,No
Male,0,Yes,No,26.0,Yes,No,Fiber optic,No,No,No,Yes,Yes,Yes,Month-to-month,Yes,Electronic check,85.51,2165.0,Yes
Female,0,No,No,22.0,Yes,Yes,Fiber optic,No,No,No,No,Yes,Yes,Month-to-month,No,Electronic check,95.3,2344.82,Yes
Male,0,Yes,No,72.0,Yes,No,Fiber optic,No,No,Yes,No,Yes,Yes,Month-to-month,Yes,Electronic check,101.15,7090.2,Yes
Male,0,No,No,60.0,Yes,Yes,Fiber optic,No,Yes,No,No,Yes,No,Month-to-month,Yes,Electronic check,90.55,5463.89,Yes
Male,0,Yes,No,41.0,Yes,Yes,Fiber optic,No,No,Yes,Yes,Yes,No,Month-to-month,Yes,Bank transfer (automatic),101.22,4018.98,Yes
Female,0,Yes,Yes,33.0,Yes,No,Fiber optic,Yes,No,Yes,No,Yes,No,Month-to-month,No,Mailed check,85.8,3024.68,No
Male,0,No,No,31.0,Yes,No,Fiber optic,No,Yes,No,Yes,Yes,Yes,Month-to-month,Yes,Electronic check,97.31,3270.74,Yes
Female,1,No,No,60.0,Yes,Yes,Fiber optic,No,Yes,No,No,Yes,Yes,Month-to-month,Yes,Electronic check,110.78,6071.04,No
Female,0,No,No,11.0,Yes,Yes,Fiber optic,No,No,No,Yes,Yes,Yes,Month-to-month,Yes,Electronic check,95.62,1067.66,No
Male,0,No,No,2.0,Yes,No,Fiber optic,Yes,No,No,No,Yes,No,Month-to-month,Yes,Electronic check,77.59,127.24,No
Male,1,Yes,No,20.0,Yes,Yes,Fiber optic,No,Yes,Yes,No,Yes,Yes,Month-to-month,Yes,Electronic check,99.25,2026.65,Yes
Male,1,No,No,0.0,Yes,Yes,Fiber optic,No,No,No,No,Yes,Yes,Month-to-month,Yes,Electronic check,85.34,0.0,Yes
Male,0,No,No,20.0,Yes,Yes,Fiber optic,No,Yes,Yes,Yes,Yes,No,Month-to-month,Yes,Electronic check,91.87,1660.34,Yes
Male,0,No,No,0.0,Yes,No,Fiber optic,No,No,No,No,Yes,Yes,Month-to-month,Yes,Electronic check,90.17,0.0,Yes
Female,0,No,No,30.0,Yes,No,Fiber optic,No,Yes,Yes,Yes,Yes,No,Month-to-month,Yes,Electronic check,96.12,2526.39,No
Male,0,No,No,9.0,Yes,No,Fiber optic,No,No,No,No,Yes,Yes,Month-to-month,Yes,Electronic check,94.41,977.17,Yes
Male,1,No,No,-0.0,Yes,No,Fiber optic,No,No,Yes,No,Yes,No,Month-to-month,Yes,Bank transfer (automatic),82.52,0.0,Yes
Male,0,Yes,Yes,36.0,Yes,Yes,Fiber optic,No,Yes,No,No,Yes,Yes,Month-to-month,Yes,Electronic check,100.35,3503.86,No
Male,0,No,Yes,29.0,Yes,No,Fiber optic,Yes,Yes,Yes,Yes,Yes,Yes,Month-to-month,No,Electronic check,112.42,3006.15,Yes
Female,0,Yes,Yes,18.0,Yes,No,Fiber optic,No,No,No,Yes,Yes,Yes,Month-to-month,Yes,Mailed check,87.75,1895.85,No
Female,1,No,No,22.0,Yes,Yes,Fiber optic,No,No,Yes,No,Yes,Yes,Month-to-month,No,Electronic check,101.67,2063.7,Yes
Female,0,No,No,33.0,Yes,Yes,Fiber optic,No,Yes,No,No,Yes,Yes,Month-to-month,Yes,Bank transfer (automatic),97.45,3219.84,No
Female,1,Yes,No,35.0,Yes,Yes,Fiber optic,No,No,Yes,Yes,Yes,No,Month-to-month,Yes,Electronic check,99.92,3434.1,Yes
Female,0,No,Yes,31.0,Yes,No,Fiber optic,No,Yes,Yes,No,Yes,Yes,Month-to-month,No,Electronic check,102.65,3284.3,Yes
Male,1,Yes,No,34.0,Yes,Yes,Fiber optic,No,No,Yes,No,Yes,Yes,Month-to-month,No,Electronic check,105.24,3598.85,Yes
Male,0,Yes,No,14.0,Yes,No,Fiber optic,No,No,No,No,Yes,Yes,Month-to-month,Yes,Electronic check,90.14,1493.56,No
Male,0,No,No,17.0,Yes,Yes,Fiber optic,No,No,Yes,Yes,Yes,Yes,Month-to-month,Yes,Electronic check,98.33,1537.19,Yes
Male,0,Yes,No,34.0,Yes,Yes,Fiber optic,No,No,No,No,Yes,Yes,Month-to-month,No,Electronic check,96.68,3426.79,No
Male,0,Yes,No,56.0,Yes,Yes,Fiber optic,Yes,Yes,Yes,Yes,Yes,Yes,Month-to-month,Yes,Bank transfer (automatic),106.99,5899.58,No
Male,0,No,No,8.0,Yes,No,Fiber optic,No,Yes,Yes,Yes,Yes,Yes,Month-to-month,Yes,Electronic check,96.78,867.85,Yes
Female,0,No,Yes,49.0,Yes,Yes,Fiber optic,Yes,No,No,No,Yes,Yes,Month-to-month,No,Bank transfer (automatic),103.02,5048.98,No
Female,0,No,No,43.0,Yes,Yes,Fiber optic,No,No,No,Yes,Yes,Yes,Month-to-month,Yes,Electronic check,93.17,3968.16,No
Female,0,No,No,0.0,Yes,No,Fiber optic,Yes,No,No,No,Yes,Yes,Month-to-month,Yes,Electronic check,93.28,0.0,Yes
Male,1,No,No,24.0,Yes,No,Fiber optic,Yes,Yes,Yes,No,Yes,Yes,Month-to-month,No,Bank transfer (automatic),110.07,2778.21,Yes
Male,0,No,No,39.0,Yes,No,Fiber optic,No,Yes,Yes,No,Yes,Yes,Month-to-month,Yes,Electronic check,102.62,3789.49,Yes
Female,1,No,No,7.0,Yes,No,Fiber optic,No,Yes,No,Yes,Yes,No,Month-to-month,Yes,Electronic check,88.92,659.72,No
Female,0,No,No,24.0,Yes,Yes,Fiber optic,No,No,No,Yes,Yes,Yes,Month-to-month,Yes,Electronic check,91.74,2224.45,Yes
Female,0,Yes,No,42.0,Yes,Yes,Fiber optic,Yes,Yes,Yes,No,Yes,Yes,Month-to-month,Yes,Bank transfer (automatic),105.75,4543.26,No
Female,1,Yes,Yes,49.0,Yes,Yes,Fiber optic,No,Yes,No,No,Yes,Yes,Month-to-month,Yes,Electronic check,103.34,4781.45,Yes
Male,0,No,No,14.0,Yes,No,Fiber optic,No,No,Yes,No,Yes,Yes,Month-to-month,Yes,Electronic check,95.21,1475.43,Yes
Male,0,Yes,No,37.0,Yes,Yes,Fiber optic,No,Yes,No,No,Yes,No,Month-to-month,Yes,Electronic check,87.2,3265.19,Yes
Female,0,Yes,Yes,24.0,Yes,No,Fiber optic,Yes,No,Yes,No,Yes,No,Month-to-month,Yes,Electronic check,96.58,2387.94,No
Male,0,No,No,28.0,Yes,Yes,Fiber optic,No,No,Yes,Yes,Yes,Yes,Month-to-month,Yes,Electronic check,99.26,2917.45,Yes
Female,0,No,No,24.0,Yes,No,Fiber optic,No,Yes,Yes,No,Yes,Yes,Month-to-month,No,Electronic check,99.14,2605.45,No
Male,0,Yes,No,38.0,Yes,Yes,Fiber optic,Yes,No,No,No,Yes,No,Month-to-month,Yes,Electronic check,92.52,3832.04,Yes
Female,0,Yes,No,51.0,Yes,Yes,Fiber optic,No,Yes,No,No,Yes,Yes,Month-to-month,Yes,Electronic check,105.43,4973.92,No
Male,1,No,Yes,36.0,Yes,Yes,Fiber optic,No,Yes,No,No,Yes,Yes,Month-to-month,Yes,Electronic check,102.54,3646.72,No
Male,0,No,No,9.0,Yes,Yes,Fiber optic,No,No,No,Yes,Yes,Yes,Month-to-month,Yes,Electronic check,93.86,960.16,Yes
Male,1,Yes,No,21.0,Yes,Yes,Fiber optic,No,Yes,No,No,Yes,No,Month-to-month,Yes,Bank transfer (automatic),88.37,1943.62,Yes
Female,1,Yes,No,44.0,Yes,Yes,Fiber optic,No,No,Yes,Yes,Yes,Yes,Month-to-month,Yes,Electronic check,100.73,4081.31,Yes
Female,1,No,No,4.0,Yes,No,Fiber optic,No,No,Yes,No,Yes,Yes,Month-to-month,Yes,Electronic check,97.04,414.71,Yes
Female,0,Yes,No,53.0,Yes,No,Fiber optic,No,Yes,No,No,Yes,Yes,Month-to-month,Yes,Electronic check,102.98,5031.19,Yes
Male,1,Yes,No,35.0,Yes,No,Fiber optic,No,Yes,Yes,No,Yes,Yes,Month-to-month,Yes,Electronic check,96.42,3504.78,Yes
Female,0,Yes,No,10.0,Yes,No,Fiber optic,No,No,Yes,No,Yes,Yes,Month-to-month,Yes,Electronic check,89.53,1077.51,Yes
Female,0,No,No,15.0,Yes,No,Fiber optic,No,No,No,No,Yes,Yes,Month-to-month,Yes,Bank transfer (automatic),89.56,1174.0,Yes
Female,0,No,No,12.0,Yes,No,Fiber optic,No,Yes,Yes,No,Yes,Yes,Month-to-month,Yes,Electronic check,102.51,1480.45,No
Female,0,Yes,No,25.0,Yes,Yes,Fiber optic,No,No,Yes,No,Yes,No,Month-to-month,Yes,Bank transfer (automatic),93.47,2253.48,Yes
Male,1,Yes,Yes,3.0,Yes,Yes,Fiber optic,Yes,No,No,No,Yes,Yes,Month-to-month,Yes,Electronic check,99.3,358.54,Yes
Female,0,No,No,45.0,Yes,Yes,Fiber optic,No,No,No,No,Yes,Yes,Month-to-month,Yes,Electronic check,97.77,4543.21,No
Female,0,Yes,No,23.0,Yes,No,Fiber optic,No,No,Yes,No,Yes,Yes,Month-to-month,Yes,Electronic check,100.47,2569.68,Yes
Female,1,Yes,No,33.0,Yes,Yes,Fiber optic,No,No,Yes,No,Yes,Yes,Month-to-month,Yes,Bank transfer (automatic),100.26,3038.45,Yes
Male,1,No,No,0.0,Yes,Yes,Fiber optic,No,No,Yes,Yes,Yes,No,Month-to-month,No,Electronic check,94.55,0.0,No
Male,1,Yes,No,45.0,Yes,Yes,Fiber optic,Yes,Yes,Yes,Yes,Yes,No,Month-to-month,Yes,Electronic check,107.32,4680.76,No
Male,1,No,No,46.0,Yes,Yes,Fiber optic,No,Yes,Yes,No,Yes,Yes,Month-to-month,No,Electronic check,103.78,5034.18,Yes
Male,0,No,No,40.0,Yes,Yes,Fiber optic,No,No,No,No,Yes,Yes,Month-to-month,Yes,Electronic check,95.64,4079.07,No
Female,1,Yes,No,28.0,Yes,Yes,Fiber optic,Yes,Yes,Yes,No,Yes,Yes,Month-to-month,Yes,Electronic check,109.54,2810.49,Yes
Male,1,No,No,27.0,Yes,Yes,Fiber optic,No,No,Yes,No,Yes,Yes,Month-to-month,Yes,Electronic check,100.43,2710.91,Yes
Female,1,No,No,24.0,Yes,Yes,Fiber optic,No,No,No,Yes,Yes,Yes,Month-to-month,Yes,Electronic check,91.01,2288.35,No
Male,0,Yes,No,47.0,Yes,Yes,Fiber optic,No,Yes,Yes,No,Yes,Yes,Month-to-month,Yes,Electronic check,105.72,4588.5,Yes
Female,0,No,No,-0.0,Yes,No,Fiber optic,No,No,No,No,Yes,Yes,Month-to-month,Yes,Electronic check,100.15,0.0,No
Female,0,Yes,No,32.0,Yes,Yes,Fiber optic,No,No,Yes,No,Yes,Yes,Month-to-month,Yes,Bank transfer (automatic),99.06,3123.24,No
Female,0,No,Yes,40.0,Yes,No,Fiber optic,No,No,No,Yes,Yes,Yes,Month-to-month,Yes,Bank transfer (automatic),99.02,4287.54,Yes
Male,0,Yes,No,5.0,Yes,No,Fiber optic,No,No,No,Yes,Yes,No,Month-to-month,Yes,Electronic check,87.12,357.16,Yes
Male,1,Yes,Yes,41.0,Yes,Yes,Fiber optic,No,Yes,Yes,No,Yes,Yes,Month-to-month,Yes,Electronic check,112.78,4238.71,Yes
Male,0,No,Yes,0.0,Yes,No,Fiber optic,No,Yes,No,No,Yes,Yes,Month-to-month,No,Electronic check,97.57,0.0,Yes
Female,0,Yes,No,9.0,Yes,No,Fiber optic,No,No,No,No,Yes,Yes,Month-to-month,Yes,Electronic check,86.69,736.27,Yes
Female,0,No,Yes,15.0,Yes,Yes,Fiber optic,No,Yes,No,No,Yes,No,Month-to-month,Yes,Bank transfer (automatic),82.44,1013.95,No
Female,0,No,No,23.0,Yes,Yes,Fiber optic,No,No,No,No,Yes,No,Month-to-month,Yes,Electronic check,84.75,1622.53,No
Female,1,Yes,No,27.0,Yes,Yes,Fiber optic,No,No,No,No,Yes,Yes,Month-to-month,Yes,Electronic check,98.33,2722.86,Yes
Male,0,No,No,27.0,Yes,No,Fiber optic,No,No,Yes,Yes,Yes,Yes,Month-to-month,Yes,Electronic check,101.71,2989.42,No
Male,1,Yes,No,32.0,Yes,No,Fiber optic,No,Yes,No,No,Yes,Yes,Month-to-month,No,Bank transfer (automatic),95.1,3045.27,Yes
Male,1,Yes,No,28.0,Yes,Yes,Fiber optic,No,Yes,Yes,No,Yes,No,Month-to-month,No,Electronic check,90.88,2779.26,Yes
Female,1,Yes,Yes,50.0,Yes,Yes,Fiber optic,Yes,Yes,No,Yes,Yes,Yes,Month-to-month,Yes,Bank transfer (automatic),110.33,5582.12,No
Female,0,No,Yes,8.0,Yes,Yes,Fiber optic,No,Yes,Yes,No,Yes,Yes,Month-to-month,Yes,Electronic check,94.03,819.3,Yes
Female,0,Yes,Yes,17.0,Yes,Yes,Fiber optic,No,Yes,Yes,No,Yes,Yes,Month-to-month,Yes,Bank transfer (automatic),102.75,1947.23,Yes
Male,1,No,No,62.0,Yes,Yes,Fiber optic,No,No,No,No,Yes,Yes,Month-to-month,Yes,Electronic check,108.63,6240.92,Yes
Male,1,No,No,22.0,Yes,Yes,Fiber optic,No,No,Yes,No,Yes,Yes,Month-to-month,Yes,Electronic check,107.16,2369.42,No
Female,0,No,No,18.0,Yes,Yes,Fiber optic,No,No,Yes,Yes,Yes,Yes,Month-to-month,Yes,Bank transfer (automatic),100.67,1801.24,Yes
Male,1,Yes,Yes,34.0,Yes,Yes,Fiber optic,No,No,No,No,Yes,Yes,Month-to-month,Yes,Electronic check,93.81,3226.19,Yes
Male,1,No,No,1.0,Yes,Yes,Fiber optic,No,No,Yes,No,Yes,Yes,Month-to-month,Yes,Electronic check,88.76,72.77,Yes
Female,1,No,No,49.0,Yes,Yes,Fiber optic,No,Yes,Yes,No,Yes,Yes,Month-to-month,Yes,Electronic check,105.54,5107.63,Yes
Female,1,No,No,39.0,Yes,Yes,Fiber optic,No,No,No,No,Yes,Yes,Month-to-month,Yes,Electronic check,96.0,3936.67,Yes
Male,0,No,No,8.0,Yes,No,Fiber optic,Yes,No,Yes,No,Yes,Yes,Month-to-month,No,Electronic check,101.84,980.48,Yes
Female,1,No,No,20.0,Yes,Yes,Fiber optic,Yes,No,No,No,Yes,No,Month-to-month,Yes,Bank transfer (automatic),96.69,1888.35,Yes
Male,1,No,No,11.0,Yes,No,Fiber optic,No,No,No,No,Yes,No,Month-to-month,Yes,Bank transfer (automatic),83.15,773.6,Yes
Female,0,No,No,17.0,Yes,Yes,Fiber optic,Yes,No,No,No,Yes,No,Month-to-month,Yes,Mailed check,95.32,1542.0,Yes
Male,1,No,No,4.0,Yes,Yes,Fiber optic,No,No,No,No,Yes,Yes,Month-to-month,No,Electronic check,95.91,314.55,Yes
Female,0,Yes,Yes,29.0,Yes,No,Fiber optic,No,Yes,Yes,No,Yes,No,Month-to-month,Yes,Electronic check,91.58,2810.25,Yes
Male,0,No,No,5.0,Yes,No,Fiber optic,No,No,No,No,Yes,Yes,Month-to-month,Yes,Electronic check,84.32,345.7,Yes
Male,0,No,No,6.0,Yes,Yes,Fiber optic,No,No,Yes,No,Yes,Yes,Month-to-month,Yes,Bank transfer (automatic),95.11,645.7,Yes
Male,0,Yes,Yes,36.0,Yes,Yes,Fiber optic,No,Yes,Yes,Yes,Yes,Yes,Month-to-month,Yes,Bank transfer (automatic),111.5,3779.96,No
Male,0,No,No,18.0,Yes,No,Fiber optic,No,Yes,Yes,No,Yes,No,Month-to-month,Yes,Bank transfer (automatic),94.26,1695.03,Yes
Female,0,No,Yes,8.0,Yes,No,Fiber optic,Yes,No,Yes,No,Yes,Yes,Month-to-month,Yes,Bank transfer (automatic),95.88,665.49,Yes
Female,0,No,No,22.0,Yes,Yes,Fiber optic,No,No,No,Yes,Yes,Yes,Month-to-month,No,Electronic check,99.13,2365.48,Yes
Male,0,Yes,Yes,48.0,Yes,Yes,Fiber optic,No,Yes,Yes,No,Yes,No,Month-to-month,Yes,Electronic check,95.33,4735.41,No
Male,1,No,No,4.0,Yes,No,Fiber optic,No,Yes,No,Yes,Yes,Yes,Month-to-month,Yes,Electronic check,106.08,510.69,Yes
Female,1,No,No,37.0,Yes,No,Fiber optic,Yes,Yes,No,Yes,Yes,Yes,Month-to-month,Yes,Electronic check,115.68,4019.59,No
Female,1,No,No,0.0,Yes,Yes,Fiber optic,No,No,No,Yes,Yes,No,Month-to-month,Yes,Bank transfer (automatic),87.79,0.0,Yes
Male,0,Yes,No,38.0,Yes,No,Fiber optic,No,Yes,Yes,No,Yes,Yes,Month-to-month,Yes,Electronic check,95.52,4035.63,Yes
Female,0,No,No,6.0,Yes,Yes,Fiber optic,No,Yes,No,No,Yes,No,Month-to-month,Yes,Electronic check,83.17,409.15,Yes
Male,1,Yes,No,17.0,Yes,No,Fiber optic,No,Yes,Yes,No,Yes,Yes,Month-to-month,Yes,Electronic check,98.53,1631.55,Yes
Male,1,Yes,No,52.0,Yes,No,Fiber optic,Yes,No,No,No,Yes,Yes,Month-to-month,Yes,Electronic check,97.33,5029.2,Yes
Female,0,No,Yes,29.0,Yes,Yes,Fiber optic,Yes,Yes,No,No,Yes,Yes,Month-to-month,Yes,Electronic check,99.93,2840.98,No
Female,0,Yes,No,46.0,Yes,No,Fiber optic,No,Yes,Yes,No,Yes,No,Month-to-month,No,Bank transfer (automatic),96.98,4760.3,No
Male,0,No,No,43.0,Yes,Yes,Fiber optic,No,No,No,No,Yes,Yes,Month-to-month,Yes,Electronic check,97.12,4273.14,No
Male,0,No,No,45.0,Yes,Yes,Fiber optic,No,Yes,No,No,Yes,Yes,Month-to-month,Yes,Electronic check,88.29,4325.2,Yes
Female,0,No,No,29.0,Yes,Yes,Fiber optic,No,No,Yes,No,Yes,Yes,Month-to-month,Yes,Electronic check,102.76,2843.78,Yes
Male,0,Yes,No,33.0,Yes,No,Fiber optic,No,Yes,Yes,No,Yes,Yes,Month-to-month,Yes,Electronic check,109.3,3700.58,No
Female,1,Yes,No,36.0,Yes,Yes,Fiber optic,No,No,Yes,No,Yes,No,Month-to-month,Yes,Electronic check,90.41,3712.05,Yes
Female,0,Yes,No,32.0,Yes,No,Fiber optic,No,No,Yes,No,Yes,No,Month-to-month,Yes,Electronic check,83.54,2518.73,Yes
Female,0,Yes,Yes,37.0,Yes,Yes,Fiber optic,Yes,No,Yes,No,Yes,No,Month-to-month,Yes,Bank transfer (automatic),90.04,3761.75,Yes
Male,0,No,No,0.0,Yes,No,Fiber optic,No,Yes,Yes,No,Yes,Yes,Month-to-month,Yes,Electronic check,96.98,0.0,No
Female,1,No,No,2.0,Yes,Yes,Fiber optic,No,No,No,No,Yes,No,Month-to-month,Yes,Electronic check,77.55,127.16,No
Female,0,No,No,9.0,Yes,Yes,Fiber optic,No,No,Yes,Yes,Yes,No,Month-to-month,Yes,Bank transfer (automatic),100.84,961.03,Yes
Male,0,No,No,2.0,Yes,Yes,Fiber optic,No,No,No,No,Yes,No,Month-to-month,Yes,Electronic check,79.57,130.49,Yes
Female,0,Yes,No,21.0,Yes,No,Fiber optic,Yes,Yes,No,No,Yes,Yes,Month-to-month,Yes,Electronic check,98.64,2432.61,No
Male,0,Yes,No,54.0,Yes,Yes,Fiber optic,No,Yes,No,No,Yes,No,Month-to-month,Yes,Electronic check,92.1,5189.91,No
Female,1,No,No,0.0,Yes,Yes,Fiber optic,No,No,No,No,Yes,Yes,Month-to-month,Yes,Electronic check,85.92,0.0,Yes
Male,0,No,No,54.0,Yes,Yes,Fiber optic,No,No,No,No,Yes,Yes,Month-to-month,No,Electronic check,91.08,5154.42,No
Male,0,Yes,Yes,51.0,Yes,Yes,Fiber optic,Yes,No,Yes,Yes,Yes,Yes,Month-to-month,Yes,Electronic check,115.61,5670.68,No
Female,0,No,No,33.0,Yes,Yes,Fiber optic,Yes,No,Yes,No,Yes,No,Month-to-month,No,Electronic check,94.5,3403.33,Yes
Male,0,No,No,14.0,Yes,No,Fiber optic,No,Yes,No,No,Yes,Yes,Month-to-month,Yes,Electronic check,93.02,1255.44,Yes
Male,0,No,No,32.0,Yes,Yes,Fiber optic,No,Yes,No,No,Yes,Yes,Month-to-month,Yes,Electronic check,95.26,2979.17,No
Male,0,No,No,41.0,Yes,Yes,Fiber optic,Yes,No,Yes,No,Yes,Yes,Month-to-month,Yes,Bank transfer (automatic),101.09,4286.0,Yes
Male,1,Yes,No,62.0,Yes,Yes,Fiber optic,Yes,No,Yes,No,Yes,Yes,Month-to-month,No,Electronic check,106.11,6260.42,Yes
Male,0,No,No,2.0,Yes,Yes,Fiber optic,No,No,Yes,No,Yes,Yes,Month-to-month,Yes,Electronic check,103.36,248.79,Yes
Male,1,No,No,22.0,Yes,No,Fiber optic,Yes,No,Yes,No,Yes,No,Month-to-month,Yes,Electronic check,89.72,1997.76,No
Female,0,No,No,14.0,Yes,Yes,Fiber optic,No,No,No,No,Yes,Yes,Month-to-month,Yes,Electronic check,94.1,1080.13,Yes
Male,1,Yes,No,38.0,Yes,Yes,Fiber optic,No,No,Yes,No,Yes,Yes,Month-to-month,No,Electronic check,103.17,3690.91,Yes
Male,1,No,No,32.0,Yes,No,Fiber optic,No,Yes,Yes,Yes,Yes,Yes,Month-to-month,No,Electronic check,112.69,3365.35,No
Female,0,No,No,13.0,Yes,Yes,Fiber optic,No,No,No,No,Yes,Yes,Month-to-month,Yes,Electronic check,97.64,1446.96,Yes
Male,1,No,No,49.0,Yes,No,Fiber optic,No,Yes,Yes,No,Yes,Yes,Month-to-month,Yes,Electronic check,105.97,5215.49,Yes
Male,0,Yes,No,64.0,Yes,Yes,Fiber optic,Yes,Yes,No,Yes,Yes,No,Month-to-month,Yes,Electronic check,102.56,6250.09,No
Male,1,No,No,52.0,Yes,No,Fiber optic,No,Yes,Yes,No,Yes,Yes,Month-to-month,Yes,Electronic check,98.83,5000.11,No
Female,0,No,No,0.0,Yes,Yes,Fiber optic,No,No,No,No,Yes,Yes,Month-to-month,Yes,Electronic check,91.26,0.0,Yes
Male,0,Yes,No,31.0,Yes,No,Fiber optic,No,No,No,No,Yes,Yes,Month-to-month,No,Bank transfer (automatic),93.81,3061.5,Yes
Male,1,No,No,28.0,Yes,No,Fiber optic,No,Yes,No,No,Yes,No,Month-to-month,No,Electronic check,90.1,2712.4,Yes
Female,1,No,No,7.0,Yes,Yes,Fiber optic,No,No,No,No,Yes,No,Month-to-month,Yes,Bank transfer (automatic),94.37,541.66,Yes
Male,0,No,No,0.0,Yes,No,Fiber optic,Yes,No,Yes,No,Yes,No,Month-to-month,No,Electronic check,85.72,0.0,Yes
Male,0,Yes,No,0.0,Yes,No,Fiber optic,No,No,Yes,No,Yes,Yes,Month-to-month,No,Electronic check,103.0,0.0,Yes
Male,1,Yes,Yes,25.0,Yes,Yes,Fiber optic,No,Yes,No,No,Yes,Yes,Month-to-month,Yes,Bank transfer (automatic),93.09,2539.83,Yes
Female,0,No,Yes,25.0,Yes,No,Fiber optic,No,No,Yes,No,Yes,Yes,Month-to-month,No,Bank transfer (automatic),88.43,2015.38,Yes
Female,1,No,No,0.0,Yes,No,Fiber optic,No,Yes,No,No,Yes,No,Month-to-month,Yes,Electronic check,81.75,0.0,No
Male,0,No,No,9.0,Yes,Yes,Fiber optic,No,No,Yes,No,Yes,Yes,Month-to-month,Yes,Electronic check,100.99,919.0,Yes
Female,0,No,No,47.0,Yes,Yes,Fiber optic,No,No,Yes,No,Yes,Yes,Month-to-month,Yes,Bank transfer (automatic),103.21,4705.01,No
Male,0,No,No,0.0,Yes,No,Fiber optic,No,No,No,No,Yes,No,Month-to-month,No,Mailed check,79.14,0.0,Yes
Female,0,No,No,47.0,Yes,Yes,Fiber optic,No,No,Yes,No,Yes,Yes,Month-to-month,Yes,Electronic check,107.51,4804.57,Yes
Female,0,No,No,44.0,Yes,Yes,Fiber optic,No,No,Yes,No,Yes,Yes,Month-to-month,Yes,Bank transfer (automatic),101.96,4738.27,Yes
Male,0,Yes,No,20.0,Yes,No,Fiber optic,No,No,Yes,No,Yes,Yes,Month-to-month,Yes,Electronic check,95.06,1692.6,Yes
Female,0,No,No,17.0,Yes,No,Fiber optic,No,No,No,No,Yes,No,Month-to-month,Yes,Electronic check,86.0,1286.37,Yes
Male,1,No,No,39.0,Yes,Yes,Fiber optic,No,Yes,No,No,Yes,Yes,Month-to-month,Yes,Electronic check,98.83,3858.5,Yes
Male,0,No,No,0.0,Yes,No,Fiber optic,No,No,No,No,Yes,Yes,Month-to-month,Yes,Electronic check,75.48,0.0,Yes
Male,1,Yes,No,14.0,Yes,Yes,Fiber optic,No,No,No,No,Yes,Yes,Month-to-month,Yes,Electronic check,93.24,1170.03,Yes
Male,0,No,No,50.0,Yes,No,Fiber optic,No,Yes,No,No,Yes,Yes,Month-to-month,Yes,Electronic check,86.04,4928.4,No
Female,1,No,No,0.0,Yes,No,Fiber optic,No,No,No,No,Yes,No,Month-to-month,Yes,Bank transfer (automatic),74.55,0.0,Yes
Male,0,Yes,No,31.0,Yes,Yes,Fiber optic,No,No,Yes,No,Yes,No,Month-to-month,Yes,Bank transfer (automatic),91.35,2966.46,Yes
Female,1,No,No,42.0,Yes,Yes,Fiber optic,No,No,No,No,Yes,Yes,Month-to-month,Yes,Bank transfer (automatic),91.67,3886.48,No
Female,1,Yes,No,38.0,Yes,Yes,Fiber optic,No,Yes,Yes,No,Yes,No,Month-to-month,Yes,Electronic check,94.98,3733.53,Yes
Male,0,No,Yes,16.0,Yes,Yes,Fiber optic,No,No,No,Yes,Yes,No,Month-to-month,Yes,Bank transfer (automatic),90.77,1398.04,Yes
Female,1,No,No,0.0,Yes,No,Fiber optic,No,No,No,No,Yes,Yes,Month-to-month,Yes,Electronic check,82.87,0.0,Yes
Female,0,Yes,No,22.0,Yes,Yes,Fiber optic,No,No,No,No,Yes,No,Month-to-month,No,Mailed check,81.3,1604.39,No
Male,0,No,Yes,16.0,Yes,Yes,Fiber optic,No,No,No,Yes,Yes,Yes,Month-to-month,No,Bank transfer (automatic),89.65,1419.61,Yes
Female,0,Yes,Yes,33.0,Yes,Yes,Fiber optic,No,No,No,No,Yes,No,Month-to-month,No,Electronic check,87.48,2947.2,No
Male,1,No,No,41.0,Yes,Yes,Fiber optic,No,Yes,Yes,No,Yes,Yes,Month-to-month,Yes,Mailed check,105.29,4134.66,No
Female,0,Yes,No,69.0,Yes,Yes,Fiber optic,No,Yes,Yes,Yes,Yes,Yes,Month-to-month,Yes,Bank transfer (automatic),113.43,7209.46,No
Female,0,Yes,No,24.0,Yes,Yes,Fiber optic,No,No,No,Yes,Yes,Yes,Month-to-month,Yes,Electronic check,96.5,2307.34,Yes
Female,1,Yes,No,31.0,Yes,Yes,Fiber optic,Yes,No,Yes,No,Yes,Yes,Month-to-month,Yes,Electronic check,114.1,3650.99,Yes
Female,0,No,No,15.0,Yes,Yes,Fiber optic,No,Yes,No,No,Yes,Yes,Month-to-month,No,Electronic check,92.1,1480.72,Yes
Female,0,Yes,No,38.0,Yes,No,Fiber optic,No,No,No,No,Yes,Yes,Month-to-month,Yes,Bank transfer (automatic),93.83,3944.83,No
Male,1,Yes,No,39.0,Yes,Yes,Fiber optic,No,Yes,No,No,Yes,No,Month-to-month,Yes,Electronic check,91.58,4115.8,No
Female,0,No,Yes,0.0,Yes,No,Fiber optic,No,No,No,No,Yes,Yes,Month-to-month,Yes,Electronic check,87.49,0.0,Yes
Male,1,Yes,No,34.0,Yes,Yes,Fiber optic,No,No,Yes,No,Yes,Yes,Month-to-month,Yes,Electronic check,101.42,3377.15,Yes
Male,0,No,Yes,11.0,Yes,No,Fiber optic,No,No,Yes,No,Yes,Yes,Month-to-month,Yes,Electronic check,91.2,851.95,Yes
Male,1,Yes,No,32.0,Yes,Yes,Fiber optic,Yes,No,No,No,Yes,Yes,Month-to-month,Yes,Electronic check,97.95,3202.44,No
Male,1,No,No,28.0,Yes,Yes,Fiber optic,No,No,Yes,No,Yes,Yes,Month-to-month,No,Bank transfer (automatic),97.18,2815.74,Yes
Male,0,No,No,28.0,Yes,No,Fiber optic,Yes,No,Yes,No,Yes,No,Month-to-month,No,Electronic check,88.66,2972.77,Yes
Female,0,Yes,No,20.0,Yes,Yes,Fiber optic,No,No,No,No,Yes,Yes,Month-to-month,Yes,Electronic check,89.64,2114.35,Yes
Female,0,No,Yes,31.0,Yes,Yes,Fiber optic,No,Yes,Yes,No,Yes,Yes,Month-to-month,Yes,Bank transfer (automatic),102.1,3299.34,Yes
Female,0,Yes,No,13.0,Yes,Yes,Fiber optic,Yes,Yes,No,No,Yes,Yes,Month-to-month,Yes,Electronic check,104.79,1538.34,No
Male,0,No,No,48.0,Yes,Yes,Fiber optic,No,No,No,No,Yes,No,Month-to-month,No,Bank transfer (automatic),90.22,4686.23,Yes
Female,0,No,No,18.0,Yes,Yes,Fiber optic,No,No,No,No,Yes,No,Month-to-month,Yes,Bank transfer (automatic),84.96,1477.03,No
Male,1,No,No,14.0,Yes,Yes,Fiber optic,No,No,No,No,Yes,No,Month-to-month,No,Bank transfer (automatic),92.71,1433.88,No
Female,0,No,No,36.0,Yes,Yes,Fiber optic,No,Yes,Yes,Yes,Yes,No,Month-to-month,Yes,Bank transfer (automatic),97.67,3473.44,No
Female,0,Yes,Yes,16.0,Yes,No,Fiber optic,No,Yes,No,No,Yes,Yes,Month-to-month,Yes,Bank transfer (automatic),95.57,1507.42,Yes
Male,0,No,No,49.0,Yes,Yes,Fiber optic,No,Yes,Yes,No,Yes,Yes,Month-to-month,Yes,Electronic check,110.6,4989.3,No
Female,0,No,No,0.0,Yes,No,Fiber optic,Yes,No,No,No,Yes,Yes,Month-to-month,Yes,Electronic check,85.84,0.0,No
Male,1,No,No,49.0,Yes,Yes,Fiber optic,No,Yes,No,Yes,Yes,No,Month-to-month,Yes,Electronic check,98.1,4685.93,No
Female,0,No,No,34.0,Yes,Yes,Fiber optic,No,Yes,No,Yes,Yes,Yes,Month-to-month,No,Electronic check,104.23,3610.26,Yes
Female,1,No,No,24.0,Yes,Yes,Fiber optic,No,No,Yes,No,Yes,Yes,Month-to-month,Yes,Bank transfer (automatic),94.9,2196.0,No
Male,0,No,No,47.0,Yes,Yes,Fiber optic,Yes,Yes,No,No,Yes,Yes,Month-to-month,Yes,Electronic check,101.16,4695.16,No
Male,0,Yes,No,38.0,Yes,Yes,Fiber optic,No,Yes,Yes,No,Yes,Yes,Month-to-month,Yes,Bank transfer (automatic),110.4,3707.07,No
Male,0,No,No,23.0,Yes,Yes,Fiber optic,Yes,No,No,Yes,Yes,No,Month-to-month,No,Bank transfer (automatic),89.45,2063.96,Yes
Male,1,No,No,33.0,Yes,Yes,Fiber optic,Yes,No,Yes,No,Yes,Yes,Month-to-month,Yes,Mailed check,100.44,3405.47,No
Male,1,Yes,No,24.0,Yes,Yes,Fiber optic,No,Yes,Yes,No,Yes,Yes,Month-to-month,No,Mailed check,99.99,2370.55,No
Male,1,Yes,No,28.0,Yes,Yes,Fiber optic,No,Yes,Yes,No,Yes,No,Month-to-month,No,Electronic check,94.36,2607.58,Yes
Female,1,No,No,19.0,Yes,Yes,Fiber optic,No,No,No,No,Yes,Yes,Month-to-month,Yes,Electronic check,102.52,2242.4,Yes
Female,0,Yes,Yes,22.0,Yes,Yes,Fiber optic,No,No,No,Yes,Yes,Yes,Month-to-month,Yes,Electronic check,90.32,2101.94,Yes
Male,0,No,No,20.0,Yes,Yes,Fiber optic,No,Yes,No,No,Yes,No,Month-to-month,Yes,Electronic check,87.81,1563.68,No
Female,0,No,No,25.0,Yes,No,Fiber optic,No,Yes,No,No,Yes,Yes,Month-to-month,Yes,Electronic check,95.77,2615.41,Yes
Female,0,Yes,No,51.0,Yes,No,Fiber optic,Yes,No,Yes,No,Yes,Yes,Month-to-month,Yes,Bank transfer (automatic),96.22,5140.82,No
Female,1,Yes,No,13.0,Yes,Yes,Fiber optic,No,No,No,No,Yes,Yes,Month-to-month,Yes,Electronic check,88.29,1094.55,No
Female,0,Yes,Yes,47.0,Yes,Yes,Fiber optic,No,No,Yes,No,Yes,Yes,One year,Yes,Bank transfer (automatic),102.21,5303.12,Yes
Male,0,No,No,35.0,Yes,Yes,Fiber optic,No,No,Yes,Yes,Yes,No,One year,No,Bank transfer (automatic),93.21,3310.63,No
Female,1,No,No,33.0,Yes,Yes,Fiber optic,No,Yes,No,Yes,Yes,Yes,One year,No,Bank transfer (automatic),105.21,3676.18,No
Female,0,Yes,Yes,72.0,Yes,No,Fiber optic,No,Yes,Yes,Yes,Yes,Yes,One year,Yes,Bank transfer (automatic),105.72,8381.2,No
Male,0,No,No,72.0,Yes,Yes,Fiber optic,Yes,No,No,Yes,Yes,Yes,One year,Yes,Credit card (automatic),113.79,8397.24,Yes
Male,0,No,No,64.0,Yes,Yes,Fiber optic,No,Yes,Yes,Yes,Yes,Yes,One year,No,Electronic check,103.38,7157.24,No
Female,0,Yes,No,72.0,Yes,Yes,Fiber optic,No,Yes,No,Yes,No,Yes,One year,No,Bank transfer (automatic),97.36,8436.63,No
Female,0,Yes,No,57.0,Yes,Yes,Fiber optic,No,No,Yes,Yes,Yes,Yes,One year,Yes,Electronic check,104.71,6240.55,Yes
Female,0,Yes,No,60.0,Yes,Yes,Fiber optic,Yes,Yes,Yes,No,Yes,Yes,One year,Yes,Bank transfer (automatic),118.75,7545.0,Yes
Female,0,Yes,Yes,72.0,Yes,Yes,Fiber optic,No,Yes,No,No,Yes,Yes,One year,Yes,Bank transfer (automatic),108.35,7903.34,No
Male,0,Yes,No,48.0,Yes,No,Fiber optic,No,No,Yes,No,Yes,Yes,One year,Yes,Electronic check,93.4,4420.6,No
Female,0,No,No,50.0,Yes,No,Fiber optic,Yes,Yes,No,Yes,Yes,No,One year,No,Bank transfer (automatic),106.23,5321.67,No
Female,0,No,No,60.0,Yes,Yes,Fiber optic,No,Yes,Yes,No,Yes,No,One year,Yes,Credit card (automatic),105.97,6562.45,Yes
Female,1,Yes,No,72.0,Yes,Yes,Fiber optic,Yes,Yes,Yes,No,Yes,No,One year,Yes,Electronic check,103.89,7420.4,Yes
Male,1,Yes,No,44.0,Yes,Yes,Fiber optic,No,Yes,Yes,No,Yes,Yes,One year,No,Credit card (automatic),94.76,4302.91,No
Female,1,No,No,56.0,Yes,No,Fiber optic,No,No,Yes,No,Yes,Yes,One year,Yes,Credit card (automatic),97.89,5363.19,No
Female,0,Yes,Yes,43.0,Yes,No,Fiber optic,No,Yes,No,Yes,No,No,One year,Yes,Credit card (automatic),91.34,3819.6,No
Male,1,Yes,Yes,25.0,Yes,No,Fiber optic,No,Yes,No,Yes,Yes,Yes,One year,Yes,Electronic check,94.35,2430.33,No
Female,1,No,No,46.0,Yes,Yes,Fiber optic,Yes,Yes,Yes,Yes,Yes,Yes,One year,Yes,Electronic check,118.75,5546.29,No
Male,0,Yes,Yes,69.0,Yes,No,Fiber optic,No,Yes,Yes,No,Yes,No,One year,Yes,Bank transfer (automatic),84.99,6192.05,No
Male,0,Yes,No,43.0,Yes,No,Fiber optic,Yes,Yes,No,Yes,Yes,No,One year,Yes,Credit card (automatic),99.9,4503.13,No
Male,0,Yes,No,39.0,Yes,No,Fiber optic,No,Yes,Yes,Yes,Yes,Yes,One year,Yes,Electronic check,100.61,3942.64,Yes
Male,1,No,No,54.0,Yes,Yes,Fiber optic,No,No,Yes,No,Yes,No,One year,Yes,Electronic check,94.9,5055.9,Yes
Female,1,Yes,Yes,55.0,Yes,No,Fiber optic,No,No,Yes,No,Yes,Yes,One year,Yes,Bank transfer (automatic),100.46,5378.67,No
Female,1,No,No,56.0,Yes,Yes,Fiber optic,No,No,No,No,No,Yes,One year,Yes,Bank transfer (automatic),94.15,5338.39,No
Female,1,Yes,Yes,72.0,Yes,Yes,Fiber optic,No,Yes,Yes,No,No,Yes,One year,Yes,Electronic check,100.62,7816.39,No
Male,1,No,No,53.0,Yes,Yes,Fiber optic,No,No,No,Yes,Yes,No,One year,Yes,Bank transfer (automatic),92.67,5355.0,No
Female,1,No,No,36.0,Yes,No,Fiber optic,No,No,Yes,No,No,Yes,One year,Yes,Electronic check,82.84,2502.61,Yes
Female,0,Yes,No,63.0,Yes,Yes,Fiber optic,No,Yes,Yes,Yes,Yes,No,One year,Yes,Electronic check,102.11,6340.95,Yes
Female,0,Yes,Yes,54.0,Yes,Yes,Fiber optic,No,No,Yes,No,No,Yes,One year,Yes,Electronic check,92.8,5266.72,No
Female,0,No,No,67.0,Yes,Yes,Fiber optic,Yes,Yes,Yes,Yes,No,Yes,One year,Yes,Credit card (automatic),104.65,6981.89,No
Female,0,No,No,49.0,Yes,No,Fiber optic,No,No,Yes,No,Yes,Yes,One year,No,Electronic check,100.37,4759.89,Yes
Female,1,No,No,51.0,Yes,Yes,Fiber optic,Yes,Yes,Yes,No,Yes,Yes,One year,Yes,Bank transfer (automatic),108.16,5483.49,No
Female,0,No,No,42.0,Yes,No,Fiber optic,No,Yes,Yes,No,No,No,One year,Yes,Bank transfer (automatic),84.55,3593.89,No
Male,0,Yes,No,53.0,Yes,Yes,Fiber optic,No,No,Yes,Yes,Yes,Yes,One year,Yes,Electronic check,112.71,5994.86,Yes
Female,0,No,No,64.0,Yes,Yes,Fiber optic,No,Yes,No,Yes,No,No,One year,Yes,Bank transfer (automatic),92.21,5864.94,No
Male,0,Yes,Yes,65.0,Yes,Yes,Fiber optic,Yes,Yes,Yes,No,No,No,One year,No,Credit card (automatic),84.83,5853.93,No
Female,0,Yes,Yes,25.0,Yes,No,Fiber optic,No,No,No,Yes,No,No,One year,Yes,Credit card (automatic),79.41,1627.71,No
Male,0,No,No,60.0,Yes,No,Fiber optic,Yes,Yes,Yes,No,Yes,No,One year,Yes,Bank transfer (automatic),96.8,5840.75,No
Female,0,Yes,No,40.0,Yes,No,Fiber optic,No,Yes,Yes,Yes,Yes,Yes,One year,Yes,Electronic check,95.58,3738.5,No
Male,0,No,No,72.0,Yes,Yes,Fiber optic,Yes,Yes,Yes,Yes,No,Yes,One year,No,Credit card (automatic),100.62,7443.07,No
Male,0,No,No,37.0,Yes,Yes,Fiber optic,No,No,No,No,Yes,Yes,One year,Yes,Electronic check,97.54,3506.36,No
Male,0,Yes,Yes,60.0,Yes,No,Fiber optic,Yes,No,No,No,No,Yes,One year,Yes,Credit card (automatic),88.98,5435.59,No
Female,0,Yes,Yes,62.0,Yes,Yes,Fiber optic,No,Yes,No,No,No,Yes,One year,Yes,Credit card (automatic),93.21,5560.47,No
Male,0,Yes,Yes,72.0,Yes,No,Fiber optic,No,Yes,Yes,Yes,Yes,Yes,One year,Yes,Credit card (automatic),111.24,8684.8,No
Male,0,No,No,33.0,Yes,No,Fiber optic,No,No,Yes,No,Yes,Yes,One year,Yes,Electronic check,86.41,2733.64,No
Female,0,Yes,Yes,72.0,Yes,Yes,Fiber optic,Yes,Yes,No,Yes,Yes,Yes,One year,Yes,Electronic check,103.43,7521.15,No
Female,0,Yes,No,38.0,Yes,No,Fiber optic,No,No,No,Yes,Yes,Yes,One year,Yes,Bank transfer (automatic),91.81,3620.32,No
Male,1,Yes,Yes,72.0,Yes,Yes,Fiber optic,Yes,Yes,Yes,Yes,Yes,Yes,One year,Yes,Credit card (automatic),106.1,7597.7,No
Female,1,Yes,No,63.0,Yes,Yes,Fiber optic,No,No,Yes,Yes,Yes,Yes,One year,Yes,Electronic check,118.75,7264.5,Yes
Male,1,No,Yes,36.0,Yes,No,Fiber optic,Yes,No,Yes,No,Yes,Yes,One year,Yes,Bank transfer (automatic),97.33,3405.77,No
Male,0,No,No,43.0,Yes,No,Fiber optic,No,Yes,Yes,No,Yes,No,One year,Yes,Electronic check,100.18,4402.33,No
Female,0,Yes,Yes,6.0,Yes,No,Fiber optic,Yes,No,No,Yes,No,Yes,One year,No,Bank transfer (automatic),86.02,423.16,Yes
Male,0,Yes,No,47.0,Yes,No,Fiber optic,Yes,Yes,Yes,No,No,Yes,One year,No,Credit card (automatic),102.01,4851.37,No
Female,0,Yes,Yes,39.0,Yes,Yes,Fiber optic,No,Yes,Yes,Yes,Yes,Yes,One year,Yes,Electronic check,107.68,4646.46,Yes
Male,0,Yes,Yes,41.0,Yes,No,Fiber optic,No,Yes,No,Yes,No,Yes,One year,No,Electronic check,88.31,3581.47,No
Female,0,No,No,31.0,Yes,No,Fiber optic,No,No,Yes,Yes,Yes,Yes,One year,No,Bank transfer (automatic),95.06,2782.5,No
Male,0,Yes,Yes,68.0,Yes,Yes,Fiber optic,No,Yes,Yes,No,Yes,Yes,One year,Yes,Electronic check,95.95,6566.81,Yes
Male,0,Yes,No,44.0,Yes,Yes,Fiber optic,No,No,Yes,Yes,Yes,Yes,One year,Yes,Bank transfer (automatic),103.12,4775.82,No
Male,0,Yes,No,64.0,Yes,Yes,Fiber optic,Yes,Yes,Yes,No,Yes,Yes,One year,No,Electronic check,97.16,6127.55,No
Male,0,Yes,Yes,52.0,Yes,Yes,Fiber optic,No,Yes,No,Yes,No,Yes,One year,Yes,Bank transfer (automatic),94.72,4998.15,No
Female,0,Yes,No,53.0,Yes,No,Fiber optic,Yes,No,Yes,Yes,Yes,Yes,One year,Yes,Electronic check,98.1,5286.64,No
Male,0,No,No,46.0,Yes,Yes,Fiber optic,Yes,No,Yes,No,No,Yes,One year,Yes,Electronic check,89.61,4080.11,No
Male,0,Yes,Yes,53.0,Yes,Yes,Fiber optic,No,Yes,Yes,Yes,No,No,One year,Yes,Bank transfer (automatic),89.16,4777.89,No
Male,0,Yes,No,72.0,Yes,Yes,Fiber optic,No,No,Yes,No,Yes,Yes,One year,Yes,Bank transfer (automatic),107.55,7942.33,No
Male,0,Yes,Yes,55.0,Yes,Yes,Fiber optic,Yes,Yes,Yes,Yes,Yes,Yes,One year,Yes,Credit card (automatic),116.78,6369.39,Yes
Male,1,Yes,No,43.0,Yes,No,Fiber optic,No,Yes,Yes,No,Yes,Yes,One year,Yes,Electronic check,107.85,4710.0,No
Female,0,No,No,39.0,Yes,Yes,Fiber optic,No,No,No,No,Yes,Yes,One year,No,Credit card (automatic),86.6,3265.24,No
Female,0,No,No,58.0,Yes,Yes,Fiber optic,No,Yes,Yes,Yes,Yes,No,One year,No,Bank transfer (automatic),101.24,6027.69,No
Male,0,No,No,47.0,Yes,No,Fiber optic,No,Yes,Yes,Yes,Yes,Yes,One year,Yes,Electronic check,104.36,4901.9,No
Female,0,Yes,No,53.0,Yes,Yes,Fiber optic,Yes,No,Yes,Yes,No,No,One year,No,Electronic check,90.52,5309.41,Yes
Female,0,Yes,No,58.0,Yes,No,Fiber optic,No,Yes,No,Yes,Yes,No,One year,Yes,Credit card (automatic),93.81,5194.36,No
Male,0,No,Yes,44.0,Yes,Yes,Fiber optic,No,Yes,Yes,No,Yes,Yes,One year,Yes,Bank transfer (automatic),109.41,4968.47,Yes
Male,0,Yes,Yes,44.0,Yes,No,Fiber optic,No,Yes,Yes,Yes,Yes,Yes,One year,No,Credit card (automatic),108.78,4874.53,No
Female,0,Yes,No,44.0,Yes,Yes,Fiber optic,Yes,Yes,No,Yes,Yes,Yes,One year,Yes,Credit card (automatic),99.78,4748.55,Yes
Female,0,Yes,No,41.0,Yes,Yes,Fiber optic,No,Yes,No,No,Yes,Yes,One year,Yes,Bank transfer (automatic),98.98,4458.17,Yes
Male,1,No,No,66.0,Yes,No,Fiber optic,Yes,Yes,No,No,Yes,Yes,One year,No,Credit card (automatic),90.0,6202.34,No
Male,1,No,No,41.0,Yes,Yes,Fiber optic,No,No,Yes,Yes,Yes,Yes,One year,No,Electronic check,102.35,4389.78,Yes
Female,0,Yes,Yes,33.0,Yes,Yes,Fiber optic,No,No,Yes,No,Yes,Yes,One year,Yes,Electronic check,96.29,2832.22,No
Female,1,Yes,No,53.0,Yes,Yes,Fiber optic,No,Yes,No,No,Yes,Yes,One year,Yes,Bank transfer (automatic),96.7,4790.08,No
Male,0,Yes,No,55.0,Yes,No,Fiber optic,Yes,Yes,Yes,Yes,No,No,One year,No,Credit card (automatic),93.06,5560.48,No
Female,0,Yes,Yes,72.0,Yes,No,Fiber optic,Yes,Yes,No,Yes,Yes,Yes,One year,Yes,Credit card (automatic),101.02,8412.49,No
Female,0,No,No,31.0,Yes,No,Fiber optic,No,No,Yes,No,No,Yes,One year,Yes,Electronic check,88.51,2503.91,No
Male,0,No,Yes,7.0,Yes,No,Fiber optic,Yes,No,Yes,Yes,No,No,One year,No,Bank transfer (automatic),85.43,490.32,No
Male,1,No,No,56.0,Yes,Yes,Fiber optic,No,No,Yes,Yes,Yes,No,One year,No,Bank transfer (automatic),91.79,5452.52,No
Female,1,Yes,No,48.0,Yes,Yes,Fiber optic,No,No,Yes,No,Yes,Yes,One year,Yes,Electronic check,100.44,4759.16,No
Male,0,Yes,No,62.0,Yes,No,Fiber optic,Yes,No,Yes,No,No,No,One year,Yes,Credit card (automatic),88.22,5668.56,No
Male,0,Yes,No,70.0,Yes,Yes,Fiber optic,No,Yes,Yes,No,Yes,Yes,One year,Yes,Bank transfer (automatic),106.26,7324.01,No
Female,0,No,No,54.0,Yes,Yes,Fiber optic,No,No,Yes,No,No,No,One year,Yes,Credit card (automatic),88.23,4556.65,No
Male,0,Yes,No,9.0,Yes,No,Fiber optic,Yes,No,Yes,Yes,Yes,Yes,One year,Yes,Electronic check,104.59,1132.84,No
Female,0,Yes,Yes,55.0,Yes,Yes,Fiber optic,No,Yes,No,Yes,No,No,One year,Yes,Credit card (automatic),80.4,4646.4,No
Female,1,Yes,No,72.0,Yes,Yes,Fiber optic,Yes,No,Yes,Yes,Yes,Yes,One year,Yes,Bank transfer (automatic),108.93,7735.18,No
Male,0,No,No,39.0,Yes,No,Fiber optic,No,No,No,No,No,No,One year,Yes,Electronic check,69.78,2231.2,No
Female,0,No,No,60.0,Yes,No,Fiber optic,No,Yes,No,Yes,No,No,One year,Yes,Credit card (automatic),85.34,5496.12,No
Male,1,No,No,61.0,Yes,Yes,Fiber optic,No,Yes,Yes,Yes,Yes,Yes,One year,Yes,Credit card (automatic),110.27,6804.22,No
Male,0,Yes,Yes,58.0,Yes,No,Fiber optic,No,No,Yes,No,Yes,Yes,One year,No,Bank transfer (automatic),89.44,5221.77,No
Male,1,Yes,No,49.0,Yes,Yes,Fiber optic,No,Yes,Yes,No,No,No,One year,Yes,Credit card (automatic),85.43,4087.65,No
Male,1,No,No,49.0,Yes,Yes,Fiber optic,No,Yes,No,Yes,Yes,Yes,One year,Yes,Bank transfer (automatic),115.8,5611.02,Yes
Female,0,Yes,Yes,60.0,Yes,Yes,Fiber optic,Yes,Yes,Yes,No,Yes,No,One year,Yes,Bank transfer (automatic),105.0,6269.42,No
Female,0,Yes,No,70.0,Yes,No,Fiber optic,No,No,Yes,No,Yes,Yes,One year,Yes,Electronic check,99.1,7017.13,No
Female,1,No,No,60.0,Yes,Yes,Fiber optic,No,No,No,Yes,Yes,Yes,One year,Yes,Credit card (automatic),106.21,6165.75,Yes
Male,0,Yes,Yes,50.0,Yes,Yes,Fiber optic,No,Yes,Yes,No,No,No,One year,Yes,Credit card (automatic),79.52,4196.29,No
Male,1,No,No,43.0,Yes,Yes,Fiber optic,No,No,No,Yes,Yes,Yes,One year,Yes,Electronic check,100.56,4291.94,Yes
Female,0,No,No,48.0,Yes,Yes,Fiber optic,No,No,No,Yes,No,Yes,One year,Yes,Electronic check,87.96,4120.09,Yes
Female,1,Yes,No,72.0,Yes,Yes,Fiber optic,Yes,Yes,Yes,Yes,Yes,Yes,One year,Yes,Bank transfer (automatic),109.57,8684.8,No
Female,1,Yes,No,49.0,Yes,Yes,Fiber optic,No,Yes,Yes,No,Yes,Yes,One year,Yes,Electronic check,110.91,5719.32,No
Male,0,Yes,Yes,44.0,Yes,No,Fiber optic,No,No,No,No,Yes,Yes,One year,Yes,Electronic check,95.46,4632.16,Yes
Female,0,No,No,53.0,Yes,Yes,Fiber optic,No,Yes,No,No,No,Yes,One year,Yes,Electronic check,100.32,5450.16,No
Female,0,No,No,55.0,Yes,No,Fiber optic,Yes,Yes,Yes,Yes,No,Yes,One year,No,Bank transfer (automatic),101.34,5414.61,No
Female,1,No,Yes,35.0,Yes,No,Fiber optic,No,Yes,Yes,No,Yes,Yes,One year,Yes,Bank transfer (automatic),96.0,3313.65,No
Female,0,No,No,49.0,Yes,Yes,Fiber optic,Yes,No,Yes,No,Yes,No,One year,Yes,Electronic check,95.3,4490.47,No
Female,1,No,No,60.0,Yes,Yes,Fiber optic,No,Yes,Yes,No,Yes,Yes,One year,Yes,Bank transfer (automatic),99.27,5821.98,No
Male,0,Yes,Yes,55.0,Yes,Yes,Fiber optic,Yes,Yes,No,Yes,Yes,Yes,One year,Yes,Electronic check,101.72,5728.12,No
Female,0,No,Yes,52.0,Yes,Yes,Fiber optic,No,No,Yes,No,Yes,Yes,One year,Yes,Electronic check,96.64,5014.87,No
Male,1,Yes,Yes,72.0,Yes,Yes,Fiber optic,Yes,Yes,Yes,No,Yes,Yes,One year,Yes,Electronic check,100.68,8684.8,No
Female,0,Yes,No,46.0,Yes,No,Fiber optic,No,No,No,Yes,Yes,No,One year,Yes,Bank transfer (automatic),88.36,3828.28,Yes
Male,0,Yes,No,45.0,Yes,No,Fiber optic,No,Yes,Yes,Yes,Yes,Yes,One year,Yes,Electronic check,100.88,4600.98,Yes
Male,1,No,No,66.0,Yes,Yes,Fiber optic,No,No,Yes,Yes,Yes,Yes,One year,Yes,Bank transfer (automatic),99.44,6546.17,No
Female,0,Yes,No,49.0,Yes,Yes,Fiber optic,No,Yes,Yes,Yes,Yes,Yes,One year,Yes,Electronic check,105.81,5553.44,No
Female,1,Yes,Yes,65.0,Yes,Yes,Fiber optic,No,No,No,Yes,No,No,One year,No,Credit card (automatic),73.66,5184.76,No
Male,1,Yes,No,62.0,Yes,No,Fiber optic,No,No,Yes,No,Yes,Yes,One year,Yes,Electronic check,90.61,5428.44,No
Female,1,No,No,58.0,Yes,Yes,Fiber optic,No,No,Yes,No,No,Yes,One year,Yes,Electronic check,94.26,6145.99,No
Female,0,Yes,Yes,28.0,Yes,Yes,Fiber optic,No,No,No,No,Yes,No,One year,Yes,Credit card (automatic),85.88,2288.56,No
Male,0,No,Yes,65.0,Yes,No,Fiber optic,No,No,No,No,Yes,No,One year,No,Bank transfer (automatic),85.39,5694.72,No
Male,1,No,No,67.0,Yes,No,Fiber optic,No,Yes,No,No,Yes,No,One year,No,Credit card (automatic),88.69,5770.32,No
Male,0,No,No,60.0,Yes,Yes,Fiber optic,Yes,Yes,No,Yes,Yes,No,One year,No,Bank transfer (automatic),95.05,5651.79,No
Male,0,No,No,39.0,Yes,Yes,Fiber optic,No,Yes,No,No,Yes,No,One year,No,Credit card (automatic),93.1,3507.91,No
Female,1,Yes,No,51.0,Yes,Yes,Fiber optic,No,No,No,No,Yes,Yes,One year,Yes,Electronic check,107.1,5803.31,Yes
Male,1,Yes,No,72.0,Yes,Yes,Fiber optic,Yes,No,No,No,Yes,Yes,One year,Yes,Bank transfer (automatic),96.88,7686.07,No
Female,1,No,No,62.0,Yes,No,Fiber optic,Yes,Yes,No,No,No,No,One year,Yes,Bank transfer (automatic),85.61,5417.85,No
Female,0,No,No,52.0,Yes,Yes,Fiber optic,Yes,No,No,Yes,Yes,Yes,One year,No,Credit card (automatic),102.49,5427.97,No
Male,1,Yes,Yes,53.0,Yes,No,Fiber optic,Yes,Yes,Yes,Yes,Yes,Yes,One year,Yes,Credit card (automatic),110.41,5778.67,No
Male,0,Yes,Yes,37.0,Yes,No,Fiber optic,No,Yes,No,No,No,Yes,One year,Yes,Bank transfer (automatic),87.52,3586.5,No
Female,0,Yes,Yes,45.0,Yes,Yes,Fiber optic,No,No,Yes,No,Yes,No,One year,Yes,Electronic check,94.0,4637.16,Yes
Female,0,Yes,Yes,72.0,Yes,Yes,Fiber optic,Yes,Yes,No,No,Yes,Yes,One year,Yes,Credit card (automatic),91.0,6535.28,No
Female,0,Yes,Yes,35.0,Yes,Yes,Fiber optic,Yes,Yes,No,Yes,No,No,One year,Yes,Credit card (automatic),94.17,3548.76,No
Male,0,No,No,42.0,Yes,Yes,Fiber optic,No,No,No,Yes,Yes,Yes,One year,Yes,Electronic check,95.06,4137.62,No
Male,0,Yes,No,54.0,Yes,Yes,Fiber optic,No,Yes,Yes,Yes,Yes,No,One year,Yes,Credit card (automatic),96.08,5075.44,Yes
Female,1,Yes,No,67.0,Yes,Yes,Fiber optic,No,Yes,Yes,Yes,Yes,Yes,One year,Yes,Electronic check,100.78,7026.03,No
Female,1,Yes,No,69.0,Yes,No,Fiber optic,Yes,No,No,Yes,Yes,Yes,One year,Yes,Credit card (automatic),102.6,6823.03,No
Male,0,No,No,42.0,Yes,No,Fiber optic,No,No,No,No,Yes,Yes,One year,Yes,Credit card (automatic),96.46,4040.88,No
Male,0,Yes,No,49.0,Yes,Yes,Fiber optic,No,Yes,Yes,No,Yes,Yes,One year,No,Electronic check,113.79,5424.61,No
Female,1,No,No,72.0,Yes,Yes,Fiber optic,Yes,Yes,Yes,Yes,Yes,Yes,One year,Yes,Credit card (automatic),118.1,8249.0,No
Female,1,Yes,No,54.0,Yes,Yes,Fiber optic,No,Yes,No,No,No,Yes,One year,Yes,Electronic check,88.63,4487.58,Yes
Male,1,Yes,No,63.0,Yes,Yes,Fiber optic,Yes,Yes,No,Yes,No,No,One year,Yes,Electronic check,91.18,5295.84,No
Male,0,Yes,No,66.0,Yes,Yes,Fiber optic,Yes,Yes,Yes,Yes,Yes,No,One year,No,Electronic check,98.39,6533.96,No
Male,0,Yes,No,38.0,Yes,No,Fiber optic,No,Yes,Yes,Yes,Yes,Yes,One year,Yes,Bank transfer (automatic),103.11,4045.12,Yes
Female,0,Yes,Yes,64.0,Yes,Yes,Fiber optic,Yes,Yes,Yes,Yes,Yes,Yes,One year,No,Credit card (automatic),108.42,7307.78,No
Male,0,No,No,53.0,Yes,No,Fiber optic,Yes,Yes,Yes,No,Yes,Yes,One year,Yes,Credit card (automatic),113.75,5654.93,No
Female,1,Yes,No,56.0,Yes,Yes,Fiber optic,Yes,No,Yes,Yes,Yes,Yes,One year,Yes,Electronic check,108.14,6405.77,No
Female,0,No,No,52.0,Yes,Yes,Fiber optic,No,No,Yes,No,Yes,Yes,One year,Yes,Electronic check,100.12,5170.77,No
Female,0,No,Yes,55.0,Yes,Yes,Fiber optic,No,Yes,Yes,No,Yes,Yes,One year,Yes,Credit card (automatic),102.07,5810.2,No
Male,0,Yes,No,72.0,Yes,Yes,Fiber optic,Yes,Yes,Yes,No,Yes,Yes,One year,No,Bank transfer (automatic),109.13,7429.81,Yes
Male,0,No,No,41.0,Yes,Yes,Fiber optic,No,Yes,Yes,Yes,No,No,One year,Yes,Bank transfer (automatic),87.37,3448.19,No
Female,0,Yes,Yes,45.0,Yes,Yes,Fiber optic,No,Yes,No,No,Yes,Yes,One year,No,Credit card (automatic),116.09,5448.06,No
Male,1,Yes,No,39.0,Yes,Yes,Fiber optic,Yes,Yes,Yes,Yes,No,Yes,One year,No,Credit card (automatic),101.51,4046.25,No
Female,0,Yes,No,72.0,Yes,Yes,Fiber optic,Yes,No,No,Yes,Yes,No,One year,Yes,Credit card (automatic),97.07,7882.82,Yes
Female,0,Yes,Yes,63.0,Yes,No,Fiber optic,No,No,Yes,Yes,Yes,No,One year,Yes,Electronic check,89.97,5699.09,No
Male,1,No,No,38.0,Yes,Yes,Fiber optic,Yes,No,Yes,No,No,No,One year,Yes,Bank transfer (automatic),90.84,3293.57,No
Female,0,Yes,Yes,57.0,Yes,Yes,Fiber optic,Yes,Yes,Yes,No,No,No,One year,Yes,Bank transfer (automatic),95.93,5473.38,No
Female,0,Yes,Yes,39.0,Yes,No,Fiber optic,Yes,No,No,No,Yes,No,One year,Yes,Bank transfer (automatic),86.38,3226.96,No
Male,0,Yes,No,39.0,Yes,No,Fiber optic,Yes,Yes,Yes,No,Yes,Yes,One year,No,Bank transfer (automatic),99.37,3634.83,No
Male,0,Yes,Yes,53.0,Yes,Yes,Fiber optic,No,Yes,No,No,Yes,Yes,One year,Yes,Electronic check,93.47,5116.9,No
Male,0,Yes,No,72.0,Yes,Yes,Fiber optic,Yes,Yes,No,No,Yes,Yes,One year,Yes,Electronic check,99.81,7513.49,Yes
Male,0,Yes,No,68.0,Yes,No,Fiber optic,No,Yes,No,Yes,Yes,No,One year,Yes,Electronic check,93.8,6520.43,No
Male,0,Yes,Yes,50.0,Yes,No,Fiber optic,No,Yes,Yes,No,Yes,Yes,One year,No,Credit card (automatic),100.79,4800.04,Yes
Male,0,No,No,19.0,Yes,Yes,Fiber optic,No,No,Yes,Yes,Yes,No,One year,Yes,Electronic check,92.3,1474.94,No
Male,0,Yes,Yes,72.0,Yes,Yes,Fiber optic,No,Yes,Yes,Yes,Yes,Yes,One year,Yes,Bank transfer (automatic),97.86,7496.66,No
Female,1,Yes,No,72.0,Yes,No,Fiber optic,Yes,Yes,Yes,Yes,Yes,Yes,One year,Yes,Bank transfer (automatic),114.02,8684.8,No
Female,0,Yes,No,57.0,Yes,Yes,Fiber optic,No,Yes,Yes,Yes,Yes,No,One year,Yes,Credit card (automatic),113.25,6092.59,No
Female,0,Yes,Yes,33.0,Yes,No,Fiber optic,Yes,No,Yes,No,Yes,Yes,One year,Yes,Electronic check,95.8,3167.62,No
Female,0,No,Yes,54.0,Yes,Yes,Fiber optic,No,No,No,Yes,No,No,One year,Yes,Credit card (automatic),87.92,5224.12,Yes
Male,1,No,No,60.0,Yes,No,Fiber optic,No,Yes,Yes,Yes,Yes,Yes,One year,Yes,Bank transfer (automatic),99.27,5874.24,No
Male,0,Yes,Yes,53.0,Yes,Yes,Fiber optic,No,No,Yes,Yes,Yes,No,One year,No,Electronic check,97.7,5353.37,No
Female,0,Yes,No,6.0,Yes,No,Fiber optic,Yes,Yes,Yes,No,Yes,Yes,One year,Yes,Electronic check,98.73,712.95,Yes
Male,0,Yes,Yes,57.0,Yes,Yes,Fiber optic,No,Yes,No,No,Yes,Yes,One year,Yes,Electronic check,107.84,6390.68,No
Male,0,No,Yes,55.0,Yes,Yes,Fiber optic,No,Yes,Yes,No,Yes,Yes,One year,Yes,Electronic check,102.01,5779.94,Yes
Female,0,Yes,No,28.0,Yes,Yes,Fiber optic,No,No,Yes,Yes,Yes,Yes,One year,Yes,Credit card (automatic),100.47,2836.72,Yes
Female,0,Yes,Yes,48.0,Yes,Yes,Fiber optic,Yes,Yes,No,No,No,Yes,One year,Yes,Bank transfer (automatic),96.88,4825.03,No
Male,0,No,No,72.0,Yes,No,Fiber optic,Yes,Yes,Yes,Yes,Yes,Yes,One year,No,Bank transfer (automatic),106.75,7713.85,No
Male,0,Yes,Yes,72.0,Yes,No,Fiber optic,Yes,Yes,Yes,Yes,Yes,Yes,One year,Yes,Bank transfer (automatic),108.83,8118.33,No
Male,0,Yes,Yes,56.0,Yes,No,Fiber optic,No,No,No,No,Yes,Yes,One year,Yes,Credit card (automatic),96.9,5267.76,Yes
Male,0,Yes,Yes,34.0,Yes,Yes,Fiber optic,No,Yes,Yes,Yes,Yes,Yes,One year,No,Bank transfer (automatic),103.07,3387.71,No
Male,0,No,No,61.0,Yes,Yes,Fiber optic,Yes,Yes,No,No,Yes,No,One year,Yes,Bank transfer (automatic),95.28,5837.45,No
Male,1,Yes,No,45.0,Yes,No,Fiber optic,No,No,Yes,No,Yes,Yes,One year,No,Electronic check,90.46,4137.13,No
Male,0,Yes,No,71.0,Yes,Yes,Fiber optic,No,No,No,No,No,No,One year,Yes,Electronic check,73.01,5545.17,No
Male,0,No,Yes,55.0,Yes,Yes,Fiber optic,Yes,No,Yes,No,Yes,No,One year,No,Credit card (automatic),99.43,5668.08,No
Male,1,Yes,Yes,52.0,Yes,Yes,Fiber optic,No,No,Yes,No,No,No,One year,No,Electronic check,80.14,4259.61,No
Male,0,No,No,39.0,Yes,No,Fiber optic,Yes,No,Yes,Yes,Yes,Yes,One year,Yes,Electronic check,117.51,5038.36,Yes
Female,0,Yes,Yes,40.0,Yes,Yes,Fiber optic,No,No,Yes,Yes,Yes,Yes,One year,Yes,Electronic check,98.14,3991.84,No
Female,0,Yes,Yes,59.0,Yes,Yes,Fiber optic,Yes,Yes,Yes,Yes,Yes,Yes,One year,Yes,Credit card (automatic),117.97,6522.43,No
Female,0,No,No,62.0,Yes,Yes,Fiber optic,No,Yes,No,Yes,Yes,No,One year,Yes,Bank transfer (automatic),96.03,5876.08,Yes
Female,1,Yes,No,68.0,Yes,Yes,Fiber optic,No,No,Yes,No,Yes,Yes,One year,Yes,Bank transfer (automatic),94.42,6531.97,No
Female,0,Yes,No,69.0,Yes,Yes,Fiber optic,Yes,Yes,No,No,Yes,Yes,One year,Yes,Bank transfer (automatic),118.75,7969.99,No
Male,0,No,No,44.0,Yes,Yes,Fiber optic,No,No,Yes,No,No,Yes,One year,No,Credit card (automatic),85.76,3777.27,Yes
Male,0,Yes,Yes,43.0,Yes,Yes,Fiber optic,Yes,No,Yes,No,No,Yes,One year,Yes,Electronic check,100.89,4449.21,No
Male,0,No,No,66.0,Yes,Yes,Fiber optic,Yes,Yes,Yes,No,Yes,Yes,One year,Yes,Bank transfer (automatic),118.75,7618.03,Yes
Male,0,No,No,18.0,Yes,Yes,Fiber optic,No,No,Yes,No,Yes,Yes,One year,No,Electronic check,97.69,2034.16,Yes
Female,1,Yes,Yes,50.0,Yes,Yes,Fiber optic,No,Yes,No,No,No,No,One year,Yes,Electronic check,91.64,4797.92,No
Female,1,No,No,40.0,Yes,No,Fiber optic,Yes,No,Yes,Yes,No,No,One year,No,Credit card (automatic),92.28,3910.45,No
Male,0,Yes,Yes,72.0,Yes,Yes,Fiber optic,Yes,Yes,No,No,No,Yes,One year,Yes,Credit card (automatic),94.25,7482.85,No
Male,0,Yes,Yes,49.0,Yes,Yes,Fiber optic,No,Yes,Yes,No,No,No,One year,Yes,Credit card (automatic),86.79,4311.43,No
Male,0,No,Yes,47.0,Yes,Yes,Fiber optic,No,No,Yes,Yes,Yes,Yes,One year,No,Electronic check,106.67,5153.48,Yes
Male,0,No,No,63.0,Yes,No,Fiber optic,Yes,Yes,Yes,No,No,Yes,One year,No,Bank transfer (automatic),91.59,5768.15,No
Male,0,No,Yes,48.0,Yes,Yes,Fiber optic,Yes,Yes,Yes,No,Yes,Yes,One year,Yes,Electronic check,108.02,5371.61,Yes
Female,0,No,No,57.0,Yes,No,Fiber optic,Yes,No,No,No,Yes,Yes,One year,Yes,Credit card (automatic),97.36,5564.37,No
Female,0,No,No,71.0,Yes,Yes,Fiber optic,No,Yes,Yes,No,No,No,One year,No,Electronic check,94.17,6319.7,No
Male,1,No,No,44.0,Yes,Yes,Fiber optic,Yes,Yes,Yes,Yes,Yes,Yes,One year,Yes,Credit card (automatic),105.86,4846.32,No
Male,0,Yes,No,64.0,Yes,No,Fiber optic,Yes,Yes,No,No,Yes,Yes,One year,Yes,Electronic check,98.2,6403.37,No
Female,1,Yes,No,72.0,Yes,Yes,Fiber optic,No,Yes,Yes,No,Yes,Yes,One year,No,Bank transfer (automatic),110.92,7909.29,No
Female,0,Yes,No,69.0,Yes,Yes,Fiber optic,No,Yes,Yes,No,Yes,No,One year,Yes,Electronic check,98.84,6585.21,No
Female,0,No,No,37.0,Yes,No,Fiber optic,Yes,Yes,Yes,No,Yes,Yes,One year,Yes,Credit card (automatic),108.53,4415.62,No
Male,0,Yes,Yes,63.0,Yes,No,Fiber optic,Yes,No,Yes,Yes,Yes,Yes,One year,No,Credit card (automatic),114.24,7267.71,Yes
Female,1,Yes,No,51.0,Yes,Yes,Fiber optic,Yes,No,Yes,No,Yes,Yes,One year,Yes,Electronic check,111.04,5950.32,No
Male,0,Yes,Yes,50.0,Yes,No,Fiber optic,No,No,Yes,Yes,No,Yes,One year,Yes,Bank transfer (automatic),103.32,5223.88,No
Female,0,Yes,Yes,71.0,Yes,Yes,Fiber optic,Yes,No,Yes,No,Yes,Yes,One year,No,Credit card (automatic),109.08,7641.25,No
Female,0,No,No,48.0,Yes,No,Fiber optic,Yes,Yes,No,Yes,Yes,Yes,One year,Yes,Credit card (automatic),101.24,4712.5,Yes
Female,0,Yes,Yes,48.0,Yes,Yes,Fiber optic,Yes,Yes,Yes,Yes,Yes,Yes,One year,Yes,Bank transfer (automatic),118.75,6195.96,No
Male,0,Yes,No,48.0,Yes,Yes,Fiber optic,Yes,No,Yes,No,Yes,Yes,One year,Yes,Bank transfer (automatic),112.09,5757.71,No
Female,0,Yes,No,55.0,Yes,Yes,Fiber optic,No,Yes,No,No,No,No,One year,Yes,Credit card (automatic),86.3,5183.09,No
Male,0,Yes,No,67.0,Yes,Yes,Fiber optic,Yes,No,Yes,Yes,Yes,Yes,One year,Yes,Bank transfer (automatic),114.18,7617.43,Yes
Female,0,No,No,43.0,Yes,Yes,Fiber optic,No,No,Yes,No,Yes,Yes,One year,Yes,Electronic check,93.52,4266.24,No
Female,1,Yes,Yes,63.0,Yes,Yes,Fiber optic,No,Yes,Yes,No,No,Yes,One year,Yes,Bank transfer (automatic),98.2,6036.73,Yes
Male,0,Yes,Yes,40.0,Yes,Yes,Fiber optic,No,Yes,Yes,Yes,Yes,Yes,One year,Yes,Credit card (automatic),95.71,3723.31,Yes
Female,1,Yes,Yes,53.0,Yes,Yes,Fiber optic,No,Yes,Yes,Yes,Yes,Yes,One year,Yes,Electronic check,108.12,5840.18,No
Female,1,No,No,65.0,Yes,Yes,Fiber optic,Yes,Yes,Yes,No,Yes,No,One year,Yes,Credit card (automatic),109.39,7087.35,No
Female,0,Yes,No,48.0,Yes,Yes,Fiber optic,Yes,No,Yes,No,Yes,Yes,One year,Yes,Electronic check,100.52,5128.35,No
Male,0,No,No,68.0,Yes,Yes,Fiber optic,Yes,Yes,No,Yes,Yes,Yes,One year,Yes,Bank transfer (automatic),116.97,7452.42,No
Female,0,No,No,55.0,Yes,Yes,Fiber optic,No,No,Yes,No,Yes,Yes,One year,Yes,Bank transfer (automatic),113.16,6279.54,Yes
Male,0,No,No,57.0,Yes,Yes,Fiber optic,Yes,No,Yes,Yes,Yes,Yes,One year,Yes,Credit card (automatic),99.22,5576.73,No
Female,0,Yes,Yes,53.0,Yes,Yes,Fiber optic,Yes,Yes,Yes,Yes,Yes,Yes,One year,Yes,Credit card (automatic),115.07,6009.15,No
Female,0,Yes,No,49.0,Yes,Yes,Fiber optic,Yes,No,No,No,No,Yes,One year,No,Credit card (automatic),94.56,4462.1,No
Male,1,Yes,No,57.0,Yes,Yes,Fiber optic,No,Yes,Yes,Yes,Yes,No,One year,Yes,Electronic check,94.89,5767.93,No
Female,0,No,No,30.0,Yes,No,Fiber optic,No,No,Yes,Yes,No,Yes,One year,Yes,Bank transfer (automatic),89.2,2580.91,Yes
Male,0,No,Yes,60.0,Yes,Yes,Fiber optic,Yes,Yes,Yes,No,Yes,Yes,One year,Yes,Credit card (automatic),117.0,6803.57,No
Female,1,No,No,42.0,Yes,Yes,Fiber optic,No,No,No,Yes,Yes,Yes,One year,No,Credit card (automatic),92.33,3973.58,No
Male,0,No,No,68.0,Yes,Yes,Fiber optic,No,Yes,Yes,Yes,Yes,Yes,One year,No,Electronic check,118.12,7746.67,No
Female,0,No,No,46.0,Yes,No,Fiber optic,Yes,No,Yes,Yes,Yes,No,One year,Yes,Credit card (automatic),93.27,4124.58,No
Female,1,No,Yes,42.0,Yes,No,Fiber optic,No,Yes,No,No,No,Yes,One year,No,Bank transfer (automatic),91.06,4031.86,No
Male,1,Yes,Yes,24.0,Yes,Yes,Fiber optic,No,No,Yes,Yes,Yes,Yes,One year,Yes,Electronic check,95.15,2197.22,No
Female,0,No,No,53.0,Yes,No,Fiber optic,No,No,Yes,Yes,Yes,No,One year,Yes,Electronic check,93.84,5373.92,No
Female,0,No,No,26.0,Yes,Yes,Fiber optic,Yes,No,Yes,Yes,No,Yes,One year,No,Electronic check,104.17,3040.85,No
Male,0,Yes,Yes,64.0,Yes,Yes,Fiber optic,No,No,No,No,Yes,No,One year,Yes,Bank transfer (automatic),91.24,6004.86,No
Male,0,Yes,Yes,42.0,Yes,No,Fiber optic,No,Yes,Yes,Yes,Yes,Yes,One year,No,Electronic check,99.78,4286.14,No
Male,0,Yes,No,60.0,Yes,Yes,Fiber optic,Yes,Yes,Yes,No,Yes,Yes,One year,No,Electronic check,109.95,6162.73,No
Female,0,Yes,No,70.0,Yes,No,Fiber optic,Yes,Yes,Yes,No,Yes,No,One year,Yes,Electronic check,99.5,6941.92,No
Female,0,Yes,No,53.0,Yes,No,Fiber optic,No,Yes,Yes,Yes,Yes,Yes,One year,Yes,Electronic check,111.64,5809.91,No
Male,0,Yes,Yes,42.0,Yes,Yes,Fiber optic,Yes,Yes,Yes,No,No,No,One year,No,Electronic check,89.44,3886.32,No
Female,0,No,No,72.0,Yes,Yes,Fiber optic,No,Yes,Yes,No,Yes,No,One year,No,Electronic check,95.57,7208.58,No
Male,1,Yes,No,47.0,Yes,Yes,Fiber optic,No,Yes,Yes,No,Yes,Yes,One year,Yes,Credit card (automatic),97.68,4654.89,No
Male,0,Yes,Yes,54.0,Yes,Yes,Fiber optic,Yes,Yes,Yes,No,Yes,Yes,One year,Yes,Credit card (automatic),100.1,5554.64,No
Female,0,No,Yes,45.0,Yes,No,Fiber optic,No,Yes,No,Yes,Yes,Yes,One year,Yes,Bank transfer (automatic),105.72,4509.35,Yes
Male,1,No,No,55.0,Yes,Yes,Fiber optic,Yes,Yes,No,Yes,Yes,Yes,One year,No,Credit card (automatic),109.47,5794.6,No
Male,0,Yes,No,28.0,Yes,No,Fiber optic,No,Yes,No,Yes,Yes,Yes,One year,No,Electronic check,91.22,2253.2,Yes
Male,0,Yes,No,61.0,Yes,Yes,Fiber optic,No,Yes,No,No,No,No,One year,No,Bank transfer (automatic),81.78,4984.8,No
Female,0,No,No,72.0,Yes,Yes,Fiber optic,Yes,Yes,No,No,Yes,No,One year,Yes,Electronic check,104.45,7454.54,No
Female,0,Yes,No,17.0,Yes,Yes,Fiber optic,No,No,Yes,Yes,No,Yes,One year,Yes,Electronic check,93.61,1304.76,No
Male,1,No,No,68.0,Yes,No,Fiber optic,Yes,No,Yes,Yes,No,Yes,One year,No,Credit card (automatic),100.28,6404.64,No
Male,1,No,No,47.0,Yes,No,Fiber optic,No,Yes,No,No,Yes,Yes,One year,Yes,Credit card (automatic),91.55,4776.62,No
Female,0,Yes,Yes,72.0,Yes,No,Fiber optic,Yes,Yes,Yes,Yes,Yes,Yes,One year,Yes,Bank transfer (automatic),118.75,8684.8,No
Male,1,Yes,No,56.0,Yes,Yes,Fiber optic,No,Yes,Yes,No,Yes,Yes,One year,Yes,Electronic check,104.02,5845.97,No
Male,0,Yes,No,39.0,Yes,Yes,Fiber optic,Yes,Yes,No,Yes,Yes,Yes,One year,Yes,Bank transfer (automatic),104.2,4512.08,No
Male,0,Yes,No,31.0,Yes,Yes,Fiber optic,No,No,No,No,Yes,No,One year,No,Credit card (automatic),89.9,2828.41,No
Female,1,Yes,No,51.0,Yes,Yes,Fiber optic,No,No,Yes,No,Yes,Yes,One year,Yes,Credit card (automatic),99.67,4796.69,No
Female,0,No,No,33.0,Yes,Yes,Fiber optic,No,Yes,No,Yes,No,No,One year,No,Credit card (automatic),90.06,2802.19,No
Female,0,Yes,Yes,69.0,Yes,Yes,Fiber optic,Yes,Yes,No,No,Yes,Yes,One year,Yes,Bank transfer (automatic),89.5,6319.38,No
Female,0,Yes,No,64.0,Yes,Yes,Fiber optic,Yes,Yes,Yes,No,No,Yes,One year,No,Credit card (automatic),96.87,6080.43,No
Female,0,No,No,26.0,Yes,Yes,Fiber optic,Yes,No,Yes,Yes,No,Yes,One year,Yes,Electronic check,101.41,2774.96,No
Male,1,Yes,Yes,45.0,Yes,Yes,Fiber optic,No,Yes,Yes,Yes,Yes,Yes,One year,Yes,Credit card (automatic),101.98,4746.14,No
Male,1,No,No,63.0,Yes,Yes,Fiber optic,Yes,Yes,Yes,No,Yes,Yes,One year,Yes,Credit card (automatic),118.12,7313.16,No
Male,0,Yes,No,33.0,Yes,Yes,Fiber optic,Yes,Yes,No,No,Yes,No,One year,Yes,Bank transfer (automatic),98.55,3547.42,No
Female,0,No,No,32.0,Yes,No,Fiber optic,Yes,Yes,Yes,No,Yes,Yes,One year,Yes,Electronic check,103.26,3904.19,No
Male,0,Yes,Yes,59.0,Yes,Yes,Fiber optic,No,Yes,Yes,Yes,Yes,Yes,One year,Yes,Electronic check,101.78,5928.47,No
Female,1,Yes,No,40.0,Yes,No,Fiber optic,No,Yes,No,Yes,No,Yes,One year,No,Electronic check,89.81,3295.94,No
Female,0,Yes,Yes,31.0,Yes,Yes,Fiber optic,Yes,No,Yes,No,Yes,Yes,One year,No,Bank transfer (automatic),104.81,3584.87,No
Female,1,Yes,No,72.0,Yes,Yes,Fiber optic,Yes,Yes,No,No,Yes,Yes,One year,No,Bank transfer (automatic),99.46,7907.33,No
Male,1,Yes,No,72.0,Yes,Yes,Fiber optic,Yes,Yes,Yes,Yes,Yes,Yes,One year,Yes,Electronic check,117.56,8684.8,Yes
Male,1,Yes,Yes,53.0,Yes,No,Fiber optic,No,Yes,No,Yes,No,No,One year,Yes,Electronic check,88.8,4990.1,No
Male,1,No,No,56.0,Yes,Yes,Fiber optic,Yes,Yes,No,Yes,Yes,No,One year,No,Credit card (automatic),98.86,5638.12,No
Female,0,Yes,Yes,51.0,Yes,Yes,Fiber optic,No,Yes,Yes,Yes,Yes,Yes,One year,Yes,Electronic check,102.94,5705.7,Yes
Male,0,Yes,Yes,39.0,Yes,No,Fiber optic,No,Yes,No,No,Yes,Yes,One year,Yes,Bank transfer (automatic),86.68,3085.23,No
Male,0,No,No,57.0,Yes,No,Fiber optic,No,Yes,No,No,Yes,Yes,One year,Yes,Bank transfer (automatic),93.68,5419.77,No
Male,0,Yes,No,71.0,Yes,Yes,Fiber optic,No,Yes,Yes,No,Yes,Yes,One year,Yes,Electronic check,103.0,6891.75,Yes
Female,1,Yes,Yes,61.0,Yes,Yes,Fiber optic,No,No,No,Yes,Yes,Yes,One year,Yes,Electronic check,114.93,7251.63,No
Female,0,No,No,33.0,Yes,Yes,Fiber optic,No,No,Yes,Yes,No,Yes,One year,Yes,Electronic check,85.99,2543.35,No
Male,1,No,No,56.0,Yes,Yes,Fiber optic,Yes,No,Yes,Yes,Yes,Yes,One year,No,Credit card (automatic),118.01,6729.41,No
Female,1,Yes,No,41.0,Yes,Yes,Fiber optic,Yes,No,No,Yes,Yes,Yes,One year,Yes,Electronic check,110.89,4913.16,No
Male,0,Yes,Yes,72.0,Yes,Yes,Fiber optic,Yes,No,Yes,Yes,Yes,Yes,One year,No,Electronic check,107.25,8684.8,No
Female,1,Yes,Yes,41.0,Yes,No,Fiber optic,No,No,Yes,No,Yes,Yes,One year,Yes,Bank transfer (automatic),97.37,4198.23,No
Male,0,No,No,56.0,Yes,Yes,Fiber optic,No,Yes,No,Yes,No,Yes,One year,No,Bank transfer (automatic),98.72,5673.95,Yes
Male,0,No,No,53.0,Yes,Yes,Fiber optic,No,No,No,Yes,No,No,One year,Yes,Bank transfer (automatic),89.65,4804.91,No
Male,1,No,Yes,67.0,Yes,Yes,Fiber optic,Yes,Yes,No,No,Yes,Yes,One year,No,Electronic check,102.78,6757.53,No
Male,1,No,No,17.0,Yes,No,Fiber optic,Yes,No,No,No,Yes,No,One year,Yes,Bank transfer (automatic),88.55,1234.25,No
Male,0,Yes,No,64.0,Yes,Yes,Fiber optic,Yes,Yes,Yes,Yes,No,Yes,One year,Yes,Bank transfer (automatic),112.08,7229.94,No
Male,0,Yes,Yes,67.0,Yes,No,Fiber optic,Yes,Yes,No,No,Yes,No,One year,No,Credit card (automatic),88.04,6085.03,No
Male,0,No,No,63.0,Yes,No,Fiber optic,Yes,Yes,Yes,No,Yes,Yes,One year,No,Bank transfer (automatic),109.61,6735.55,No
Female,1,No,Yes,55.0,Yes,Yes,Fiber optic,No,No,Yes,Yes,Yes,Yes,One year,Yes,Credit card (automatic),111.1,6300.59,No
Female,0,Yes,No,50.0,Yes,No,Fiber optic,No,Yes,No,No,Yes,Yes,One year,Yes,Electronic check,95.34,4730.82,No
Male,1,No,No,46.0,Yes,Yes,Fiber optic,Yes,No,No,Yes,No,Yes,One year,Yes,Credit card (automatic),95.18,4380.93,No
Female,0,No,Yes,10.0,Yes,No,Fiber optic,No,Yes,No,No,No,Yes,One year,Yes,Bank transfer (automatic),84.05,689.15,No
Female,0,Yes,Yes,46.0,Yes,No,Fiber optic,No,Yes,No,No,No,Yes,One year,Yes,Bank transfer (automatic),95.84,4497.21,No
Female,0,No,No,48.0,Yes,Yes,Fiber optic,Yes,Yes,Yes,No,No,Yes,One year,No,Bank transfer (automatic),104.07,5010.93,No
Male,0,No,No,46.0,Yes,No,Fiber optic,No,No,Yes,No,No,No,One year,Yes,Electronic check,77.48,3236.06,Yes
Female,0,No,No,19.0,Yes,Yes,Fiber optic,No,No,Yes,Yes,Yes,Yes,One year,Yes,Electronic check,103.12,2358.1,No
Male,1,No,No,35.0,Yes,No,Fiber optic,Yes,No,No,Yes,Yes,Yes,One year,Yes,Bank transfer (automatic),104.56,4023.91,No
Female,1,No,Yes,64.0,Yes,Yes,Fiber optic,No,Yes,Yes,Yes,No,No,One year,Yes,Bank transfer (automatic),92.69,6237.51,No
Male,1,No,No,33.0,Yes,Yes,Fiber optic,No,Yes,No,No,No,Yes,One year,Yes,Credit card (automatic),88.54,2879.03,No
Male,0,No,No,55.0,Yes,No,Fiber optic,No,Yes,No,No,Yes,No,One year,Yes,Bank transfer (automatic),101.13,5403.6,Yes
Female,1,Yes,Yes,66.0,Yes,Yes,Fiber optic,No,No,Yes,Yes,Yes,Yes,One year,Yes,Electronic check,112.27,7025.79,No
Female,0,Yes,No,48.0,Yes,Yes,Fiber optic,Yes,No,Yes,Yes,Yes,Yes,One year,Yes,Credit card (automatic),104.82,5238.18,No
Male,0,Yes,No,63.0,Yes,Yes,Fiber optic,No,Yes,Yes,Yes,Yes,Yes,One year,Yes,Bank transfer (automatic),114.79,6945.92,Yes
Male,0,Yes,No,40.0,Yes,No,Fiber optic,No,No,Yes,No,Yes,Yes,One year,No,Bank transfer (automatic),96.81,3781.41,No
Female,1,No,No,65.0,Yes,No,Fiber optic,Yes,Yes,Yes,Yes,No,Yes,One year,Yes,Bank transfer (automatic),101.98,6394.52,No
Female,0,No,No,60.0,Yes,Yes,Fiber optic,No,Yes,Yes,No,Yes,Yes,One year,Yes,Bank transfer (automatic),107.7,6437.01,No
Male,0,No,No,54.0,Yes,Yes,Fiber optic,No,No,Yes,Yes,Yes,Yes,One year,No,Credit card (automatic),100.93,5432.22,No
Male,0,No,Yes,34.0,Yes,Yes,Fiber optic,Yes,No,Yes,No,No,No,One year,Yes,Electronic check,80.2,2556.45,Yes
Female,1,Yes,Yes,72.0,Yes,Yes,Fiber optic,Yes,Yes,Yes,No,Yes,Yes,One year,No,Electronic check,118.75,8684.8,No
Male,0,No,No,47.0,Yes,Yes,Fiber optic,No,No,Yes,Yes,Yes,Yes,One year,No,Bank transfer (automatic),115.3,5773.63,No
Male,0,Yes,No,55.0,Yes,No,Fiber optic,No,Yes,Yes,Yes,Yes,Yes,One year,Yes,Bank transfer (automatic),112.26,6423.2,No
Male,0,Yes,No,56.0,Yes,Yes,Fiber optic,No,No,No,No,Yes,Yes,One year,Yes,Electronic check,94.73,5224.62,No
Female,0,No,No,39.0,Yes,No,Fiber optic,Yes,Yes,No,Yes,No,No,One year,Yes,Electronic check,84.1,3265.86,No
Male,0,No,No,46.0,Yes,Yes,Fiber optic,Yes,No,No,No,Yes,Yes,One year,No,Bank transfer (automatic),95.72,4356.61,No
Female,0,Yes,Yes,69.0,Yes,No,Fiber optic,Yes,No,Yes,No,No,Yes,One year,Yes,Credit card (automatic),96.72,6628.06,No
Female,0,No,No,27.0,Yes,No,Fiber optic,Yes,No,No,No,No,No,One year,No,Bank transfer (automatic),78.63,1740.64,No
Male,0,Yes,No,64.0,Yes,Yes,Fiber optic,No,No,Yes,Yes,Yes,No,One year,Yes,Bank transfer (automatic),96.47,6652.41,Yes
Female,0,No,No,38.0,Yes,No,Fiber optic,Yes,Yes,Yes,No,Yes,Yes,One year,Yes,Credit card (automatic),105.99,4335.02,No
Female,1,No,No,52.0,Yes,Yes,Fiber optic,Yes,Yes,Yes,No,Yes,Yes,One year,Yes,Electronic check,103.55,5171.42,No
Male,0,No,No,61.0,Yes,No,Fiber optic,Yes,No,Yes,No,Yes,Yes,One year,Yes,Bank transfer (automatic),96.09,6063.42,No
Female,0,No,No,46.0,Yes,No,Fiber optic,Yes,No,Yes,Yes,Yes,Yes,One year,Yes,Credit card (automatic),116.27,5908.5,No
Female,1,No,No,72.0,Yes,Yes,Fiber optic,Yes,Yes,No,No,Yes,Yes,One year,Yes,Credit card (automatic),105.94,8684.8,No
Female,0,Yes,Yes,57.0,Yes,Yes,Fiber optic,Yes,No,Yes,No,Yes,No,One year,Yes,Bank transfer (automatic),102.51,5924.39,No
Female,0,No,No,42.0,Yes,Yes,Fiber optic,No,Yes,No,Yes,Yes,Yes,One year,No,Bank transfer (automatic),97.12,4215.32,No
Female,0,Yes,No,35.0,Yes,Yes,Fiber optic,No,No,Yes,Yes,Yes,Yes,One year,Yes,Electronic check,105.38,3947.49,Yes
Female,0,Yes,Yes,46.0,Yes,No,Fiber optic,No,No,No,Yes,No,Yes,One year,Yes,Credit card (automatic),79.09,3373.82,No
Male,1,Yes,No,48.0,Yes,Yes,Fiber optic,No,No,Yes,No,No,Yes,One year,Yes,Electronic check,89.37,3941.3,Yes
Female,0,Yes,No,45.0,Yes,Yes,Fiber optic,No,No,No,Yes,Yes,Yes,One year,Yes,Electronic check,105.21,4438.06,Yes
Female,0,Yes,Yes,56.0,Yes,Yes,Fiber optic,No,No,No,No,No,No,One year,No,Credit card (automatic),73.74,4599.54,No
Male,0,No,No,47.0,Yes,Yes,Fiber optic,Yes,Yes,No,Yes,Yes,Yes,One year,No,Credit card (automatic),109.3,5552.08,No
Female,1,Yes,No,54.0,Yes,Yes,Fiber optic,No,Yes,Yes,No,Yes,Yes,One year,Yes,Electronic check,108.06,5843.13,No
Male,0,No,No,42.0,Yes,No,Fiber optic,No,No,Yes,No,Yes,No,One year,Yes,Bank transfer (automatic),85.97,3283.38,No
Male,0,Yes,No,55.0,Yes,Yes,Fiber optic,No,Yes,Yes,No,Yes,Yes,One year,Yes,Electronic check,105.3,5831.63,Yes
Female,0,No,No,27.0,Yes,No,Fiber optic,No,Yes,No,Yes,Yes,Yes,One year,Yes,Electronic check,101.19,2748.55,No
Male,0,Yes,No,48.0,Yes,No,Fiber optic,Yes,Yes,Yes,No,Yes,No,One year,No,Bank transfer (automatic),96.13,4892.99,No
Female,1,Yes,No,66.0,Yes,Yes,Fiber optic,No,Yes,Yes,Yes,Yes,Yes,One year,No,Electronic check,111.44,7026.96,Yes
Male,0,Yes,No,57.0,Yes,Yes,Fiber optic,No,No,Yes,No,Yes,Yes,One year,Yes,Bank transfer (automatic),94.25,5938.0,No
Male,0,Yes,No,58.0,Yes,No,Fiber optic,No,Yes,Yes,No,Yes,No,One year,Yes,Credit card (automatic),93.83,5438.49,No
Female,1,Yes,Yes,72.0,Yes,Yes,Fiber optic,No,Yes,No,No,Yes,No,One year,Yes,Bank transfer (automatic),103.02,8684.8,Yes
Female,1,Yes,No,57.0,Yes,Yes,Fiber optic,No,Yes,No,Yes,Yes,Yes,One year,Yes,Electronic check,113.32,6659.92,Yes
Female,0,Yes,Yes,55.0,Yes,Yes,Fiber optic,No,Yes,No,No,No,Yes,One year,Yes,Bank transfer (automatic),83.55,4536.42,No
Female,1,Yes,No,37.0,Yes,Yes,Fiber optic,No,No,No,Yes,No,Yes,One year,No,Bank transfer (automatic),97.97,3475.26,Yes
Female,0,Yes,No,72.0,Yes,Yes,Fiber optic,Yes,Yes,Yes,Yes,No,No,One year,Yes,Electronic check,97.29,7813.69,No
Female,0,Yes,No,34.0,Yes,No,Fiber optic,No,No,Yes,No,Yes,Yes,One year,No,Credit card (automatic),98.43,3616.73,No
Male,0,Yes,No,49.0,Yes,No,Fiber optic,Yes,No,No,No,No,No,One year,No,Credit card (automatic),77.88,3480.69,No
Female,0,Yes,Yes,41.0,Yes,Yes,Fiber optic,Yes,Yes,No,No,No,Yes,One year,No,Credit card (automatic),76.56,2922.56,No
Female,1,Yes,No,70.0,Yes,Yes,Fiber optic,Yes,Yes,Yes,Yes,Yes,Yes,One year,Yes,Credit card (automatic),112.75,7764.63,No
Male,0,Yes,No,65.0,Yes,Yes,Fiber optic,Yes,No,Yes,Yes,Yes,No,One year,Yes,Electronic check,101.44,6522.04,No
Female,0,Yes,No,72.0,Yes,Yes,Fiber optic,No,Yes,Yes,No,Yes,Yes,One year,Yes,Credit card (automatic),101.93,7785.04,No
Female,0,Yes,No,34.0,Yes,No,Fiber optic,Yes,No,No,No,No,No,One year,Yes,Credit card (automatic),90.38,2946.77,No
Male,0,Yes,No,32.0,Yes,Yes,Fiber optic,Yes,No,Yes,No,Yes,Yes,One year,Yes,Bank transfer (automatic),100.47,3198.54,No
Male,0,Yes,Yes,51.0,Yes,No,Fiber optic,No,No,Yes,Yes,Yes,Yes,One year,Yes,Bank transfer (automatic),102.86,5774.3,No
Female,0,No,Yes,65.0,Yes,Yes,Fiber optic,Yes,Yes,No,No,No,Yes,One year,Yes,Bank transfer (automatic),92.7,5999.99,No
Female,0,Yes,No,72.0,Yes,Yes,Fiber optic,Yes,Yes,Yes,No,No,Yes,One year,Yes,Credit card (automatic),106.87,8398.63,No
Female,0,No,No,54.0,Yes,No,Fiber optic,No,No,Yes,Yes,Yes,Yes,One year,Yes,Credit card (automatic),106.43,5993.59,No
Male,0,Yes,Yes,27.0,Yes,No,Fiber optic,No,Yes,Yes,No,Yes,Yes,One year,Yes,Credit card (automatic),100.66,2540.61,No
Male,0,Yes,Yes,31.0,Yes,Yes,Fiber optic,Yes,Yes,Yes,Yes,Yes,Yes,One year,No,Bank transfer (automatic),115.77,3789.36,No
Female,1,Yes,No,52.0,Yes,Yes,Fiber optic,Yes,No,No,Yes,No,No,One year,Yes,Credit card (automatic),86.32,4594.75,No
Male,0,Yes,No,71.0,Yes,Yes,Fiber optic,No,Yes,Yes,No,No,Yes,One year,Yes,Electronic check,100.06,6994.47,No
Male,0,Yes,Yes,63.0,Yes,Yes,Fiber optic,No,No,Yes,No,Yes,Yes,One year,Yes,Electronic check,88.57,5912.65,No
Male,0,No,Yes,72.0,Yes,Yes,Fiber optic,Yes,Yes,Yes,Yes,Yes,Yes,One year,No,Bank transfer (automatic),112.15,8290.64,No
Female,1,Yes,Yes,50.0,Yes,Yes,Fiber optic,No,Yes,Yes,Yes,Yes,Yes,One year,Yes,Electronic check,100.73,4780.88,No
Male,0,Yes,Yes,49.0,Yes,Yes,Fiber optic,No,Yes,No,Yes,Yes,Yes,One year,No,Credit card (automatic),103.06,5017.04,No
Female,0,Yes,No,72.0,Yes,Yes,Fiber optic,No,Yes,Yes,No,Yes,Yes,One year,Yes,Electronic check,102.03,7338.44,Yes
Male,0,Yes,Yes,28.0,Yes,Yes,Fiber optic,No,Yes,Yes,No,Yes,Yes,One year,Yes,Electronic check,90.36,2746.29,No
Male,0,Yes,Yes,44.0,Yes,Yes,Fiber optic,Yes,Yes,Yes,Yes,No,Yes,One year,No,Bank transfer (automatic),108.12,4973.2,No
Female,0,Yes,Yes,58.0,Yes,Yes,Fiber optic,No,Yes,Yes,No,Yes,Yes,One year,Yes,Bank transfer (automatic),100.12,5401.51,No
Female,0,Yes,Yes,68.0,Yes,Yes,Fiber optic,No,Yes,Yes,No,Yes,Yes,One year,Yes,Bank transfer (automatic),97.59,6513.99,No
Male,0,Yes,Yes,51.0,Yes,Yes,Fiber optic,Yes,No,No,Yes,Yes,Yes,One year,Yes,Credit card (automatic),117.24,6085.31,Yes
Male,0,No,Yes,72.0,Yes,Yes,Fiber optic,No,Yes,Yes,No,Yes,Yes,One year,Yes,Credit card (automatic),109.9,8152.44,No
Female,0,Yes,No,61.0,Yes,Yes,Fiber optic,No,No,Yes,No,No,Yes,One year,Yes,Electronic check,98.17,6216.24,No
Female,0,Yes,Yes,48.0,Yes,Yes,Fiber optic,Yes,Yes,Yes,No,No,Yes,One year,No,Electronic check,98.45,4685.55,No
Male,0,No,No,47.0,Yes,Yes,Fiber optic,No,No,No,No,No,Yes,One year,No,Bank transfer (automatic),81.5,4112.07,No
Male,0,Yes,No,45.0,Yes,No,Fiber optic,No,Yes,No,Yes,Yes,No,One year,Yes,Electronic check,94.92,4099.68,No
Male,0,No,No,66.0,Yes,Yes,Fiber optic,No,Yes,No,No,Yes,Yes,One year,Yes,Bank transfer (automatic),108.61,6837.14,No
Female,0,No,No,53.0,Yes,Yes,Fiber optic,Yes,No,Yes,Yes,Yes,Yes,One year,Yes,Electronic check,114.49,5847.19,No
Male,0,No,Yes,47.0,Yes,Yes,Fiber optic,No,No,Yes,Yes,Yes,Yes,One year,Yes,Electronic check,107.51,5415.28,Yes
Male,1,No,No,72.0,Yes,Yes,Fiber optic,Yes,No,Yes,Yes,Yes,Yes,One year,Yes,Credit card (automatic),110.73,7638.89,No
Male,0,Yes,No,52.0,Yes,Yes,Fiber optic,Yes,Yes,No,No,Yes,No,One year,Yes,Electronic check,92.07,4829.2,No
Female,0,Yes,No,65.0,Yes,No,Fiber optic,Yes,Yes,Yes,Yes,No,No,One year,Yes,Credit card (automatic),94.9,6117.02,No
Female,0,No,No,41.0,Yes,Yes,Fiber optic,No,Yes,Yes,Yes,Yes,Yes,One year,No,Credit card (automatic),103.37,4455.85,No
Male,1,No,Yes,47.0,Yes,No,Fiber optic,No,No,Yes,No,Yes,Yes,One year,Yes,Bank transfer (automatic),97.27,4381.53,Yes
Male,0,Yes,No,43.0,Yes,Yes,Fiber optic,No,No,Yes,Yes,Yes,Yes,One year,No,Electronic check,101.65,4701.97,Yes
Male,0,Yes,No,56.0,Yes,Yes,Fiber optic,Yes,Yes,Yes,No,Yes,Yes,One year,Yes,Bank transfer (automatic),110.37,6511.44,Yes
Male,1,No,No,63.0,Yes,Yes,Fiber optic,Yes,Yes,Yes,Yes,Yes,Yes,One year,No,Electronic check,116.71,7299.9,Yes
Male,1,Yes,No,39.0,Yes,Yes,Fiber optic,No,Yes,Yes,No,Yes,Yes,One year,Yes,Electronic check,105.82,4254.84,Yes
Female,1,Yes,No,52.0,Yes,Yes,Fiber optic,No,No,Yes,No,Yes,Yes,One year,Yes,Bank transfer (automatic),106.42,5701.48,No
Female,0,Yes,Yes,68.0,Yes,Yes,Fiber optic,Yes,No,No,Yes,Yes,Yes,One year,Yes,Credit card (automatic),98.7,7078.98,No
Male,0,No,Yes,33.0,Yes,No,Fiber optic,Yes,Yes,No,No,Yes,Yes,One year,Yes,Electronic check,90.05,3240.05,No
Female,0,No,Yes,55.0,Yes,Yes,Fiber optic,No,Yes,Yes,No,Yes,Yes,One year,Yes,Electronic check,109.21,5943.19,Yes
Female,0,No,No,64.0,Yes,Yes,Fiber optic,No,Yes,Yes,Yes,Yes,No,One year,Yes,Electronic check,105.08,6931.41,Yes
Female,1,No,No,46.0,Yes,Yes,Fiber optic,No,No,Yes,No,Yes,Yes,One year,Yes,Electronic check,103.17,5098.62,No
Female,0,Yes,No,49.0,Yes,Yes,Fiber optic,Yes,Yes,Yes,Yes,No,Yes,One year,Yes,Credit card (automatic),97.78,4926.1,Yes
Female,0,No,Yes,31.0,Yes,No,Fiber optic,No,No,No,Yes,No,No,One year,Yes,Electronic check,82.9,2361.28,Yes
Female,1,Yes,Yes,53.0,Yes,Yes,Fiber optic,Yes,No,No,No,No,No,One year,Yes,Bank transfer (automatic),82.11,4550.01,No
Male,1,No,Yes,61.0,Yes,Yes,Fiber optic,No,No,No,No,Yes,No,One year,Yes,Electronic check,87.68,5618.75,No
Male,0,Yes,Yes,67.0,Yes,No,Fiber optic,Yes,Yes,Yes,Yes,No,Yes,One year,Yes,Credit card (automatic),98.21,6597.73,No
Female,0,No,No,51.0,Yes,Yes,Fiber optic,No,Yes,Yes,Yes,Yes,Yes,One year,Yes,Electronic check,115.85,5629.34,No
Male,0,Yes,No,48.0,Yes,Yes,Fiber optic,No,Yes,Yes,Yes,Yes,Yes,One year,No,Credit card (automatic),103.97,4935.1,No
Female,0,No,No,40.0,Yes,Yes,Fiber optic,No,Yes,Yes,No,Yes,Yes,One year,Yes,Bank transfer (automatic),105.48,4124.01,No
Male,0,Yes,No,67.0,Yes,Yes,Fiber optic,No,Yes,Yes,No,Yes,Yes,One year,Yes,Bank transfer (automatic),111.96,7523.32,No
Female,0,Yes,No,64.0,Yes,Yes,Fiber optic,No,Yes,Yes,No,Yes,Yes,One year,Yes,Electronic check,113.23,7379.75,No
Female,0,Yes,No,72.0,Yes,No,Fiber optic,No,No,Yes,No,Yes,Yes,One year,No,Electronic check,109.88,8524.08,Yes
Female,0,No,Yes,47.0,Yes,Yes,Fiber optic,Yes,No,No,No,Yes,Yes,One year,Yes,Credit card (automatic),102.52,4653.65,No
Female,1,Yes,No,60.0,Yes,Yes,Fiber optic,No,No,Yes,No,Yes,Yes,One year,Yes,Electronic check,101.95,5919.14,No
Male,1,Yes,No,56.0,Yes,Yes,Fiber optic,Yes,Yes,Yes,Yes,No,Yes,One year,No,Credit card (automatic),100.77,5782.53,No
Female,1,Yes,No,62.0,Yes,Yes,Fiber optic,Yes,Yes,No,No,No,Yes,One year,Yes,Bank transfer (automatic),93.34,6041.97,No
Female,1,Yes,No,44.0,Yes,Yes,Fiber optic,No,Yes,No,Yes,Yes,Yes,One year,Yes,Electronic check,114.19,5151.24,No
Female,1,Yes,No,72.0,Yes,Yes,Fiber optic,Yes,Yes,Yes,No,Yes,Yes,One year,Yes,Credit card (automatic),104.58,7171.32,Yes
Female,0,No,No,49.0,Yes,No,Fiber optic,No,Yes,Yes,No,Yes,Yes,One year,Yes,Credit card (automatic),91.97,4702.12,No
Female,1,Yes,No,38.0,Yes,Yes,Fiber optic,No,Yes,Yes,Yes,Yes,Yes,One year,Yes,Electronic check,107.96,4419.54,No
Male,0,No,Yes,39.0,Yes,Yes,Fiber optic,No,No,Yes,No,No,No,One year,No,Credit card (automatic),89.48,3538.99,No
Male,0,Yes,Yes,54.0,Yes,No,Fiber optic,No,No,Yes,No,No,No,One year,No,Electronic check,80.88,4329.35,No
Female,0,Yes,No,53.0,Yes,Yes,Fiber optic,No,Yes,Yes,No,Yes,Yes,One year,Yes,Electronic check,107.0,5835.74,No
Female,0,No,No,35.0,Yes,No,Fiber optic,No,No,Yes,Yes,Yes,Yes,One year,Yes,Bank transfer (automatic),98.08,3309.56,No
Male,0,Yes,Yes,47.0,Yes,No,Fiber optic,Yes,No,No,No,Yes,Yes,One year,No,Credit card (automatic),89.63,4006.75,Yes
Female,0,Yes,Yes,55.0,Yes,No,Fiber optic,Yes,No,No,No,Yes,Yes,One year,No,Credit card (automatic),96.21,5443.49,No
Male,0,Yes,No,29.0,Yes,Yes,Fiber optic,No,Yes,No,No,No,No,One year,Yes,Bank transfer (automatic),87.02,2285.87,No
Female,0,No,No,57.0,Yes,Yes,Fiber optic,Yes,No,Yes,No,Yes,No,One year,No,Credit card (automatic),94.01,5518.97,No
Male,0,No,No,20.0,Yes,Yes,Fiber optic,No,Yes,Yes,Yes,Yes,No,One year,Yes,Bank transfer (automatic),93.76,1566.11,No
Female,0,Yes,Yes,66.0,Yes,Yes,Fiber optic,Yes,Yes,Yes,No,No,Yes,One year,Yes,Electronic check,94.92,6375.97,No
Male,0,No,No,50.0,Yes,Yes,Fiber optic,Yes,Yes,No,No,Yes,Yes,One year,No,Electronic check,109.41,5673.59,Yes
Male,0,Yes,Yes,72.0,Yes,Yes,Fiber optic,Yes,Yes,No,No,No,Yes,One year,No,Bank transfer (automatic),98.06,6737.81,No
Male,0,No,No,41.0,Yes,No,Fiber optic,No,No,No,Yes,No,No,One year,Yes,Credit card (automatic),82.53,3777.2,No
Male,0,No,No,52.0,Yes,Yes,Fiber optic,Yes,Yes,Yes,Yes,No,Yes,One year,No,Electronic check,104.18,5727.19,Yes
Male,1,No,Yes,45.0,Yes,No,Fiber optic,Yes,No,Yes,No,Yes,Yes,One year,No,Credit card (automatic),97.77,4277.14,No
Female,1,No,Yes,51.0,Yes,Yes,Fiber optic,Yes,Yes,Yes,No,Yes,Yes,One year,No,Credit card (automatic),96.43,4588.44,No
Female,0,No,Yes,36.0,Yes,No,Fiber optic,No,No,No,Yes,Yes,Yes,One year,Yes,Credit card (automatic),96.94,3423.29,Yes
Male,0,No,No,69.0,Yes,Yes,Fiber optic,Yes,Yes,No,No,Yes,No,One year,Yes,Credit card (automatic),95.77,6466.99,No
Female,0,Yes,Yes,63.0,Yes,Yes,Fiber optic,Yes,No,Yes,No,No,No,One year,No,Electronic check,85.77,5212.73,No
Female,0,Yes,Yes,31.0,Yes,Yes,Fiber optic,Yes,No,Yes,No,No,No,One year,No,Credit card (automatic),88.41,2640.95,No
Male,0,Yes,Yes,28.0,Yes,No,Fiber optic,Yes,No,Yes,No,Yes,No,One year,Yes,Bank transfer (automatic),86.37,1982.92,Yes
Female,0,Yes,Yes,35.0,Yes,No,Fiber optic,No,No,Yes,Yes,Yes,No,One year,Yes,Bank transfer (automatic),101.18,4090.87,Yes
Male,0,Yes,No,41.0,Yes,Yes,Fiber optic,Yes,Yes,Yes,Yes,Yes,Yes,One year,Yes,Bank transfer (automatic),112.72,4739.44,Yes
Male,0,Yes,No,56.0,Yes,Yes,Fiber optic,Yes,No,Yes,No,Yes,Yes,One year,No,Credit card (automatic),102.17,5627.71,No
Male,1,No,No,69.0,Yes,No,Fiber optic,No,Yes,No,No,No,No,One year,No,Credit card (automatic),78.3,5707.94,No
Male,1,No,No,59.0,Yes,Yes,Fiber optic,No,Yes,No,No,Yes,Yes,One year,Yes,Bank transfer (automatic),108.51,6264.17,No
Male,0,No,Yes,48.0,Yes,No,Fiber optic,Yes,No,No,Yes,Yes,Yes,One year,Yes,Credit card (automatic),110.41,5602.91,No
Male,0,Yes,Yes,68.0,Yes,Yes,Fiber optic,Yes,No,Yes,Yes,Yes,No,One year,Yes,Bank transfer (automatic),89.49,6375.64,No
Female,1,Yes,No,57.0,Yes,Yes,Fiber optic,No,No,Yes,Yes,Yes,Yes,One year,Yes,Credit card (automatic),112.11,6419.47,No
Female,1,Yes,Yes,67.0,Yes,Yes,Fiber optic,No,No,Yes,No,No,Yes,One year,Yes,Electronic check,91.07,6066.25,No
Male,0,Yes,No,51.0,Yes,No,Fiber optic,No,Yes,No,No,No,Yes,One year,Yes,Electronic check,85.9,4371.05,No
Female,0,No,No,44.0,Yes,Yes,Fiber optic,Yes,No,No,No,Yes,Yes,One year,No,Bank transfer (automatic),94.39,4355.91,No
Female,1,Yes,No,30.0,Yes,Yes,Fiber optic,No,No,Yes,No,Yes,Yes,One year,Yes,Electronic check,96.36,2838.36,No
Female,0,Yes,No,65.0,Yes,Yes,Fiber optic,No,Yes,Yes,Yes,Yes,Yes,One year,Yes,Electronic check,109.49,6935.04,No
Female,0,Yes,No,72.0,Yes,No,Fiber optic,Yes,No,Yes,No,Yes,Yes,One year,No,Electronic check,99.8,7809.7,No
Male,1,Yes,Yes,49.0,Yes,Yes,Fiber optic,Yes,Yes,No,No,Yes,No,One year,Yes,Bank transfer (automatic),96.29,4640.71,No
Female,0,Yes,Yes,72.0,Yes,Yes,Fiber optic,Yes,Yes,No,No,Yes,Yes,One year,Yes,Electronic check,105.67,7906.17,Yes
Male,0,Yes,No,72.0,Yes,Yes,Fiber optic,Yes,Yes,No,Yes,No,No,One year,Yes,Credit card (automatic),95.75,7205.21,No
Male,1,No,No,46.0,Yes,Yes,Fiber optic,Yes,Yes,No,No,Yes,Yes,One year,Yes,Electronic check,93.83,4436.44,No
Male,0,No,No,51.0,Yes,Yes,Fiber optic,Yes,Yes,Yes,Yes,Yes,No,One year,No,Electronic check,110.99,5786.87,No
Female,0,Yes,No,72.0,Yes,Yes,Fiber optic,No,Yes,Yes,Yes,Yes,Yes,One year,Yes,Credit card (automatic),100.43,7376.01,Yes
Male,0,No,No,34.0,Yes,Yes,Fiber optic,Yes,Yes,Yes,Yes,No,Yes,One year,No,Electronic check,101.37,3659.41,No
Male,0,No,No,69.0,Yes,No,Fiber optic,No,Yes,No,No,Yes,Yes,One year,Yes,Electronic check,97.98,6890.96,No
Female,1,Yes,No,48.0,Yes,Yes,Fiber optic,No,Yes,No,No,Yes,Yes,One year,No,Bank transfer (automatic),95.26,4404.78,Yes
Female,0,Yes,No,66.0,Yes,Yes,Fiber optic,Yes,No,Yes,No,Yes,Yes,One year,Yes,Credit card (automatic),100.93,6932.18,No
Male,0,No,No,45.0,Yes,No,Fiber optic,Yes,No,No,Yes,No,Yes,One year,No,Electronic check,88.02,3951.73,No
Male,1,No,No,40.0,Yes,Yes,Fiber optic,Yes,Yes,Yes,No,No,Yes,One year,Yes,Credit card (automatic),104.54,4203.13,Yes
Female,0,No,No,57.0,Yes,Yes,Fiber optic,No,Yes,No,Yes,Yes,Yes,One year,Yes,Electronic check,96.71,6224.64,No
Male,0,No,No,60.0,Yes,Yes,Fiber optic,No,No,Yes,No,Yes,Yes,One year,Yes,Credit card (automatic),104.87,6491.77,Yes
Female,0,No,No,26.0,Yes,Yes,Fiber optic,No,No,Yes,Yes,Yes,Yes,One year,Yes,Bank transfer (automatic),94.87,2819.57,No
Female,0,No,No,58.0,Yes,Yes,Fiber optic,No,Yes,Yes,No,Yes,No,One year,Yes,Electronic check,94.89,5500.27,Yes
Male,0,No,No,57.0,Yes,Yes,Fiber optic,Yes,Yes,No,No,Yes,Yes,One year,Yes,Electronic check,103.12,6008.29,No
Male,0,Yes,No,55.0,Yes,Yes,Fiber optic,No,Yes,Yes,No,No,Yes,One year,No,Electronic check,88.73,4982.75,No
Male,0,Yes,Yes,39.0,Yes,No,Fiber optic,No,Yes,Yes,Yes,No,Yes,One year,No,Electronic check,89.42,3810.74,No
Female,0,No,No,67.0,Yes,Yes,Fiber optic,Yes,Yes,No,Yes,No,No,One year,Yes,Bank transfer (automatic),92.54,6252.24,Yes
Male,1,Yes,No,65.0,Yes,Yes,Fiber optic,Yes,Yes,Yes,Yes,No,No,One year,Yes,Electronic check,90.99,6069.56,No
Male,0,Yes,No,68.0,Yes,Yes,Fiber optic,No,No,No,Yes,No,Yes,One year,Yes,Electronic check,92.52,6276.38,No
Male,1,Yes,No,59.0,Yes,Yes,Fiber optic,No,No,Yes,Yes,No,Yes,One year,Yes,Bank transfer (automatic),104.55,5936.39,No
Male,1,Yes,No,72.0,Yes,Yes,Fiber optic,No,Yes,No,No,Yes,Yes,One year,Yes,Bank transfer (automatic),110.87,8265.9,No
Male,0,No,No,34.0,Yes,Yes,Fiber optic,No,No,No,Yes,Yes,No,One year,Yes,Electronic check,82.9,2941.65,No
Male,0,No,No,52.0,Yes,No,Fiber optic,No,Yes,Yes,No,Yes,Yes,One year,No,Electronic check,99.63,4790.41,No
Male,0,Yes,No,30.0,Yes,No,Fiber optic,Yes,No,Yes,No,Yes,No,One year,No,Electronic check,91.49,2439.31,No
Female,0,No,Yes,71.0,Yes,Yes,Fiber optic,No,No,No,No,Yes,Yes,One year,Yes,Electronic check,92.63,6514.15,Yes
Male,0,No,No,58.0,Yes,Yes,Fiber optic,No,Yes,Yes,No,Yes,Yes,One year,No,Electronic check,100.6,5760.02,Yes
Female,0,Yes,Yes,66.0,Yes,No,Fiber optic,Yes,No,Yes,Yes,Yes,Yes,One year,No,Credit card (automatic),108.89,6871.49,Yes
Male,0,Yes,No,61.0,Yes,Yes,Fiber optic,Yes,No,Yes,No,Yes,No,One year,Yes,Electronic check,85.34,5459.7,No
Female,0,Yes,Yes,65.0,Yes,Yes,Fiber optic,No,Yes,Yes,No,Yes,Yes,One year,Yes,Credit card (automatic),113.16,7311.79,Yes
Female,1,Yes,No,53.0,Yes,Yes,Fiber optic,No,No,Yes,No,Yes,No,One year,Yes,Electronic check,85.82,4268.97,Yes
Female,0,No,No,44.0,Yes,Yes,Fiber optic,No,Yes,Yes,Yes,Yes,Yes,One year,Yes,Credit card (automatic),100.4,4383.98,No
Female,1,Yes,No,61.0,Yes,Yes,Fiber optic,No,No,Yes,Yes,Yes,Yes,One year,No,Bank transfer (automatic),98.53,6201.15,Yes
Female,0,Yes,Yes,72.0,Yes,Yes,Fiber optic,Yes,Yes,Yes,No,No,Yes,One year,Yes,Electronic check,104.96,7607.79,No
Male,0,Yes,Yes,27.0,Yes,No,Fiber optic,No,Yes,No,No,No,Yes,One year,No,Bank transfer (automatic),94.08,2082.82,No
Female,0,No,No,40.0,Yes,Yes,Fiber optic,Yes,Yes,Yes,No,No,No,One year,No,Bank transfer (automatic),93.4,3912.67,No
Female,0,No,No,18.0,Yes,Yes,Fiber optic,No,No,Yes,Yes,Yes,Yes,One year,No,Bank transfer (automatic),106.63,2059.85,No
Male,0,Yes,No,43.0,Yes,Yes,Fiber optic,Yes,Yes,Yes,Yes,No,Yes,One year,Yes,Bank transfer (automatic),103.01,4521.66,No
Female,1,Yes,No,49.0,Yes,Yes,Fiber optic,No,No,No,Yes,No,No,One year,Yes,Bank transfer (automatic),87.69,4492.6,No
Male,0,No,No,37.0,Yes,No,Fiber optic,Yes,No,No,Yes,Yes,Yes,One year,Yes,Credit card (automatic),100.04,3872.49,No
Female,0,No,No,61.0,Yes,No,Fiber optic,Yes,Yes,Yes,No,Yes,Yes,One year,Yes,Electronic check,99.56,6167.9,No
Female,0,Yes,Yes,66.0,Yes,Yes,Fiber optic,Yes,Yes,Yes,Yes,No,Yes,One year,Yes,Credit card (automatic),107.61,7014.32,Yes
Male,1,No,Yes,8.0,Yes,No,Fiber optic,No,No,Yes,No,Yes,Yes,One year,Yes,Electronic check,107.5,1034.98,No
Male,0,Yes,Yes,60.0,Yes,No,Fiber optic,Yes,No,No,No,No,Yes,One year,Yes,Credit card (automatic),88.22,5246.21,No
Male,0,Yes,Yes,64.0,Yes,No,Fiber optic,No,No,Yes,Yes,Yes,Yes,One year,No,Electronic check,106.19,6705.7,No
Female,0,Yes,Yes,65.0,Yes,No,Fiber optic,No,Yes,No,No,No,Yes,One year,No,Bank transfer (automatic),90.67,6112.06,No
Female,1,Yes,No,35.0,Yes,No,Fiber optic,Yes,Yes,Yes,Yes,Yes,Yes,One year,Yes,Bank transfer (automatic),101.81,3245.97,No
Female,1,Yes,No,67.0,Yes,Yes,Fiber optic,No,No,No,No,Yes,No,One year,Yes,Credit card (automatic),87.16,5774.69,No
Male,0,Yes,Yes,63.0,Yes,Yes,Fiber optic,No,No,Yes,No,Yes,Yes,One year,Yes,Electronic check,103.87,6481.76,No
Female,1,Yes,No,72.0,Yes,Yes,Fiber optic,No,Yes,Yes,Yes,Yes,Yes,One year,No,Electronic check,103.38,7260.78,No
Male,0,No,No,72.0,Yes,Yes,Fiber optic,No,Yes,No,Yes,Yes,Yes,One year,Yes,Electronic check,106.76,7690.67,Yes
Female,1,Yes,No,47.0,Yes,Yes,Fiber optic,No,No,Yes,Yes,No,Yes,One year,Yes,Electronic check,103.71,5015.28,No
Male,0,Yes,No,44.0,No,No,DSL,Yes,Yes,Yes,Yes,No,No,Two year,No,Credit card (automatic),43.07,2191.87,Yes
Male,0,No,Yes,17.0,No,No,DSL,No,No,No,No,Yes,Yes,Month-to-month,Yes,Credit card (automatic),41.63,851.65,No
Male,0,No,No,28.0,No,No,DSL,Yes,No,No,Yes,No,No,Month-to-month,Yes,Mailed check,33.09,1077.0,No
Female,0,Yes,No,53.0,No,No,DSL,No,Yes,Yes,Yes,No,No,Two year,Yes,Credit card (automatic),47.04,2710.05,Yes
Male,1,No,No,15.0,No,No,DSL,No,No,No,No,No,No,Month-to-month,Yes,Bank transfer (automatic),20.41,251.04,Yes
Female,0,No,No,37.0,No,No,DSL,Yes,No,No,Yes,Yes,Yes,Month-to-month,No,Bank transfer (automatic),44.81,1995.56,No
Male,0,Yes,No,72.0,No,No,DSL,Yes,Yes,Yes,Yes,No,Yes,Two year,No,Bank transfer (automatic),57.2,3747.71,No
Female,1,Yes,Yes,35.0,No,No,DSL,No,No,Yes,Yes,Yes,Yes,Two year,No,Credit card (automatic),80.69,3144.25,No
Male,0,Yes,No,23.0,No,No,DSL,Yes,No,Yes,No,No,Yes,Month-to-month,Yes,Electronic check,41.21,964.78,Yes
Female,0,No,Yes,11.0,No,No,DSL,Yes,Yes,No,Yes,No,No,One year,No,Mailed check,39.55,356.72,No
Male,0,Yes,No,38.0,No,No,DSL,Yes,No,No,Yes,Yes,No,Month-to-month,No,Bank transfer (automatic),43.22,1976.62,No
Male,1,No,No,47.0,No,No,DSL,Yes,Yes,No,Yes,No,Yes,Two year,Yes,Credit card (automatic),49.7,2302.44,No
Female,0,No,No,27.0,No,No,DSL,Yes,No,No,Yes,Yes,Yes,Month-to-month,Yes,Electronic check,51.79,1401.52,No
Male,0,Yes,No,45.0,No,No,DSL,Yes,No,Yes,No,Yes,Yes,Month-to-month,Yes,Credit card (automatic),46.1,2064.7,No
Male,0,No,Yes,48.0,No,No,DSL,No,Yes,Yes,No,Yes,Yes,Two year,Yes,Bank transfer (automatic),53.65,2606.93,No
Male,0,Yes,No,72.0,No,No,DSL,Yes,Yes,Yes,Yes,Yes,No,Two year,No,Bank transfer (automatic),53.44,4374.52,No
Female,0,No,No,70.0,No,No,DSL,Yes,Yes,No,Yes,No,No,One year,No,Electronic check,33.22,2798.89,No
Female,0,No,No,33.0,No,No,DSL,Yes,No,Yes,Yes,Yes,Yes,One year,Yes,Bank transfer (automatic),48.24,1590.49,Yes
Male,0,Yes,Yes,51.0,No,No,DSL,Yes,Yes,No,Yes,Yes,Yes,Two year,No,Bank transfer (automatic),58.35,2468.57,No
Female,0,Yes,No,53.0,No,No,DSL,Yes,No,Yes,Yes,Yes,Yes,Month-to-month,Yes,Bank transfer (automatic),59.59,2986.01,No
Female,0,Yes,No,57.0,No,No,DSL,No,No,Yes,Yes,Yes,Yes,Two year,Yes,Bank transfer (automatic),50.98,2382.49,No
Male,0,No,Yes,18.0,No,No,DSL,Yes,No,No,Yes,Yes,No,Month-to-month,Yes,Electronic check,42.89,633.05,Yes
Male,0,Yes,Yes,43.0,No,No,DSL,No,No,No,No,No,No,Month-to-month,Yes,Credit card (automatic),33.12,1575.45,No
Male,0,Yes,Yes,62.0,No,No,DSL,Yes,Yes,Yes,Yes,Yes,No,Two year,No,Credit card (automatic),51.42,3120.67,No
Female,1,Yes,No,19.0,No,No,DSL,No,Yes,Yes,No,No,No,Month-to-month,No,Credit card (automatic),30.29,471.88,Yes
Male,0,Yes,No,47.0,No,No,DSL,Yes,No,No,Yes,No,No,Two year,No,Mailed check,43.28,2118.38,No
Female,0,No,No,36.0,No,No,DSL,No,Yes,No,Yes,Yes,Yes,Month-to-month,Yes,Electronic check,64.3,2785.93,No
Female,0,Yes,Yes,0.0,No,No,DSL,No,No,No,No,No,No,Month-to-month,Yes,Credit card (automatic),29.32,0.0,No
Male,0,Yes,Yes,24.0,No,No,DSL,Yes,Yes,No,Yes,No,No,Two year,No,Bank transfer (automatic),38.56,887.61,No
Female,0,Yes,Yes,53.0,No,No,DSL,Yes,No,No,Yes,No,No,One year,No,Mailed check,36.81,1766.35,No
Male,0,Yes,No,37.0,No,No,DSL,No,Yes,No,No,Yes,Yes,Month-to-month,Yes,Electronic check,64.85,2327.91,No
Female,0,Yes,Yes,50.0,No,No,DSL,Yes,No,Yes,Yes,No,No,Two year,No,Bank transfer (automatic),43.52,2413.21,No
Female,0,No,No,31.0,No,No,DSL,Yes,No,No,Yes,No,No,Two year,No,Credit card (automatic),38.53,979.33,No
Male,0,Yes,Yes,39.0,No,No,DSL,No,Yes,Yes,No,No,Yes,Month-to-month,No,Bank transfer (automatic),42.94,1908.85,No
Female,0,No,No,56.0,No,No,DSL,No,No,Yes,Yes,No,No,One year,Yes,Bank transfer (automatic),41.49,2574.0,Yes
Male,1,Yes,No,66.0,No,No,DSL,No,Yes,No,Yes,Yes,Yes,One year,No,Credit card (automatic),46.63,3605.48,No
Male,0,Yes,No,57.0,No,No,DSL,No,Yes,Yes,Yes,Yes,Yes,One year,No,Bank transfer (automatic),63.1,3220.66,No
Male,0,No,No,72.0,No,No,DSL,No,No,Yes,Yes,Yes,Yes,Two year,Yes,Credit card (automatic),58.21,4800.57,No
Female,1,Yes,No,59.0,No,No,DSL,Yes,Yes,Yes,No,No,Yes,Two year,No,Electronic check,49.81,3055.25,No
Female,0,Yes,Yes,34.0,No,No,DSL,Yes,Yes,Yes,Yes,No,No,Month-to-month,No,Credit card (automatic),35.41,1320.12,No
Male,0,No,No,46.0,No,No,DSL,Yes,Yes,Yes,No,Yes,No,Two year,No,Electronic check,45.89,2477.95,No
Male,0,No,No,71.0,No,No,DSL,No,No,No,No,Yes,No,One year,Yes,Credit card (automatic),34.16,2918.79,No
Female,0,Yes,No,69.0,No,No,DSL,Yes,Yes,Yes,No,Yes,Yes,Two year,Yes,Bank transfer (automatic),50.95,3328.83,No
Female,0,No,No,72.0,No,No,DSL,Yes,Yes,No,No,Yes,No,One year,Yes,Electronic check,56.73,4610.19,No
Male,0,No,No,28.0,No,No,DSL,No,No,Yes,No,No,No,Month-to-month,Yes,Mailed check,33.44,767.77,No
Female,0,Yes,No,25.0,No,No,DSL,No,No,No,No,No,No,Month-to-month,Yes,Mailed check,31.12,936.36,Yes
Male,1,Yes,No,9.0,No,No,DSL,No,No,Yes,No,No,No,Month-to-month,No,Mailed check,31.73,234.11,Yes
Female,1,Yes,No,51.0,No,No,DSL,No,Yes,Yes,Yes,Yes,No,One year,Yes,Electronic check,54.58,3289.06,No
Female,0,Yes,No,44.0,No,No,DSL,No,Yes,Yes,Yes,No,No,Month-to-month,Yes,Electronic check,40.35,1455.61,Yes
Female,0,No,No,43.0,No,No,DSL,No,No,No,Yes,Yes,No,Month-to-month,Yes,Credit card (automatic),38.83,1882.85,No
Male,0,No,No,54.0,No,No,DSL,No,No,No,No,Yes,Yes,One year,Yes,Electronic check,53.94,3036.37,Yes
Female,0,Yes,No,61.0,No,No,DSL,Yes,No,Yes,Yes,Yes,Yes,One year,No,Electronic check,54.14,3360.85,No
Female,0,Yes,Yes,18.0,No,No,DSL,Yes,Yes,No,No,No,Yes,Month-to-month,No,Bank transfer (automatic),40.61,599.29,No
Female,0,Yes,Yes,29.0,No,No,DSL,Yes,Yes,Yes,No,No,No,Month-to-month,No,Electronic check,44.88,1067.15,No
Female,0,Yes,Yes,33.0,No,No,DSL,Yes,Yes,No,Yes,Yes,No,Month-to-month,Yes,Credit card (automatic),48.2,1532.2,No
Male,0,Yes,Yes,61.0,No,No,DSL,No,No,Yes,Yes,Yes,Yes,Two year,No,Bank transfer (automatic),57.47,3808.65,Yes
Male,1,Yes,No,45.0,No,No,DSL,No,Yes,Yes,No,No,Yes,Month-to-month,Yes,Electronic check,37.51,1674.37,No
Female,0,Yes,Yes,32.0,No,No,DSL,No,No,Yes,No,No,Yes,Month-to-month,No,Credit card (automatic),43.39,1428.3,No
Female,0,No,No,0.0,No,No,DSL,No,No,No,No,No,No,Month-to-month,Yes,Credit card (automatic),31.04,0.0,No
Male,0,No,No,28.0,No,No,DSL,Yes,Yes,Yes,No,Yes,No,Month-to-month,No,Credit card (automatic),52.72,1659.25,No
Male,0,No,No,66.0,No,No,DSL,Yes,Yes,Yes,No,Yes,Yes,Two year,No,Credit card (automatic),54.99,3387.88,No
Female,0,No,Yes,9.0,No,No,DSL,No,Yes,Yes,No,No,No,One year,No,Electronic check,38.76,286.06,No
Male,0,Yes,No,67.0,No,No,DSL,Yes,Yes,Yes,No,Yes,Yes,Month-to-month,Yes,Bank transfer (automatic),56.53,3412.4,Yes
Female,0,No,No,72.0,No,No,DSL,Yes,Yes,No,Yes,Yes,Yes,Two year,Yes,Credit card (automatic),50.79,4097.26,No
Male,0,No,No,24.0,No,No,DSL,No,No,Yes,No,Yes,Yes,Month-to-month,No,Electronic check,43.93,864.49,No
Female,1,No,No,56.0,No,No,DSL,No,Yes,No,No,Yes,Yes,One year,No,Mailed check,50.98,2703.35,No
Male,0,No,No,55.0,No,No,DSL,Yes,No,Yes,No,No,No,Month-to-month,No,Bank transfer (automatic),36.48,2414.41,No
Male,0,Yes,Yes,60.0,No,No,DSL,No,No,Yes,No,Yes,Yes,Two year,Yes,Electronic check,61.13,3366.98,No
Male,0,Yes,Yes,39.0,No,No,DSL,No,Yes,No,Yes,No,No,Two year,Yes,Credit card (automatic),39.76,1484.48,No
Female,0,No,No,72.0,No,No,DSL,Yes,Yes,Yes,Yes,No,No,Two year,No,Mailed check,49.24,3764.39,No
Female,0,Yes,Yes,34.0,No,No,DSL,No,No,Yes,Yes,Yes,Yes,One year,No,Electronic check,56.23,2300.95,No
Male,0,Yes,No,56.0,No,No,DSL,Yes,Yes,Yes,Yes,No,No,Two year,Yes,Mailed check,45.18,2496.18,No
Female,0,No,No,4.0,No,No,DSL,No,Yes,Yes,Yes,No,No,Month-to-month,No,Bank transfer (automatic),32.3,105.94,No
Male,0,Yes,Yes,35.0,No,No,DSL,Yes,Yes,Yes,Yes,No,No,One year,No,Credit card (automatic),36.24,1086.69,No
Female,0,No,Yes,57.0,No,No,DSL,No,Yes,Yes,No,No,No,Two year,No,Credit card (automatic),43.15,2069.3,No
Male,1,Yes,Yes,22.0,No,No,DSL,No,No,No,No,Yes,Yes,Month-to-month,Yes,Electronic check,42.9,1135.78,No
Female,0,Yes,No,38.0,No,No,DSL,No,Yes,No,Yes,No,No,Two year,No,Bank transfer (automatic),32.47,1464.6,No
Female,1,No,No,72.0,No,No,DSL,No,Yes,Yes,No,Yes,No,One year,Yes,Bank transfer (automatic),49.71,3662.92,No
Female,0,Yes,Yes,42.0,No,No,DSL,Yes,No,Yes,No,No,No,Month-to-month,Yes,Bank transfer (automatic),33.85,1711.09,No
Male,1,Yes,Yes,25.0,No,No,DSL,No,No,No,No,Yes,No,Month-to-month,Yes,Credit card (automatic),35.38,867.71,No
Male,1,No,No,68.0,No,No,DSL,No,Yes,No,No,Yes,Yes,Month-to-month,Yes,Electronic check,57.13,3827.29,Yes
Female,1,Yes,No,31.0,No,No,DSL,Yes,Yes,No,No,Yes,Yes,Month-to-month,Yes,Credit card (automatic),54.73,2041.84,No
Male,0,Yes,Yes,62.0,No,No,DSL,Yes,No,No,Yes,No,Yes,One year,No,Bank transfer (automatic),47.22,2671.55,No
Male,0,Yes,Yes,53.0,No,No,DSL,No,No,Yes,Yes,Yes,Yes,Two year,No,Electronic check,60.84,3396.71,No
Female,0,Yes,No,72.0,No,No,DSL,Yes,Yes,Yes,Yes,Yes,Yes,Two year,No,Bank transfer (automatic),64.5,4258.87,No
Female,0,No,Yes,42.0,No,No,DSL,Yes,No,No,Yes,Yes,Yes,One year,No,Credit card (automatic),51.64,2289.47,No
Male,0,Yes,No,44.0,No,No,DSL,Yes,Yes,Yes,No,Yes,Yes,Two year,Yes,Credit card (automatic),52.81,2388.22,No
Male,0,No,No,47.0,No,No,DSL,No,No,No,No,No,No,Month-to-month,No,Mailed check,23.9,1290.38,No
Male,1,No,No,66.0,No,No,DSL,Yes,No,Yes,Yes,Yes,Yes,Two year,Yes,Electronic check,58.12,3380.28,No
Male,1,Yes,No,27.0,No,No,DSL,No,No,No,No,Yes,Yes,One year,Yes,Mailed check,39.35,928.85,No
Female,0,Yes,Yes,47.0,No,No,DSL,Yes,Yes,No,Yes,No,Yes,Two year,No,Bank transfer (automatic),44.85,2536.81,No
Male,0,No,No,53.0,No,No,DSL,No,No,No,Yes,No,Yes,Month-to-month,Yes,Bank transfer (automatic),36.66,2246.15,No
Female,0,Yes,No,53.0,No,No,DSL,No,No,No,No,No,No,Month-to-month,No,Credit card (automatic),28.69,1829.79,No
Female,0,No,No,50.0,No,No,DSL,Yes,No,Yes,No,Yes,No,One year,Yes,Credit card (automatic),42.66,2275.99,No
Male,0,No,No,27.0,No,No,DSL,No,No,No,No,Yes,Yes,One year,Yes,Credit card (automatic),50.19,1630.86,No
Male,0,No,No,52.0,No,No,DSL,Yes,No,No,Yes,Yes,No,One year,Yes,Credit card (automatic),46.28,2373.21,No
Male,0,Yes,Yes,28.0,No,No,DSL,No,Yes,Yes,Yes,Yes,Yes,One year,Yes,Mailed check,55.23,1861.03,No
Male,0,Yes,Yes,72.0,No,No,DSL,Yes,Yes,Yes,Yes,Yes,Yes,One year,Yes,Bank transfer (automatic),75.21,6517.51,No
Female,0,Yes,Yes,52.0,No,No,DSL,Yes,No,No,Yes,Yes,No,Two year,No,Credit card (automatic),38.47,2366.86,No
Female,1,No,No,25.0,No,No,DSL,Yes,Yes,No,No,Yes,No,Month-to-month,No,Credit card (automatic),44.87,919.68,No
Female,0,No,No,33.0,No,No,DSL,Yes,No,No,Yes,No,No,Month-to-month,Yes,Bank transfer (automatic),34.84,1220.0,No
Female,0,No,No,41.0,No,No,DSL,No,Yes,Yes,Yes,No,Yes,Two year,No,Credit card (automatic),54.44,2686.35,No
Male,1,No,Yes,53.0,No,No,DSL,No,Yes,Yes,Yes,Yes,No,One year,Yes,Credit card (automatic),64.14,3103.27,No
Female,0,Yes,No,39.0,No,No,DSL,No,No,Yes,No,No,No,One year,No,Bank transfer (automatic),35.77,1566.97,Yes
Female,0,No,Yes,0.0,No,No,DSL,Yes,Yes,No,Yes,No,No,One year,No,Mailed check,41.51,0.0,Yes
Female,0,Yes,Yes,22.0,No,No,DSL,No,Yes,Yes,Yes,No,No,Two year,No,Credit card (automatic),45.45,819.79,No
Female,0,No,Yes,40.0,No,No,DSL,Yes,No,Yes,Yes,Yes,No,One year,No,Credit card (automatic),52.86,2168.51,No
Female,0,No,No,53.0,No,No,DSL,Yes,Yes,Yes,Yes,No,No,Two year,No,Credit card (automatic),46.99,2452.53,No
Male,0,Yes,Yes,59.0,No,No,DSL,Yes,Yes,No,No,Yes,No,Month-to-month,Yes,Bank transfer (automatic),39.19,2783.1,No
Male,0,No,No,1.0,No,No,DSL,Yes,No,No,No,No,No,One year,No,Credit card (automatic),21.14,17.33,No
Male,0,No,No,0.0,No,No,DSL,Yes,No,No,No,No,No,Month-to-month,Yes,Electronic check,23.01,0.0,No
Male,0,Yes,Yes,69.0,No,No,DSL,No,No,No,Yes,No,No,Two year,Yes,Electronic check,39.13,3249.76,No
Female,0,No,No,40.0,No,No,DSL,No,Yes,Yes,No,Yes,Yes,Month-to-month,Yes,Credit card (automatic),51.07,2113.94,Yes
Male,0,Yes,Yes,50.0,No,No,DSL,Yes,Yes,Yes,No,No,Yes,Month-to-month,Yes,Bank transfer (automatic),47.08,2289.59,No
Female,0,Yes,No,22.0,No,No,DSL,Yes,Yes,No,No,Yes,Yes,Two year,No,Mailed check,55.55,1470.79,No
Female,0,Yes,Yes,72.0,No,No,DSL,Yes,Yes,No,No,Yes,No,Two year,No,Bank transfer (automatic),54.35,3896.4,No
Female,1,No,Yes,13.0,No,No,DSL,Yes,Yes,No,Yes,Yes,No,Month-to-month,No,Credit card (automatic),43.27,676.96,No
Male,0,No,No,44.0,No,No,DSL,Yes,No,Yes,No,Yes,Yes,Month-to-month,Yes,Credit card (automatic),66.18,2519.82,No
Female,0,Yes,Yes,31.0,No,No,DSL,Yes,No,Yes,No,No,Yes,Two year,No,Bank transfer (automatic),54.94,1692.29,No
Female,1,No,No,13.0,No,No,DSL,No,Yes,No,No,Yes,No,One year,Yes,Mailed check,43.55,464.25,No
Male,0,Yes,Yes,52.0,No,No,DSL,No,No,Yes,No,Yes,Yes,One year,No,Mailed check,51.75,3037.42,No
Male,0,No,No,70.0,No,No,DSL,No,No,Yes,Yes,Yes,Yes,Two year,No,Bank transfer (automatic),46.78,3700.13,No
Female,0,No,No,38.0,No,No,DSL,No,Yes,Yes,No,No,Yes,Month-to-month,Yes,Credit card (automatic),43.64,1472.38,Yes
Male,1,Yes,No,59.0,No,No,DSL,Yes,Yes,Yes,Yes,No,Yes,Two year,Yes,Credit card (automatic),54.74,2948.79,No
Female,0,No,No,41.0,No,No,DSL,No,Yes,No,Yes,Yes,Yes,One year,Yes,Electronic check,65.33,3035.67,No
Male,0,Yes,No,39.0,No,No,DSL,No,No,No,Yes,Yes,No,One year,Yes,Bank transfer (automatic),35.11,1321.95,No
Female,0,No,No,72.0,No,No,DSL,Yes,No,Yes,Yes,No,Yes,Two year,No,Bank transfer (automatic),46.11,3762.62,No
Male,0,No,No,51.0,No,No,DSL,No,Yes,No,Yes,Yes,Yes,One year,No,Electronic check,51.03,2764.56,No
Male,0,Yes,No,21.0,No,No,DSL,No,No,No,No,Yes,Yes,Month-to-month,Yes,Credit card (automatic),35.59,899.44,No
Female,0,Yes,Yes,56.0,No,No,DSL,Yes,No,Yes,Yes,No,No,Two year,Yes,Bank transfer (automatic),35.28,2377.87,Yes
Female,0,Yes,Yes,60.0,No,No,DSL,Yes,Yes,No,Yes,No,No,Two year,No,Mailed check,38.46,2189.03,No
Male,0,No,No,20.0,No,No,DSL,No,Yes,No,Yes,Yes,Yes,One year,Yes,Bank transfer (automatic),47.96,1154.44,Yes
Female,0,No,No,20.0,No,No,DSL,No,Yes,No,Yes,Yes,Yes,Two year,Yes,Bank transfer (automatic),53.24,1281.39,No
Male,0,No,No,72.0,No,No,DSL,No,No,Yes,No,Yes,Yes,Month-to-month,Yes,Credit card (automatic),45.87,3938.83,No
Male,0,No,No,44.0,No,No,DSL,Yes,Yes,Yes,No,No,No,Month-to-month,No,Bank transfer (automatic),36.82,1898.7,No
Female,0,No,No,46.0,No,No,DSL,Yes,No,Yes,Yes,Yes,No,Two year,Yes,Credit card (automatic),58.57,2845.35,No
Female,0,Yes,Yes,44.0,No,No,DSL,No,No,Yes,Yes,Yes,No,Two year,No,Mailed check,42.38,1850.02,No
Male,0,Yes,No,47.0,No,No,DSL,Yes,Yes,No,Yes,Yes,No,Two year,Yes,Mailed check,44.51,2096.4,No
Female,0,No,No,20.0,No,No,DSL,No,No,No,Yes,No,No,Two year,No,Credit card (automatic),25.23,413.78,No
Female,0,No,No,35.0,No,No,DSL,No,No,No,Yes,No,No,One year,Yes,Mailed check,35.75,1400.43,No
Female,0,No,No,35.0,No,No,DSL,Yes,No,Yes,No,No,No,Two year,No,Credit card (automatic),40.15,1550.6,No
Female,0,Yes,Yes,28.0,No,No,DSL,No,No,No,Yes,Yes,Yes,Month-to-month,No,Mailed check,48.81,1644.69,No
Male,0,No,No,59.0,No,No,DSL,Yes,Yes,No,No,No,No,Month-to-month,Yes,Credit card (automatic),33.32,1953.24,No
Male,0,Yes,Yes,28.0,No,No,DSL,No,No,Yes,No,No,No,One year,No,Electronic check,26.77,614.63,No
Female,0,No,No,33.0,No,No,DSL,No,No,No,No,No,No,One year,No,Bank transfer (automatic),29.49,1023.19,Yes
Female,0,Yes,No,26.0,No,No,DSL,Yes,No,Yes,No,No,No,Two year,No,Mailed check,40.25,1055.84,No
Male,0,Yes,No,10.0,No,No,DSL,No,No,Yes,Yes,No,No,Two year,No,Bank transfer (automatic),31.61,259.14,Yes
Male,1,No,No,72.0,No,No,DSL,No,Yes,Yes,Yes,Yes,Yes,Two year,Yes,Credit card (automatic),55.68,4389.99,Yes
Male,0,Yes,No,70.0,No,No,DSL,Yes,No,Yes,No,Yes,Yes,One year,Yes,Bank transfer (automatic),60.75,4281.12,No
Male,0,Yes,Yes,41.0,No,No,DSL,No,No,No,No,Yes,Yes,Two year,No,Credit card (automatic),48.27,2053.89,No
Male,0,No,Yes,0.0,No,No,DSL,No,Yes,No,No,Yes,Yes,Month-to-month,Yes,Credit card (automatic),47.52,0.0,Yes
Female,0,No,No,10.0,No,No,DSL,Yes,Yes,Yes,No,No,No,Two year,Yes,Mailed check,40.61,332.96,No
Female,0,Yes,Yes,17.0,No,No,DSL,Yes,Yes,Yes,Yes,No,Yes,One year,Yes,Mailed check,52.95,1083.27,No
Male,1,No,No,-0.0,No,No,DSL,No,No,Yes,No,No,No,Month-to-month,Yes,Credit card (automatic),29.57,0.0,No
Male,0,Yes,No,51.0,No,No,DSL,No,Yes,No,No,No,No,Month-to-month,Yes,Electronic check,28.55,1752.3,No
Female,0,No,No,6.0,No,No,DSL,No,No,No,No,No,Yes,Month-to-month,Yes,Credit card (automatic),36.04,260.22,No
Male,1,No,Yes,63.0,No,No,DSL,Yes,Yes,Yes,No,No,Yes,Month-to-month,No,Credit card (automatic),46.09,2674.55,No
Female,0,Yes,Yes,42.0,No,No,DSL,Yes,Yes,Yes,No,No,No,Two year,No,Credit card (automatic),36.15,1827.54,No
Female,0,No,No,35.0,No,No,DSL,No,Yes,No,Yes,No,No,One year,Yes,Credit card (automatic),32.8,1221.25,No
Female,0,No,Yes,29.0,No,No,DSL,No,Yes,No,No,No,No,Month-to-month,Yes,Mailed check,33.64,1147.84,No
Male,0,No,No,49.0,No,No,DSL,Yes,Yes,Yes,Yes,Yes,No,Two year,No,Credit card (automatic),57.83,2507.68,No
Male,0,No,No,17.0,No,No,DSL,No,Yes,No,No,Yes,No,Month-to-month,No,Credit card (automatic),38.67,791.14,No
Male,0,Yes,Yes,50.0,No,No,DSL,No,No,No,No,Yes,Yes,Month-to-month,Yes,Electronic check,44.75,2120.62,Yes
Male,0,Yes,No,37.0,No,No,DSL,No,No,Yes,No,No,No,One year,Yes,Mailed check,32.17,1017.56,No
Male,1,No,Yes,30.0,No,No,DSL,No,Yes,No,No,No,No,Month-to-month,Yes,Mailed check,30.98,762.01,No
Male,0,No,Yes,10.0,No,No,DSL,Yes,Yes,Yes,No,No,No,Month-to-month,Yes,Electronic check,39.48,323.68,No
Male,0,No,No,72.0,No,No,DSL,Yes,Yes,No,Yes,No,Yes,Two year,Yes,Bank transfer (automatic),48.56,3722.64,No
Female,0,Yes,Yes,0.0,No,No,DSL,No,No,Yes,Yes,Yes,No,Month-to-month,No,Credit card (automatic),40.22,0.0,No
Male,0,No,No,7.0,No,No,DSL,No,No,Yes,No,No,No,Two year,Yes,Bank transfer (automatic),34.81,199.77,No
Female,0,Yes,Yes,59.0,No,No,DSL,Yes,No,No,No,No,Yes,Two year,Yes,Mailed check,41.15,2922.12,No
Female,0,No,No,30.0,No,No,DSL,Yes,No,Yes,No,No,No,Month-to-month,Yes,Bank transfer (automatic),36.32,1061.62,No
Male,0,No,No,52.0,No,No,DSL,No,Yes,No,No,Yes,Yes,Month-to-month,Yes,Electronic check,45.7,2671.43,No
Female,0,Yes,No,52.0,No,No,DSL,No,Yes,No,No,Yes,Yes,Month-to-month,No,Credit card (automatic),51.21,3005.76,No
Female,0,No,No,27.0,No,No,DSL,No,No,No,Yes,Yes,No,Month-to-month,No,Mailed check,42.21,1371.7,No
Female,1,No,No,42.0,No,No,DSL,Yes,Yes,No,No,No,Yes,Month-to-month,No,Bank transfer (automatic),45.16,2282.97,No
Male,0,Yes,Yes,59.0,No,No,DSL,Yes,Yes,No,Yes,No,Yes,One year,Yes,Electronic check,47.28,2778.14,No
Female,0,Yes,Yes,8.0,No,No,DSL,Yes,No,Yes,Yes,No,No,Month-to-month,No,Mailed check,41.13,395.99,No
Male,0,No,No,72.0,No,No,DSL,Yes,Yes,Yes,Yes,Yes,No,One year,Yes,Electronic check,53.28,4066.48,No
Male,0,Yes,No,66.0,No,No,DSL,No,No,Yes,No,Yes,Yes,Month-to-month,No,Credit card (automatic),40.33,2810.38,Yes
Female,0,No,No,18.0,No,No,DSL,No,No,Yes,No,Yes,No,Month-to-month,No,Electronic check,36.35,536.49,Yes
Male,1,Yes,Yes,59.0,No,No,DSL,No,Yes,Yes,No,Yes,Yes,Month-to-month,Yes,Bank transfer (automatic),58.23,3343.15,No
Male,0,Yes,Yes,35.0,No,No,DSL,No,Yes,No,Yes,No,No,Two year,No,Credit card (automatic),41.96,1767.58,No
Male,0,No,No,30.0,No,No,DSL,Yes,No,No,Yes,No,No,One year,No,Electronic check,34.61,1145.17,No
Male,1,Yes,No,37.0,No,No,DSL,Yes,Yes,Yes,Yes,Yes,Yes,One year,Yes,Credit card (automatic),54.6,2223.72,No
Male,1,No,No,26.0,No,No,DSL,No,No,Yes,No,No,No,One year,Yes,Electronic check,37.01,789.07,No
Male,0,No,Yes,43.0,No,No,DSL,Yes,No,Yes,Yes,No,No,One year,No,Credit card (automatic),35.63,1729.82,No
Female,0,No,Yes,9.0,No,No,DSL,No,No,Yes,No,No,No,Month-to-month,Yes,Credit card (automatic),29.34,216.49,No
Female,0,Yes,Yes,22.0,No,No,DSL,Yes,Yes,Yes,Yes,No,No,Two year,No,Bank transfer (automatic),39.13,705.83,No
Female,0,No,No,23.0,No,No,DSL,Yes,Yes,No,Yes,No,No,One year,No,Credit card (automatic),54.12,1498.05,No
Female,1,Yes,No,16.0,No,No,DSL,No,No,No,Yes,No,No,One year,Yes,Electronic check,32.55,426.96,No
Male,0,Yes,No,15.0,No,No,DSL,Yes,No,Yes,No,No,Yes,One year,Yes,Electronic check,43.35,533.19,No
Female,0,Yes,Yes,41.0,No,No,DSL,Yes,Yes,Yes,Yes,Yes,Yes,Two year,No,Bank transfer (automatic),60.9,2801.39,No
Female,0,No,Yes,41.0,No,No,DSL,No,Yes,No,No,Yes,Yes,Month-to-month,Yes,Electronic check,41.5,1638.49,No
Male,0,Yes,Yes,37.0,No,No,DSL,No,No,Yes,Yes,Yes,No,Two year,No,Bank transfer (automatic),46.57,1602.45,No
Male,0,Yes,Yes,47.0,No,No,DSL,Yes,Yes,Yes,No,Yes,Yes,Two year,No,Credit card (automatic),50.58,2606.18,No
Male,0,No,No,34.0,No,No,DSL,No,Yes,No,Yes,Yes,Yes,Month-to-month,No,Credit card (automatic),48.61,1904.37,Yes
Female,0,No,No,13.0,No,No,DSL,No,No,No,No,Yes,Yes,Month-to-month,Yes,Bank transfer (automatic),42.05,657.94,No
Female,0,Yes,Yes,60.0,No,No,DSL,Yes,Yes,Yes,Yes,Yes,Yes,Two year,Yes,Electronic check,57.52,3321.34,No
Male,1,No,Yes,35.0,No,No,DSL,No,No,Yes,No,No,No,Month-to-month,Yes,Electronic check,33.03,1117.89,No
Male,0,Yes,Yes,11.0,No,No,DSL,Yes,Yes,No,Yes,No,No,Two year,No,Bank transfer (automatic),35.21,352.85,Yes
Male,0,Yes,No,0.0,No,No,DSL,Yes,No,No,No,No,No,Month-to-month,No,Credit card (automatic),24.91,0.0,No
Female,0,No,No,34.0,No,No,DSL,Yes,No,Yes,No,No,Yes,One year,Yes,Credit card (automatic),47.16,1929.62,Yes
Male,0,No,No,33.0,No,No,DSL,No,Yes,No,No,Yes,No,Month-to-month,No,Bank transfer (automatic),40.6,1586.18,No
Female,0,Yes,Yes,60.0,No,No,DSL,Yes,Yes,Yes,Yes,Yes,Yes,Two year,No,Credit card (automatic),71.4,4174.01,No
Male,0,Yes,No,27.0,No,No,DSL,Yes,No,No,No,Yes,No,Month-to-month,No,Electronic check,40.26,1046.35,No
Male,0,No,No,4.0,No,No,DSL,No,No,Yes,No,Yes,No,Month-to-month,Yes,Electronic check,31.69,117.17,No
Female,0,Yes,Yes,16.0,No,No,DSL,Yes,No,Yes,Yes,Yes,Yes,One year,Yes,Electronic check,69.54,1339.09,No
Male,0,Yes,No,25.0,No,No,DSL,Yes,No,No,No,Yes,No,Two year,No,Bank transfer (automatic),35.71,949.05,Yes
Female,0,Yes,Yes,68.0,No,No,DSL,Yes,Yes,Yes,Yes,Yes,Yes,Two year,Yes,Bank transfer (automatic),62.59,4008.97,Yes
Female,0,Yes,No,55.0,No,No,DSL,Yes,Yes,Yes,Yes,No,Yes,Month-to-month,No,Bank transfer (automatic),58.62,2643.44,No
Male,0,No,No,6.0,No,No,DSL,No,Yes,Yes,No,No,No,One year,Yes,Bank transfer (automatic),42.77,210.39,Yes
Male,0,No,No,59.0,No,No,DSL,Yes,No,Yes,Yes,No,No,Two year,Yes,Bank transfer (automatic),40.82,2898.18,No
Female,0,Yes,No,44.0,No,No,DSL,No,No,No,No,Yes,Yes,Two year,Yes,Credit card (automatic),48.48,2567.42,No
Female,0,Yes,Yes,72.0,No,No,DSL,No,No,No,No,Yes,Yes,Month-to-month,Yes,Credit card (automatic),56.15,3916.29,No
Female,0,Yes,Yes,59.0,No,No,DSL,No,No,Yes,No,No,Yes,Two year,Yes,Mailed check,51.01,3142.82,No
Male,0,Yes,No,72.0,No,No,DSL,No,Yes,Yes,Yes,Yes,Yes,Two year,No,Bank transfer (automatic),67.79,5373.09,No
Male,0,No,No,55.0,No,No,DSL,Yes,Yes,Yes,Yes,No,No,Month-to-month,No,Bank transfer (automatic),46.77,2346.76,No
Female,0,No,No,5.0,No,No,DSL,Yes,Yes,No,No,No,Yes,Month-to-month,No,Credit card (automatic),49.8,299.65,No
Female,0,Yes,Yes,39.0,No,No,DSL,No,No,No,Yes,No,No,Month-to-month,No,Bank transfer (automatic),26.45,1241.51,No
Female,0,Yes,Yes,36.0,No,No,DSL,Yes,Yes,No,Yes,No,No,One year,Yes,Bank transfer (automatic),44.99,1949.31,Yes
Male,0,Yes,Yes,39.0,No,No,DSL,Yes,No,Yes,Yes,Yes,Yes,Two year,No,Bank transfer (automatic),49.82,1921.45,No
Male,0,Yes,No,54.0,No,No,DSL,Yes,Yes,Yes,No,Yes,Yes,One year,No,Electronic check,58.82,3073.64,Yes
Female,0,No,No,60.0,No,No,DSL,No,No,Yes,No,No,No,Month-to-month,Yes,Credit card (automatic),39.29,2837.52,No
Female,0,No,Yes,35.0,No,No,DSL,Yes,Yes,Yes,No,Yes,Yes,Two year,No,Bank transfer (automatic),66.48,2222.49,No
Male,0,No,No,20.0,No,No,DSL,No,No,Yes,Yes,Yes,Yes,One year,No,Mailed check,53.18,999.79,Yes
Female,0,Yes,No,62.0,No,No,DSL,No,No,No,No,Yes,Yes,One year,Yes,Credit card (automatic),49.76,3019.72,No
Male,0,Yes,No,44.0,No,No,DSL,No,No,No,No,Yes,Yes,Month-to-month,Yes,Mailed check,42.71,1929.93,No
Male,0,Yes,Yes,48.0,No,No,DSL,Yes,Yes,Yes,Yes,Yes,No,Two year,Yes,Bank transfer (automatic),49.39,2167.16,No
Female,0,Yes,No,50.0,No,No,DSL,No,No,Yes,Yes,Yes,Yes,One year,No,Bank transfer (automatic),47.51,2457.83,No
Female,0,No,No,30.0,No,No,DSL,No,No,Yes,No,No,No,Month-to-month,Yes,Mailed check,24.7,607.57,No
Female,0,Yes,No,46.0,No,No,DSL,No,No,Yes,Yes,No,Yes,Month-to-month,Yes,Electronic check,42.74,2243.47,No
Female,0,No,No,42.0,No,No,DSL,No,Yes,No,No,Yes,No,Month-to-month,No,Electronic check,41.53,1658.29,Yes
Male,0,No,Yes,13.0,No,No,DSL,Yes,No,Yes,Yes,No,No,One year,No,Mailed check,30.35,323.47,No
Male,0,Yes,Yes,62.0,No,No,DSL,Yes,No,No,Yes,Yes,Yes,Two year,Yes,Bank transfer (automatic),60.85,3476.28,No
Female,0,Yes,Yes,40.0,No,No,DSL,No,No,Yes,Yes,Yes,Yes,Two year,No,Credit card (automatic),59.52,2447.6,No
Male,0,No,No,43.0,No,No,DSL,Yes,No,Yes,No,No,Yes,Month-to-month,Yes,Electronic check,33.71,1188.67,No
Male,0,Yes,Yes,63.0,No,No,DSL,Yes,No,Yes,Yes,No,Yes,Month-to-month,Yes,Electronic check,53.52,3172.8,No
Female,0,No,No,72.0,No,No,DSL,Yes,Yes,Yes,Yes,Yes,Yes,Two year,Yes,Credit card (automatic),59.83,4247.45,No
Female,0,No,Yes,29.0,No,No,DSL,No,Yes,No,No,No,No,Month-to-month,No,Mailed check,28.93,687.84,No
Female,0,Yes,Yes,65.0,No,No,DSL,No,Yes,Yes,No,Yes,Yes,One year,Yes,Credit card (automatic),51.28,3164.15,No
Male,0,No,No,72.0,No,No,DSL,Yes,No,Yes,Yes,No,No,Two year,Yes,Bank transfer (automatic),36.0,3119.72,No
Female,0,Yes,Yes,63.0,No,No,DSL,Yes,No,No,Yes,No,No,Two year,Yes,Mailed check,36.71,2783.11,No
Female,0,No,No,33.0,No,No,DSL,Yes,Yes,Yes,Yes,No,No,Month-to-month,Yes,Bank transfer (automatic),38.47,1242.55,No
Male,0,No,No,49.0,No,No,DSL,No,Yes,No,Yes,No,No,Month-to-month,No,Bank transfer (automatic),28.45,1677.99,No
Male,0,Yes,Yes,72.0,No,No,DSL,Yes,No,Yes,Yes,Yes,Yes,Two year,No,Credit card (automatic),61.97,4370.05,No
Male,0,Yes,Yes,37.0,No,No,DSL,Yes,No,No,Yes,No,No,Month-to-month,No,Credit card (automatic),34.65,1456.09,No
Male,0,No,Yes,14.0,No,No,DSL,Yes,No,No,Yes,Yes,No,One year,No,Bank transfer (automatic),46.05,775.99,No
Male,0,No,No,28.0,No,No,DSL,No,No,No,Yes,Yes,No,Month-to-month,Yes,Bank transfer (automatic),36.28,1222.45,No
Female,0,No,No,52.0,No,No,DSL,No,No,Yes,No,Yes,Yes,Month-to-month,No,Bank transfer (automatic),48.14,2984.86,No
Female,0,No,Yes,60.0,No,No,DSL,Yes,No,Yes,Yes,Yes,No,Two year,No,Credit card (automatic),57.29,3502.17,No
Female,0,Yes,No,55.0,No,No,DSL,Yes,No,No,Yes,No,No,One year,Yes,Mailed check,38.13,1900.3,No
Male,0,No,No,53.0,No,No,DSL,No,Yes,Yes,No,No,Yes,One year,Yes,Credit card (automatic),40.7,1768.46,No
Female,0,Yes,Yes,45.0,No,No,DSL,Yes,Yes,Yes,No,No,No,Two year,No,Mailed check,41.35,2036.64,No
Male,0,Yes,Yes,28.0,No,No,DSL,No,Yes,No,Yes,Yes,Yes,Two year,No,Credit card (automatic),54.95,1621.03,No
Female,0,Yes,Yes,50.0,No,No,DSL,Yes,No,Yes,No,No,Yes,Two year,No,Electronic check,45.01,2388.63,No
Female,0,Yes,No,63.0,No,No,DSL,Yes,Yes,No,No,No,No,Two year,No,Credit card (automatic),46.76,3354.5,Yes
Male,0,Yes,No,49.0,No,No,DSL,Yes,No,Yes,No,No,No,One year,No,Mailed check,35.92,1814.12,No
Female,0,No,No,33.0,No,No,DSL,Yes,Yes,Yes,No,No,No,One year,Yes,Mailed check,40.9,1624.3,No
Male,1,No,No,70.0,No,No,DSL,Yes,Yes,Yes,No,Yes,Yes,Month-to-month,No,Bank transfer (automatic),61.56,4061.18,No
Female,0,Yes,Yes,50.0,No,No,DSL,No,No,Yes,Yes,Yes,No,Month-to-month,Yes,Bank transfer (automatic),46.33,2787.68,No
Female,0,Yes,No,41.0,No,No,DSL,No,Yes,Yes,Yes,Yes,No,Month-to-month,No,Electronic check,51.19,1794.94,No
Male,0,No,No,65.0,No,No,DSL,Yes,No,Yes,No,Yes,No,One year,Yes,Mailed check,39.36,2330.25,No
Female,0,No,No,65.0,No,No,DSL,Yes,No,Yes,No,Yes,No,One year,Yes,Bank transfer (automatic),51.05,3324.16,No
Male,0,Yes,Yes,46.0,No,No,DSL,Yes,No,No,Yes,Yes,Yes,One year,No,Credit card (automatic),48.39,2642.33,No
Female,1,No,No,28.0,No,No,DSL,Yes,Yes,Yes,Yes,No,No,One year,No,Credit card (automatic),54.32,1830.58,No
Female,0,Yes,No,64.0,No,No,DSL,Yes,No,Yes,Yes,Yes,Yes,Two year,Yes,Bank transfer (automatic),50.88,3461.38,Yes
Female,0,No,No,12.0,No,No,DSL,No,No,No,Yes,No,No,One year,No,Credit card (automatic),24.2,238.08,No
Male,0,Yes,No,31.0,No,No,DSL,Yes,No,No,Yes,No,No,One year,No,Mailed check,21.73,552.39,No
Female,0,No,Yes,22.0,No,No,DSL,No,Yes,Yes,No,Yes,Yes,Month-to-month,No,Bank transfer (automatic),57.28,1516.54,No
Female,0,Yes,No,55.0,No,No,DSL,Yes,Yes,Yes,Yes,No,Yes,Two year,No,Mailed check,44.43,2229.33,No
Female,0,Yes,Yes,51.0,No,No,DSL,Yes,Yes,Yes,No,Yes,No,One year,Yes,Bank transfer (automatic),46.29,2828.61,No
Male,0,No,Yes,22.0,No,No,DSL,No,Yes,Yes,Yes,No,No,Two year,Yes,Mailed check,34.38,646.43,No
Male,0,Yes,Yes,53.0,No,No,DSL,No,Yes,Yes,No,Yes,Yes,Two year,No,Bank transfer (automatic),54.15,3129.32,No
Male,0,No,Yes,72.0,No,No,DSL,Yes,Yes,No,Yes,Yes,No,Two year,Yes,Electronic check,43.12,3561.98,No
Male,0,No,No,52.0,No,No,DSL,Yes,Yes,Yes,Yes,Yes,Yes,One year,Yes,Bank transfer (automatic),63.35,3387.31,No
Female,0,Yes,Yes,59.0,No,No,DSL,No,No,Yes,Yes,Yes,No,Two year,No,Bank transfer (automatic),43.4,3081.47,No
Female,0,Yes,No,63.0,No,No,DSL,Yes,Yes,Yes,Yes,Yes,Yes,Two year,No,Bank transfer (automatic),56.94,3643.41,No
Male,0,Yes,No,33.0,No,No,DSL,No,No,Yes,No,Yes,Yes,One year,Yes,Credit card (automatic),52.98,2059.69,No
Male,1,Yes,Yes,29.0,No,No,DSL,No,Yes,Yes,No,No,No,Month-to-month,Yes,Credit card (automatic),41.03,1290.93,No
Female,0,Yes,No,61.0,No,No,DSL,Yes,Yes,Yes,Yes,No,No,One year,Yes,Credit card (automatic),54.12,2874.89,No
Female,0,Yes,Yes,23.0,No,No,DSL,No,Yes,No,Yes,Yes,Yes,Two year,Yes,Credit card (automatic),48.17,1066.99,No
Male,0,No,No,39.0,No,No,DSL,Yes,Yes,No,Yes,No,No,Two year,Yes,Bank transfer (automatic),34.42,1508.15,Yes
Female,0,No,No,58.0,No,No,DSL,No,No,No,No,No,No,Month-to-month,Yes,Bank transfer (automatic),36.52,2517.31,No
Female,0,No,No,24.0,No,No,DSL,Yes,No,Yes,No,Yes,No,Two year,No,Mailed check,47.21,1363.71,No
Male,0,No,No,17.0,No,No,DSL,Yes,No,Yes,No,No,Yes,One year,Yes,Credit card (automatic),44.88,652.68,No
Female,0,Yes,Yes,46.0,No,No,DSL,Yes,No,Yes,Yes,Yes,Yes,Two year,No,Electronic check,60.13,2748.25,No
Male,0,Yes,Yes,72.0,No,No,DSL,Yes,Yes,No,No,Yes,No,Two year,Yes,Bank transfer (automatic),42.63,3543.48,No
Male,0,No,No,45.0,No,No,DSL,No,Yes,Yes,Yes,Yes,Yes,Two year,Yes,Bank transfer (automatic),63.7,3234.73,No
Female,0,No,No,26.0,No,No,DSL,Yes,No,No,No,No,Yes,One year,No,Mailed check,33.16,706.8,No
Female,0,Yes,Yes,72.0,No,No,DSL,No,Yes,Yes,Yes,No,No,Two year,No,Credit card (automatic),54.36,3686.98,No
Female,0,No,No,49.0,No,No,DSL,No,No,Yes,Yes,Yes,Yes,Two year,No,Electronic check,55.96,2900.13,No
Male,0,No,No,29.0,No,No,DSL,Yes,No,No,Yes,Yes,No,Two year,No,Credit card (automatic),43.71,1269.84,No
Female,0,Yes,Yes,33.0,No,No,DSL,No,Yes,No,No,Yes,Yes,One year,Yes,Electronic check,64.15,2217.15,No
Male,0,No,Yes,72.0,No,No,DSL,Yes,Yes,No,Yes,Yes,No,One year,No,Bank transfer (automatic),45.45,3938.1,No
Male,0,Yes,No,31.0,No,No,DSL,No,Yes,No,No,No,Yes,One year,Yes,Electronic check,38.85,1004.52,Yes
Male,0,Yes,No,56.0,No,No,DSL,Yes,Yes,Yes,Yes,No,No,Two year,No,Credit card (automatic),49.6,2886.45,No
Male,0,Yes,Yes,60.0,No,No,DSL,Yes,Yes,Yes,Yes,Yes,Yes,One year,No,Bank transfer (automatic),64.13,3819.76,No
Female,0,No,No,47.0,No,No,DSL,Yes,No,Yes,Yes,No,No,One year,No,Credit card (automatic),47.74,2413.5,No
Male,0,Yes,No,41.0,No,No,DSL,Yes,No,Yes,Yes,Yes,Yes,Two year,Yes,Credit card (automatic),59.98,2474.08,No
Male,0,No,No,35.0,No,No,DSL,Yes,No,No,No,No,Yes,Two year,No,Bank transfer (automatic),45.25,1804.65,No
Female,0,Yes,Yes,49.0,No,No,DSL,No,Yes,Yes,No,No,Yes,Two year,Yes,Credit card (automatic),47.93,2468.82,No
Male,0,Yes,Yes,37.0,No,No,DSL,Yes,Yes,Yes,No,No,No,Month-to-month,No,Bank transfer (automatic),38.38,1406.39,No
Female,0,No,No,58.0,No,No,DSL,Yes,Yes,No,Yes,Yes,Yes,Two year,Yes,Electronic check,53.49,3026.82,No
Male,1,Yes,No,38.0,No,No,DSL,Yes,Yes,No,No,No,No,Month-to-month,Yes,Bank transfer (automatic),38.42,1464.0,No
Male,1,Yes,Yes,54.0,No,No,DSL,Yes,Yes,Yes,No,Yes,Yes,One year,No,Electronic check,63.91,3273.32,No
Female,0,No,No,64.0,No,No,DSL,No,Yes,Yes,No,Yes,Yes,Two year,Yes,Bank transfer (automatic),46.97,3155.91,No
Female,0,No,No,36.0,No,No,DSL,Yes,No,Yes,Yes,Yes,Yes,Two year,Yes,Bank transfer (automatic),54.68,2365.85,No
Male,0,Yes,No,41.0,No,No,DSL,No,Yes,No,Yes,No,No,Two year,No,Bank transfer (automatic),38.04,1862.42,No
Female,0,No,Yes,44.0,No,No,DSL,Yes,No,Yes,Yes,Yes,Yes,Two year,Yes,Credit card (automatic),58.28,2312.92,No
Female,0,No,No,65.0,No,No,DSL,No,Yes,Yes,Yes,Yes,Yes,Two year,No,Credit card (automatic),57.15,3153.43,No
Male,0,Yes,No,60.0,No,No,DSL,No,Yes,No,Yes,No,No,Month-to-month,Yes,Credit card (automatic),35.25,2400.07,Yes
Female,0,No,No,30.0,No,No,DSL,No,Yes,No,Yes,No,No,Two year,No,Mailed check,42.43,1136.86,No
Female,1,Yes,Yes,21.0,No,No,DSL,No,No,No,Yes,Yes,No,Month-to-month,Yes,Credit card (automatic),36.03,690.99,No
Female,0,No,No,40.0,No,No,DSL,No,Yes,No,No,Yes,No,Month-to-month,Yes,Credit card (automatic),43.14,1617.76,No
Male,0,No,No,62.0,No,No,DSL,No,Yes,Yes,Yes,No,Yes,Two year,No,Mailed check,44.87,3040.66,No
Male,0,Yes,No,57.0,No,No,DSL,Yes,Yes,Yes,No,No,No,One year,No,Bank transfer (automatic),34.86,2257.04,No
Male,1,No,No,55.0,No,No,DSL,Yes,Yes,No,Yes,No,No,One year,Yes,Mailed check,40.49,2364.78,No
Female,1,Yes,No,72.0,No,No,DSL,Yes,Yes,Yes,No,No,Yes,Month-to-month,Yes,Bank transfer (automatic),47.0,4033.03,No
Male,1,No,No,29.0,No,No,DSL,Yes,Yes,No,Yes,No,No,Month-to-month,No,Electronic check,48.45,1690.86,No
Female,0,Yes,Yes,70.0,No,No,DSL,Yes,Yes,No,Yes,No,Yes,Month-to-month,Yes,Bank transfer (automatic),49.21,3623.55,No
Female,0,No,No,44.0,No,No,DSL,Yes,Yes,No,No,No,No,Month-to-month,No,Electronic check,34.96,1851.08,No
Male,0,No,No,10.0,No,No,DSL,No,Yes,Yes,No,Yes,No,Month-to-month,Yes,Electronic check,42.88,351.55,Yes
Female,0,No,No,38.0,No,No,DSL,No,Yes,Yes,Yes,Yes,Yes,One year,Yes,Mailed check,56.67,2591.55,No
Female,1,Yes,Yes,30.0,No,No,DSL,No,Yes,Yes,Yes,No,No,One year,No,Mailed check,43.08,1059.65,No
Male,0,No,No,44.0,No,No,DSL,Yes,Yes,Yes,Yes,Yes,Yes,Month-to-month,Yes,Bank transfer (automatic),60.58,3010.69,No
Male,0,No,No,14.0,No,No,DSL,Yes,Yes,Yes,Yes,Yes,No,Month-to-month,No,Mailed check,51.33,589.2,No
Male,0,Yes,No,38.0,No,No,DSL,No,Yes,Yes,No,No,Yes,Month-to-month,Yes,Bank transfer (automatic),46.68,1548.04,No
Female,0,No,No,49.0,No,No,DSL,No,Yes,Yes,No,No,No,One year,Yes,Electronic check,34.68,2045.03,Yes
Male,0,No,No,56.0,No,No,DSL,No,No,Yes,Yes,Yes,No,Two year,No,Mailed check,49.14,2519.61,No
Male,0,Yes,Yes,72.0,No,No,DSL,Yes,Yes,No,Yes,Yes,No,Month-to-month,Yes,Electronic check,48.91,4052.58,No
Male,0,Yes,Yes,30.0,No,No,DSL,Yes,No,No,Yes,No,No,One year,No,Credit card (automatic),35.91,1036.94,No
Female,0,Yes,No,72.0,No,No,DSL,Yes,Yes,Yes,Yes,No,No,Two year,Yes,Electronic check,51.2,3796.79,No
Male,0,Yes,No,8.0,No,No,DSL,Yes,No,No,No,No,Yes,Month-to-month,Yes,Electronic check,33.38,218.96,Yes
Male,0,No,No,24.0,No,No,DSL,No,Yes,Yes,Yes,Yes,No,One year,Yes,Credit card (automatic),47.12,1352.96,No
Male,0,Yes,Yes,39.0,No,No,DSL,Yes,Yes,Yes,No,Yes,Yes,Two year,No,Mailed check,48.94,2297.1,No
Male,0,Yes,Yes,51.0,No,No,DSL,No,No,No,Yes,Yes,Yes,Two year,No,Electronic check,49.0,2628.59,No
Male,0,No,No,46.0,No,No,DSL,Yes,Yes,No,Yes,Yes,No,One year,Yes,Mailed check,52.06,2631.44,Yes
Female,0,No,Yes,20.0,No,No,DSL,No,Yes,No,Yes,No,No,Month-to-month,Yes,Electronic check,33.02,541.49,No
Female,0,No,No,72.0,No,No,DSL,No,No,Yes,Yes,Yes,Yes,Two year,No,Credit card (automatic),57.17,4778.2,No
Male,0,No,No,34.0,No,No,DSL,Yes,No,Yes,Yes,No,Yes,Two year,No,Mailed check,48.76,1876.08,No
Male,0,No,No,57.0,No,No,DSL,No,Yes,Yes,Yes,No,Yes,One year,No,Bank transfer (automatic),51.02,3065.07,No
Male,1,Yes,Yes,40.0,No,No,DSL,Yes,No,No,No,Yes,Yes,One year,Yes,Mailed check,41.24,1352.62,No
Male,0,Yes,No,26.0,No,No,DSL,No,No,Yes,No,No,Yes,One year,No,Credit card (automatic),41.71,889.28,No
Female,0,No,No,39.0,No,No,DSL,No,No,No,No,No,Yes,Month-to-month,No,Credit card (automatic),39.77,1441.33,Yes
Male,0,Yes,Yes,28.0,No,No,DSL,No,Yes,Yes,Yes,Yes,Yes,One year,Yes,Electronic check,55.52,1796.09,No
Male,0,Yes,No,54.0,No,No,DSL,No,No,Yes,No,Yes,Yes,Two year,Yes,Credit card (automatic),49.78,2602.61,No
Female,0,Yes,Yes,62.0,No,No,DSL,Yes,Yes,Yes,No,Yes,Yes,Two year,Yes,Credit card (automatic),57.84,3586.57,No
Male,0,Yes,Yes,48.0,No,No,DSL,Yes,No,Yes,Yes,Yes,Yes,Two year,No,Bank transfer (automatic),65.69,3439.02,Yes
Male,1,Yes,No,72.0,No,No,DSL,Yes,Yes,Yes,Yes,Yes,Yes,Two year,Yes,Bank transfer (automatic),67.69,4579.58,No
Male,0,No,No,14.0,No,No,DSL,No,Yes,No,No,Yes,No,One year,Yes,Credit card (automatic),42.88,510.68,No
Male,0,Yes,Yes,26.0,No,No,DSL,No,No,No,No,No,No,Month-to-month,No,Mailed check,25.96,553.34,Yes
Male,0,Yes,No,26.0,No,No,DSL,Yes,No,No,Yes,No,No,One year,Yes,Credit card (automatic),39.05,858.11,No
Female,0,No,No,43.0,No,No,DSL,Yes,Yes,Yes,No,Yes,Yes,Two year,Yes,Mailed check,57.68,2033.46,No
Male,0,Yes,Yes,55.0,No,No,DSL,Yes,No,Yes,No,No,No,Month-to-month,No,Credit card (automatic),43.61,2535.14,No
Female,0,No,No,29.0,No,No,DSL,No,Yes,Yes,No,No,Yes,Month-to-month,Yes,Electronic check,48.37,1659.78,No
Male,1,No,Yes,41.0,No,No,DSL,No,Yes,Yes,Yes,Yes,No,Two year,No,Electronic check,63.79,2723.85,No
Male,0,Yes,Yes,71.0,No,No,DSL,No,Yes,Yes,Yes,Yes,Yes,Two year,Yes,Credit card (automatic),62.83,4080.5,No
Male,0,Yes,No,56.0,No,No,DSL,No,Yes,No,No,No,No,One year,No,Bank transfer (automatic),40.04,2652.98,No
Male,0,No,No,49.0,No,No,DSL,Yes,No,Yes,No,No,No,One year,No,Credit card (automatic),42.73,1785.92,No
Female,1,No,No,58.0,No,No,DSL,No,Yes,No,Yes,Yes,No,Month-to-month,Yes,Bank transfer (automatic),45.27,2344.4,No
Female,1,No,No,45.0,No,No,DSL,No,Yes,No,No,Yes,Yes,Month-to-month,Yes,Credit card (automatic),58.77,2587.23,No
Female,0,No,Yes,24.0,No,No,DSL,No,No,No,No,No,No,Month-to-month,Yes,Bank transfer (automatic),36.54,782.62,No
Male,1,Yes,No,29.0,No,No,DSL,Yes,Yes,No,No,No,No,Month-to-month,No,Credit card (automatic),31.43,1096.88,Yes
Male,0,No,No,72.0,No,No,DSL,Yes,No,No,Yes,Yes,Yes,Two year,Yes,Electronic check,51.74,3541.56,No
Female,0,Yes,No,39.0,No,No,DSL,No,Yes,Yes,Yes,Yes,Yes,Month-to-month,Yes,Bank transfer (automatic),53.98,2053.53,No
Male,0,Yes,No,63.0,No,No,DSL,Yes,Yes,No,Yes,Yes,No,One year,Yes,Bank transfer (automatic),50.17,3207.61,No
Male,0,Yes,No,58.0,No,No,DSL,No,No,Yes,No,Yes,Yes,Month-to-month,Yes,Electronic check,51.96,2974.71,No
Female,0,Yes,Yes,66.0,No,No,DSL,Yes,Yes,Yes,Yes,No,No,One year,No,Credit card (automatic),50.63,2783.51,No
Male,0,No,No,39.0,No,No,DSL,Yes,Yes,Yes,Yes,Yes,Yes,Month-to-month,Yes,Bank transfer (automatic),57.97,2267.94,No
Female,0,Yes,No,61.0,No,No,DSL,Yes,Yes,Yes,Yes,No,Yes,Two year,Yes,Bank transfer (automatic),50.86,3577.7,No
Female,0,No,No,10.0,No,No,DSL,Yes,Yes,No,Yes,Yes,No,Month-to-month,Yes,Bank transfer (automatic),44.6,408.71,No
Male,0,No,Yes,6.0,No,No,DSL,No,Yes,No,No,No,No,One year,Yes,Credit card (automatic),32.22,158.49,No
Female,0,Yes,Yes,15.0,No,No,DSL,Yes,No,Yes,Yes,No,No,One year,No,Credit card (automatic),41.99,700.65,No
Female,0,No,No,13.0,No,No,DSL,No,No,No,No,Yes,Yes,Month-to-month,Yes,Credit card (automatic),40.95,436.44,Yes
Female,0,Yes,Yes,55.0,No,No,DSL,Yes,No,Yes,Yes,Yes,No,Two year,No,Bank transfer (automatic),55.43,3271.19,No
Female,0,No,Yes,72.0,No,No,DSL,No,Yes,Yes,Yes,Yes,Yes,One year,No,Mailed check,74.7,4410.06,No
Female,0,No,No,30.0,No,No,DSL,Yes,Yes,Yes,Yes,Yes,No,One year,No,Electronic check,55.32,1867.91,No
Male,0,No,No,14.0,No,No,DSL,No,Yes,Yes,No,No,No,One year,Yes,Mailed check,38.36,541.51,Yes
Female,0,No,Yes,14.0,No,No,DSL,No,No,Yes,No,No,No,Two year,No,Bank transfer (automatic),38.61,650.51,No
Female,0,No,No,72.0,No,No,DSL,Yes,No,Yes,Yes,No,No,Two year,No,Bank transfer (automatic),36.08,3126.79,No
Male,0,Yes,Yes,43.0,No,No,DSL,Yes,Yes,No,Yes,Yes,Yes,One year,No,Credit card (automatic),60.17,2702.46,No
Female,0,Yes,Yes,53.0,No,No,DSL,Yes,Yes,Yes,Yes,No,Yes,One year,No,Bank transfer (automatic),58.71,3371.87,No
Male,0,Yes,Yes,72.0,No,No,DSL,No,Yes,Yes,Yes,Yes,Yes,Two year,No,Bank transfer (automatic),66.73,4482.5,No
Female,0,No,No,60.0,No,No,DSL,Yes,Yes,No,Yes,No,No,Two year,No,Mailed check,34.84,2387.65,No
Male,0,No,No,23.0,No,No,DSL,No,No,No,No,No,No,Month-to-month,Yes,Mailed check,31.34,591.06,Yes
Male,0,No,No,29.0,No,No,DSL,Yes,No,No,No,No,No,Month-to-month,Yes,Bank transfer (automatic),26.19,683.07,No
Female,0,Yes,Yes,43.0,No,No,DSL,Yes,Yes,Yes,No,No,Yes,Two year,Yes,Electronic check,56.02,2133.88,Yes
Male,0,No,No,55.0,No,No,DSL,Yes,No,Yes,No,Yes,Yes,Month-to-month,Yes,Bank transfer (automatic),56.08,3392.9,No
Female,1,Yes,No,40.0,No,No,DSL,Yes,Yes,No,No,Yes,Yes,One year,No,Bank transfer (automatic),43.61,2099.64,No
Female,0,Yes,Yes,55.0,No,No,DSL,Yes,No,Yes,Yes,No,Yes,One year,Yes,Mailed check,44.61,2396.61,No
Male,0,No,No,19.0,No,No,DSL,No,Yes,Yes,No,Yes,Yes,One year,Yes,Credit card (automatic),48.96,1119.55,No
Female,0,No,Yes,3.0,No,No,DSL,Yes,No,No,No,Yes,Yes,Two year,Yes,Bank transfer (automatic),46.11,166.48,Yes
Female,1,Yes,No,72.0,No,No,DSL,Yes,Yes,No,No,Yes,Yes,Two year,Yes,Mailed check,54.38,3590.49,No
Female,1,Yes,No,55.0,No,No,DSL,No,Yes,Yes,No,Yes,Yes,One year,No,Credit card (automatic),56.07,2925.22,No
Female,0,No,No,25.0,No,No,DSL,No,Yes,No,No,No,Yes,Month-to-month,Yes,Bank transfer (automatic),37.21,959.17,No
Male,0,No,No,51.0,No,No,DSL,Yes,Yes,No,No,Yes,Yes,One year,Yes,Credit card (automatic),51.77,2565.28,No
Female,0,No,No,72.0,No,No,DSL,No,Yes,Yes,Yes,Yes,Yes,Two year,Yes,Bank transfer (automatic),69.88,5095.0,No
Female,0,No,No,60.0,No,No,DSL,Yes,No,Yes,Yes,Yes,No,Two year,No,Electronic check,50.63,3061.11,No
Female,0,Yes,Yes,19.0,No,No,DSL,No,No,No,Yes,Yes,No,Two year,No,Credit card (automatic),47.18,1078.76,No
Female,1,Yes,No,72.0,No,No,DSL,Yes,Yes,Yes,Yes,Yes,Yes,Two year,No,Bank transfer (automatic),61.4,4542.73,No
Female,0,No,No,13.0,No,No,DSL,Yes,Yes,No,Yes,No,No,Month-to-month,No,Bank transfer (automatic),33.6,363.16,Yes
Male,0,No,No,28.0,No,No,DSL,No,No,Yes,Yes,No,No,One year,Yes,Electronic check,41.52,1173.8,No
Male,0,No,No,22.0,No,No,DSL,Yes,No,No,Yes,Yes,No,Month-to-month,No,Bank transfer (automatic),37.87,683.11,No
Female,0,Yes,Yes,67.0,No,No,DSL,Yes,No,No,No,Yes,No,Month-to-month,Yes,Electronic check,41.08,3009.84,No
Female,0,Yes,Yes,72.0,No,No,DSL,No,No,Yes,Yes,Yes,Yes,Two year,Yes,Bank transfer (automatic),58.31,4850.73,No
Male,0,No,No,72.0,No,No,DSL,No,No,No,Yes,No,Yes,One year,Yes,Bank transfer (automatic),44.22,3832.06,No
Male,1,Yes,No,72.0,No,No,DSL,No,Yes,Yes,No,Yes,Yes,Two year,Yes,Credit card (automatic),59.08,4505.48,No
Male,0,Yes,Yes,61.0,No,No,DSL,Yes,Yes,No,Yes,No,No,Two year,Yes,Bank transfer (automatic),33.62,2468.03,No
Female,0,No,Yes,56.0,No,No,DSL,Yes,No,No,Yes,Yes,No,One year,Yes,Bank transfer (automatic),48.72,2912.62,No
Male,0,No,No,26.0,No,No,DSL,Yes,No,Yes,Yes,Yes,Yes,Two year,No,Credit card (automatic),56.69,1774.06,No
Female,0,No,No,35.0,No,No,DSL,Yes,Yes,No,No,No,No,Month-to-month,Yes,Bank transfer (automatic),31.22,896.01,No
Female,1,Yes,Yes,72.0,No,No,DSL,No,No,Yes,Yes,Yes,Yes,Two year,No,Bank transfer (automatic),45.34,3599.7,No
Female,0,Yes,Yes,70.0,No,No,DSL,Yes,No,No,Yes,Yes,Yes,Month-to-month,Yes,Credit card (automatic),45.21,3472.74,No
Male,1,No,No,62.0,No,No,DSL,Yes,No,Yes,Yes,Yes,No,One year,No,Mailed check,52.62,3030.17,No
Female,0,Yes,No,23.0,No,No,DSL,No,No,No,No,No,No,Month-to-month,Yes,Credit card (automatic),22.81,430.23,Yes
Female,0,Yes,No,72.0,No,No,DSL,No,Yes,Yes,Yes,Yes,Yes,Two year,Yes,Credit card (automatic),75.96,5316.79,No
Male,1,No,No,21.0,No,No,DSL,Yes,Yes,No,Yes,No,No,One year,Yes,Credit card (automatic),36.68,725.43,No
Male,0,No,No,31.0,No,No,DSL,Yes,No,No,No,No,Yes,One year,Yes,Electronic check,32.49,902.83,No
Female,0,No,No,0.0,No,No,DSL,Yes,No,Yes,Yes,No,No,Month-to-month,No,Mailed check,42.8,0.0,No
Female,0,No,No,27.0,No,No,DSL,No,No,No,No,No,Yes,Month-to-month,Yes,Electronic check,32.07,710.01,No
Female,0,Yes,No,15.0,No,No,DSL,No,No,No,No,No,No,Month-to-month,No,Credit card (automatic),23.12,284.33,No
Female,0,Yes,Yes,54.0,No,No,DSL,Yes,Yes,Yes,No,No,No,Two year,No,Electronic check,47.21,2090.28,No
Female,1,No,No,45.0,No,No,DSL,Yes,No,Yes,No,Yes,Yes,Two year,Yes,Mailed check,54.77,2433.52,No
Male,1,No,No,62.0,No,No,DSL,No,Yes,No,No,No,No,Two year,No,Bank transfer (automatic),25.65,1913.67,No
Female,0,No,No,52.0,No,No,DSL,No,Yes,Yes,No,Yes,Yes,One year,Yes,Mailed check,55.18,3210.31,Yes
Male,0,No,Yes,52.0,No,No,DSL,Yes,Yes,Yes,Yes,Yes,Yes,One year,Yes,Electronic check,68.71,3198.84,No
Female,0,No,No,43.0,No,No,DSL,Yes,No,Yes,Yes,No,No,One year,No,Mailed check,40.72,1692.64,No
Female,0,Yes,No,72.0,No,No,DSL,Yes,Yes,No,Yes,Yes,Yes,Two year,No,Bank transfer (automatic),55.55,4402.09,No
Male,0,No,Yes,38.0,No,No,DSL,No,Yes,No,No,Yes,No,One year,Yes,Electronic check,54.55,2424.02,No
Female,0,No,No,23.0,No,No,DSL,No,Yes,No,Yes,Yes,No,One year,Yes,Credit card (automatic),46.21,1279.23,Yes
Female,0,Yes,No,22.0,No,No,DSL,Yes,Yes,No,Yes,Yes,Yes,One year,No,Bank transfer (automatic),47.62,1260.97,No
Female,0,No,No,26.0,No,No,DSL,No,No,Yes,Yes,No,Yes,One year,No,Credit card (automatic),40.82,1277.33,No
Male,1,No,No,32.0,No,No,DSL,No,Yes,Yes,Yes,No,No,Month-to-month,No,Bank transfer (automatic),37.65,1449.89,No
Male,0,Yes,No,60.0,No,No,DSL,Yes,No,No,No,Yes,Yes,Two year,No,Credit card (automatic),46.85,2968.08,No
Female,0,Yes,No,39.0,No,No,DSL,Yes,Yes,No,Yes,No,No,One year,No,Mailed check,28.8,959.63,No
Female,0,Yes,Yes,43.0,No,No,DSL,Yes,No,No,No,Yes,Yes,Month-to-month,Yes,Bank transfer (automatic),48.2,2217.37,No
Male,0,No,No,70.0,No,No,DSL,No,No,Yes,No,Yes,Yes,Two year,Yes,Electronic check,63.34,4206.21,No
Male,0,Yes,No,23.0,No,No,DSL,No,No,Yes,No,Yes,Yes,One year,Yes,Credit card (automatic),41.54,1149.88,No
Male,0,Yes,No,68.0,No,No,DSL,Yes,No,Yes,Yes,Yes,No,Two year,No,Bank transfer (automatic),44.31,3625.92,No
Female,0,No,No,20.0,No,No,DSL,No,No,No,No,No,No,One year,No,Mailed check,18.51,303.49,No
Female,0,Yes,Yes,49.0,No,No,DSL,Yes,No,No,Yes,No,No,One year,No,Bank transfer (automatic),32.34,1723.65,No
Male,0,Yes,Yes,42.0,No,No,DSL,Yes,No,Yes,Yes,Yes,No,Month-to-month,Yes,Bank transfer (automatic),57.05,2520.39,No
Female,0,No,No,28.0,No,No,DSL,No,Yes,No,No,No,Yes,Month-to-month,Yes,Credit card (automatic),42.19,1421.87,No
Male,0,Yes,No,63.0,No,No,DSL,No,No,Yes,No,Yes,Yes,One year,No,Credit card (automatic),45.3,2773.78,No
Male,0,No,No,2.0,No,No,DSL,Yes,No,No,No,Yes,No,One year,Yes,Credit card (automatic),43.34,71.08,No
Female,0,No,No,9.0,No,No,DSL,No,Yes,No,No,Yes,Yes,Month-to-month,Yes,Credit card (automatic),46.78,506.74,No
Female,0,Yes,Yes,40.0,No,No,DSL,Yes,No,Yes,Yes,No,Yes,Month-to-month,No,Bank transfer (automatic),43.15,2077.49,No
Female,0,Yes,Yes,35.0,No,No,DSL,No,Yes,Yes,Yes,Yes,No,Two year,No,Credit card (automatic),51.01,1732.88,No
Female,0,No,No,17.0,Yes,Yes,No,No,No,No,No,No,No,Two year,No,Credit card (automatic),24.58,502.82,No
Male,0,Yes,No,72.0,Yes,Yes,No,No,No,No,No,No,No,Two year,No,Credit card (automatic),25.39,1932.76,No
Male,0,No,No,39.0,Yes,No,No,No,No,No,No,No,No,Two year,Yes,Electronic check,21.37,921.86,No
Female,0,Yes,No,58.0,Yes,Yes,No,No,No,No,No,No,No,Two year,Yes,Mailed check,23.78,1412.94,No
Female,0,Yes,Yes,72.0,Yes,No,No,No,No,No,No,No,No,Two year,Yes,Mailed check,19.33,1675.13,No
Male,0,No,No,72.0,Yes,No,No,No,No,No,No,No,No,Two year,No,Mailed check,22.66,1699.63,No
Male,0,No,Yes,2.0,Yes,Yes,No,No,No,No,No,No,No,One year,Yes,Mailed check,23.37,56.24,No
Female,0,No,Yes,29.0,Yes,No,No,No,No,No,No,No,No,One year,No,Bank transfer (automatic),22.04,654.95,No
Male,0,No,No,-0.0,Yes,No,No,No,No,No,No,No,No,One year,No,Mailed check,18.25,0.0,No
Male,0,No,No,72.0,Yes,No,No,No,No,No,No,No,No,Two year,No,Mailed check,18.28,1583.75,No
Female,0,No,No,56.0,Yes,No,No,No,No,No,No,No,No,Two year,Yes,Credit card (automatic),18.25,1089.56,No
Male,1,Yes,No,64.0,Yes,Yes,No,No,No,No,No,No,No,Two year,No,Credit card (automatic),25.55,1481.96,No
Female,0,Yes,Yes,24.0,Yes,No,No,No,No,No,No,No,No,Two year,No,Mailed check,18.25,379.58,No
Male,0,Yes,No,62.0,Yes,No,No,No,No,No,No,No,No,Two year,No,Credit card (automatic),21.92,1185.03,No
Female,0,No,No,72.0,Yes,Yes,No,No,No,No,No,No,No,Two year,No,Credit card (automatic),23.78,1847.86,No
Female,0,No,No,17.0,Yes,No,No,No,No,No,No,No,No,One year,Yes,Mailed check,23.1,417.84,No
Female,0,No,Yes,39.0,Yes,No,No,No,No,No,No,No,No,Two year,No,Credit card (automatic),20.74,973.3,No
Male,0,Yes,Yes,71.0,Yes,Yes,No,No,No,No,No,No,No,Two year,No,Mailed check,23.43,1507.85,No
Female,0,Yes,No,42.0,Yes,Yes,No,No,No,No,No,No,No,One year,Yes,Credit card (automatic),25.65,1031.06,No
Male,0,Yes,No,55.0,Yes,No,No,No,No,No,No,No,No,Two year,No,Credit card (automatic),20.96,1152.93,No
Female,0,No,No,25.0,Yes,No,No,No,No,No,No,No,No,One year,Yes,Credit card (automatic),18.25,374.09,No
Male,0,Yes,No,56.0,Yes,No,No,No,No,No,No,No,No,Two year,Yes,Credit card (automatic),20.77,1316.57,No
Male,0,Yes,No,53.0,Yes,Yes,No,No,No,No,No,No,No,Two year,Yes,Bank transfer (automatic),25.83,1273.98,No
Male,0,Yes,No,38.0,Yes,Yes,No,No,No,No,No,No,No,Two year,No,Credit card (automatic),25.35,855.81,No
Female,0,No,Yes,55.0,Yes,No,No,No,No,No,No,No,No,One year,Yes,Bank transfer (automatic),22.68,1185.22,No
Female,0,Yes,No,46.0,Yes,Yes,No,No,No,No,No,No,No,Two year,Yes,Mailed check,25.66,1240.68,No
Male,0,No,No,51.0,Yes,Yes,No,No,No,No,No,No,No,Two year,Yes,Credit card (automatic),22.67,1293.48,No
Female,0,Yes,No,72.0,Yes,Yes,No,No,No,No,No,No,No,Two year,No,Credit card (automatic),24.4,1908.9,No
Male,0,No,No,61.0,Yes,Yes,No,No,No,No,No,No,No,Two year,Yes,Credit card (automatic),22.41,1297.59,No
Male,0,Yes,No,20.0,Yes,Yes,No,No,No,No,No,No,No,Two year,No,Credit card (automatic),25.38,610.87,No
Male,0,Yes,No,20.0,Yes,No,No,No,No,No,No,No,No,One year,No,Credit card (automatic),22.96,376.55,No
Male,0,Yes,No,0.0,Yes,No,No,No,No,No,No,No,No,One year,Yes,Mailed check,20.57,0.0,No
Female,0,Yes,No,11.0,Yes,No,No,No,No,No,No,No,No,Two year,No,Mailed check,18.25,164.6,No
Female,0,No,Yes,18.0,Yes,Yes,No,No,No,No,No,No,No,Two year,No,Credit card (automatic),23.5,428.46,No
Female,0,No,No,9.0,Yes,No,No,No,No,No,No,No,No,One year,No,Mailed check,18.25,134.67,No
Female,0,Yes,Yes,2.0,Yes,No,No,No,No,No,No,No,No,One year,No,Credit card (automatic),18.25,29.93,No
Male,0,Yes,No,72.0,Yes,Yes,No,No,No,No,No,No,No,Two year,No,Credit card (automatic),25.43,1805.06,No
Female,0,No,No,24.0,Yes,Yes,No,No,No,No,No,No,No,One year,No,Bank transfer (automatic),25.23,728.72,No
Male,0,No,Yes,32.0,Yes,No,No,No,No,No,No,No,No,Two year,No,Mailed check,19.85,667.78,No
Male,0,No,Yes,60.0,Yes,No,No,No,No,No,No,No,No,Two year,No,Bank transfer (automatic),21.21,1436.23,No
Female,0,No,No,24.0,Yes,No,No,No,No,No,No,No,No,Two year,No,Credit card (automatic),20.22,416.65,No
Male,0,No,No,23.0,Yes,No,No,No,No,No,No,No,No,One year,No,Mailed check,21.65,408.29,No
Male,0,No,Yes,46.0,Yes,No,No,No,No,No,No,No,No,Two year,Yes,Bank transfer (automatic),21.49,1029.18,No
Male,0,No,No,47.0,Yes,No,No,No,No,No,No,No,No,One year,No,Credit card (automatic),22.17,895.2,No
Male,0,No,No,72.0,Yes,No,No,No,No,No,No,No,No,Two year,Yes,Bank transfer (automatic),19.33,1675.18,No
Male,0,No,No,59.0,Yes,Yes,No,No,No,No,No,No,No,One year,No,Bank transfer (automatic),23.2,1401.25,No
Male,0,Yes,No,55.0,Yes,Yes,No,No,No,No,No,No,No,One year,Yes,Mailed check,26.76,1632.14,No
Female,0,Yes,No,37.0,Yes,No,No,No,No,No,No,No,No,Two year,No,Credit card (automatic),19.91,726.46,No
Male,0,No,No,56.0,Yes,No,No,No,No,No,No,No,No,One year,No,Bank transfer (automatic),22.24,1102.38,No
Female,0,No,No,43.0,Yes,Yes,No,No,No,No,No,No,No,One year,No,Credit card (automatic),24.8,1179.6,No
Female,0,Yes,No,25.0,Yes,No,No,No,No,No,No,No,No,One year,Yes,Bank transfer (automatic),20.51,546.45,No
Female,0,Yes,Yes,8.0,Yes,No,No,No,No,No,No,No,No,One year,Yes,Credit card (automatic),18.25,119.71,No
Male,0,No,No,31.0,Yes,No,No,No,No,No,No,No,No,One year,No,Credit card (automatic),21.38,797.66,No
Male,0,No,Yes,29.0,Yes,No,No,No,No,No,No,No,No,Two year,No,Credit card (automatic),20.69,575.27,No
Male,0,Yes,Yes,46.0,Yes,Yes,No,No,No,No,No,No,No,Two year,No,Credit card (automatic),22.93,1035.04,No
Male,0,No,No,20.0,Yes,No,No,No,No,No,No,No,No,Two year,No,Mailed check,18.25,299.27,No
Female,0,No,Yes,18.0,Yes,No,No,No,No,No,No,No,No,Two year,No,Mailed check,20.37,300.63,No
Female,0,Yes,No,72.0,Yes,Yes,No,No,No,No,No,No,No,Two year,No,Bank transfer (automatic),23.13,1647.1,No
Female,0,No,No,69.0,Yes,No,No,No,No,No,No,No,No,Two year,Yes,Bank transfer (automatic),18.25,1244.21,No
Female,0,No,Yes,21.0,Yes,No,No,No,No,No,No,No,No,Two year,No,Credit card (automatic),21.51,394.17,No
Male,0,No,No,15.0,Yes,No,No,No,No,No,No,No,No,One year,Yes,Mailed check,22.28,356.69,No
Male,0,No,No,27.0,Yes,Yes,No,No,No,No,No,No,No,One year,No,Bank transfer (automatic),23.81,773.77,No
Male,0,No,No,45.0,Yes,No,No,No,No,No,No,No,No,Two year,No,Mailed check,18.43,752.59,No
Male,0,No,Yes,26.0,Yes,No,No,No,No,No,No,No,No,One year,No,Credit card (automatic),18.92,403.4,No
Female,0,No,No,38.0,Yes,No,No,No,No,No,No,No,No,One year,No,Mailed check,20.06,693.72,No
Male,0,No,No,36.0,Yes,No,No,No,No,No,No,No,No,One year,No,Credit card (automatic),18.93,779.15,No
Female,0,Yes,No,72.0,Yes,Yes,No,No,No,No,No,No,No,Two year,Yes,Bank transfer (automatic),28.27,1750.85,No
Male,0,Yes,Yes,8.0,Yes,No,No,No,No,No,No,No,No,One year,No,Mailed check,18.25,119.71,No
Female,0,Yes,No,49.0,Yes,Yes,No,No,No,No,No,No,No,One year,No,Mailed check,24.4,1181.67,No
Male,0,Yes,Yes,72.0,Yes,No,No,No,No,No,No,No,No,Two year,No,Mailed check,20.36,1764.54,No
Female,0,Yes,No,28.0,Yes,No,No,No,No,No,No,No,No,One year,No,Bank transfer (automatic),22.47,652.08,No
Female,0,No,Yes,72.0,Yes,Yes,No,No,No,No,No,No,No,Two year,No,Mailed check,22.3,1932.14,No
Female,0,Yes,No,60.0,Yes,No,No,No,No,No,No,No,No,Two year,No,Credit card (automatic),20.66,1430.18,No
Male,0,No,No,57.0,Yes,No,No,No,No,No,No,No,No,Two year,No,Mailed check,20.39,1275.93,No
Male,0,Yes,No,37.0,Yes,No,No,No,No,No,No,No,No,One year,Yes,Bank transfer (automatic),20.46,837.35,No
Female,0,No,Yes,63.0,Yes,No,No,No,No,No,No,No,No,Two year,No,Credit card (automatic),20.07,1403.53,No
Male,0,Yes,Yes,12.0,Yes,No,No,No,No,No,No,No,No,Two year,Yes,Bank transfer (automatic),19.83,286.33,No
Female,0,Yes,No,53.0,Yes,No,No,No,No,No,No,No,No,One year,No,Electronic check,22.43,1350.11,No
Female,0,No,No,25.0,Yes,No,No,No,No,No,No,No,No,One year,No,Mailed check,19.53,528.04,No
Female,0,Yes,Yes,43.0,Yes,Yes,No,No,No,No,No,No,No,One year,No,Credit card (automatic),22.07,1120.01,No
Male,0,No,No,16.0,Yes,No,No,No,No,No,No,No,No,One year,No,Mailed check,20.42,391.98,No
Female,0,No,No,22.0,Yes,No,No,No,No,No,No,No,No,One year,No,Mailed check,18.25,358.8,No
Female,0,No,No,39.0,Yes,Yes,No,No,No,No,No,No,No,Two year,No,Mailed check,23.25,1091.3,No
Male,0,No,No,57.0,Yes,No,No,No,No,No,No,No,No,One year,No,Mailed check,20.84,1316.32,No
Male,0,Yes,No,35.0,Yes,No,No,No,No,No,No,No,No,Two year,No,Credit card (automatic),19.51,821.83,No
Male,0,Yes,No,45.0,Yes,Yes,No,No,No,No,No,No,No,Two year,No,Credit card (automatic),23.06,1211.57,No
Female,0,No,Yes,34.0,Yes,No,No,No,No,No,No,No,No,Two year,Yes,Credit card (automatic),21.76,890.6,No
Male,0,Yes,No,46.0,Yes,No,No,No,No,No,No,No,No,Two year,Yes,Bank transfer (automatic),18.25,900.61,No
Male,0,No,No,40.0,Yes,No,No,No,No,No,No,No,No,Two year,Yes,Credit card (automatic),20.93,807.52,No
Male,0,No,No,42.0,Yes,No,No,No,No,No,No,No,No,Two year,Yes,Credit card (automatic),19.22,708.29,No
Male,0,No,No,39.0,Yes,No,No,No,No,No,No,No,No,One year,Yes,Mailed check,22.63,826.06,No
Female,0,No,No,30.0,Yes,No,No,No,No,No,No,No,No,Two year,No,Mailed check,18.25,545.0,No
Female,0,No,No,67.0,Yes,No,No,No,No,No,No,No,No,One year,No,Bank transfer (automatic),18.25,1265.94,No
Female,0,Yes,No,72.0,Yes,No,No,No,No,No,No,No,No,Two year,Yes,Bank transfer (automatic),22.11,1695.05,No
Female,0,Yes,Yes,57.0,Yes,Yes,No,No,No,No,No,No,No,Two year,Yes,Credit card (automatic),23.48,1337.92,No
Male,0,Yes,Yes,64.0,Yes,No,No,No,No,No,No,No,No,Two year,No,Credit card (automatic),18.25,1040.93,No
Female,0,No,Yes,0.0,Yes,No,No,No,No,No,No,No,No,One year,No,Mailed check,19.31,0.0,No
Female,0,No,No,48.0,Yes,No,No,No,No,No,No,No,No,Two year,No,Mailed check,21.63,1079.22,No
Male,0,Yes,No,44.0,Yes,No,No,No,No,No,No,No,No,Two year,Yes,Mailed check,18.37,742.04,No
Female,0,Yes,No,68.0,Yes,Yes,No,No,No,No,No,No,No,Two year,No,Credit card (automatic),22.95,1603.62,No
Male,0,Yes,Yes,47.0,Yes,No,No,No,No,No,No,No,No,Two year,No,Mailed check,20.75,942.41,No
Male,0,No,No,25.0,Yes,No,No,No,No,No,No,No,No,One year,No,Mailed check,18.25,380.13,No
Female,0,Yes,Yes,54.0,Yes,No,No,No,No,No,No,No,No,Two year,Yes,Credit card (automatic),22.09,1169.9,No
Female,0,No,No,63.0,Yes,Yes,No,No,No,No,No,No,No,Two year,Yes,Credit card (automatic),22.73,1498.09,No
Female,0,Yes,No,12.0,Yes,Yes,No,No,No,No,No,No,No,One year,No,Bank transfer (automatic),24.76,312.99,No
Female,0,No,No,72.0,Yes,No,No,No,No,No,No,No,No,Two year,No,Credit card (automatic),20.7,1487.2,No
Female,0,Yes,No,50.0,Yes,Yes,No,No,No,No,No,No,No,One year,No,Credit card (automatic),23.33,1403.93,No
Female,0,No,No,48.0,Yes,Yes,No,No,No,No,No,No,No,One year,No,Bank transfer (automatic),24.16,1168.32,No
Female,0,No,Yes,0.0,Yes,No,No,No,No,No,No,No,No,One year,No,Mailed check,20.83,0.0,No
Male,0,No,No,35.0,Yes,No,No,No,No,No,No,No,No,Two year,No,Bank transfer (automatic),19.86,660.94,No
Female,0,No,No,4.0,Yes,No,No,No,No,No,No,No,No,Two year,No,Credit card (automatic),20.62,87.22,No
Female,0,No,Yes,41.0,Yes,No,No,No,No,No,No,No,No,Two year,No,Credit card (automatic),20.58,691.88,No
Female,0,No,No,24.0,Yes,No,No,No,No,No,No,No,No,One year,Yes,Bank transfer (automatic),19.66,386.85,No
Female,0,No,Yes,7.0,Yes,Yes,No,No,No,No,No,No,No,One year,No,Credit card (automatic),25.62,215.85,No
Male,0,No,Yes,17.0,Yes,Yes,No,No,No,No,No,No,No,One year,Yes,Mailed check,22.8,317.85,No
Male,0,No,No,5.0,Yes,No,No,No,No,No,No,No,No,One year,No,Mailed check,19.96,120.13,No
Male,0,No,No,54.0,Yes,Yes,No,No,No,No,No,No,No,Two year,No,Bank transfer (automatic),26.45,1509.53,No
Male,0,No,Yes,39.0,Yes,No,No,No,No,No,No,No,No,One year,No,Mailed check,21.15,802.96,No
Female,0,Yes,No,47.0,Yes,No,No,No,No,No,No,No,No,One year,Yes,Credit card (automatic),22.19,1013.99,No
Female,0,Yes,No,72.0,Yes,No,No,No,No,No,No,No,No,Two year,No,Bank transfer (automatic),20.81,1789.22,No
Female,0,No,No,43.0,Yes,Yes,No,No,No,No,No,No,No,One year,Yes,Credit card (automatic),23.21,1096.36,No
Male,0,Yes,No,65.0,Yes,Yes,No,No,No,No,No,No,No,One year,Yes,Bank transfer (automatic),22.34,1384.52,No
Female,0,Yes,Yes,38.0,Yes,No,No,No,No,No,No,No,No,One year,Yes,Credit card (automatic),21.04,655.39,No
Male,0,Yes,No,31.0,Yes,No,No,No,No,No,No,No,No,Two year,Yes,Credit card (automatic),19.87,713.85,No
Female,0,No,Yes,34.0,Yes,No,No,No,No,No,No,No,No,One year,Yes,Credit card (automatic),22.27,911.42,No
Male,0,No,No,0.0,Yes,No,No,No,No,No,No,No,No,One year,No,Mailed check,18.25,0.0,No
Male,0,No,No,22.0,Yes,No,No,No,No,No,No,No,No,One year,Yes,Bank transfer (automatic),21.59,389.49,No
Female,0,No,No,0.0,Yes,No,No,No,No,No,No,No,No,One year,No,Mailed check,18.25,0.0,No
Male,0,No,No,17.0,Yes,No,No,No,No,No,No,No,No,One year,Yes,Mailed check,21.99,436.6,No
Male,1,Yes,No,31.0,Yes,Yes,No,No,No,No,No,No,No,One year,No,Credit card (automatic),23.71,884.46,No
Female,0,No,No,39.0,Yes,No,No,No,No,No,No,No,No,Two year,Yes,Credit card (automatic),18.25,689.0,No
Male,0,No,No,48.0,Yes,No,No,No,No,No,No,No,No,One year,No,Mailed check,20.36,902.59,No
Female,0,No,No,72.0,Yes,No,No,No,No,No,No,No,No,Two year,Yes,Bank transfer (automatic),21.91,1886.03,No
Male,0,No,No,36.0,Yes,No,No,No,No,No,No,No,No,Two year,No,Mailed check,19.15,741.26,No
Female,0,Yes,Yes,23.0,Yes,No,No,No,No,No,No,No,No,Two year,Yes,Credit card (automatic),21.84,500.86,No
Female,0,No,Yes,64.0,Yes,No,No,No,No,No,No,No,No,Two year,Yes,Credit card (automatic),18.25,1287.13,No
Male,0,No,No,47.0,Yes,No,No,No,No,No,No,No,No,One year,No,Credit card (automatic),21.78,1087.29,No
Female,0,Yes,No,50.0,Yes,Yes,No,No,No,No,No,No,No,Two year,Yes,Bank transfer (automatic),22.32,1086.67,No
Male,0,Yes,No,35.0,Yes,No,No,No,No,No,No,No,No,Two year,Yes,Mailed check,21.98,781.84,No
Female,0,Yes,No,68.0,Yes,Yes,No,No,No,No,No,No,No,Two year,No,Bank transfer (automatic),23.75,1810.33,No
Male,0,Yes,No,72.0,Yes,No,No,No,No,No,No,No,No,Two year,Yes,Bank transfer (automatic),20.69,1606.88,No
Female,0,No,Yes,29.0,Yes,Yes,No,No,No,No,No,No,No,Two year,No,Credit card (automatic),24.14,842.53,No
Female,0,No,No,55.0,Yes,No,No,No,No,No,No,No,No,One year,Yes,Credit card (automatic),22.4,1250.12,No
Female,0,Yes,Yes,64.0,Yes,No,No,No,No,No,No,No,No,One year,Yes,Bank transfer (automatic),20.25,1232.47,No
Female,0,Yes,No,72.0,Yes,No,No,No,No,No,No,No,No,Two year,No,Credit card (automatic),18.25,1521.31,No
Female,0,Yes,No,40.0,Yes,No,No,No,No,No,No,No,No,One year,No,Mailed check,20.38,744.88,No
Female,0,No,Yes,21.0,Yes,No,No,No,No,No,No,No,No,Two year,Yes,Credit card (automatic),19.99,478.76,No
Female,0,Yes,No,22.0,Yes,No,No,No,No,No,No,No,No,One year,Yes,Bank transfer (automatic),20.6,423.97,No
Male,0,Yes,Yes,29.0,Yes,No,No,No,No,No,No,No,No,One year,Yes,Bank transfer (automatic),20.52,487.82,No
Male,0,Yes,No,64.0,Yes,No,No,No,No,No,No,No,No,Two year,No,Mailed check,18.98,1395.81,No
Female,0,No,No,32.0,Yes,No,No,No,No,No,No,No,No,Two year,No,Mailed check,24.05,674.73,No
Female,0,No,No,37.0,Yes,Yes,No,No,No,No,No,No,No,Two year,Yes,Credit card (automatic),22.92,874.78,No
Male,0,No,No,4.0,Yes,No,No,No,No,No,No,No,No,One year,No,Mailed check,22.29,107.33,No
Female,0,Yes,Yes,53.0,Yes,No,No,No,No,No,No,No,No,Two year,Yes,Credit card (automatic),18.25,1123.26,No
Female,0,Yes,No,61.0,Yes,No,No,No,No,No,No,No,No,Two year,No,Credit card (automatic),21.41,1278.7,No
Female,0,No,Yes,9.0,Yes,No,No,No,No,No,No,No,No,Two year,No,Credit card (automatic),19.73,145.6,No
Female,0,No,No,41.0,Yes,No,No,No,No,No,No,No,No,One year,No,Mailed check,18.36,625.75,No
Female,0,Yes,No,72.0,Yes,Yes,No,No,No,No,No,No,No,Two year,No,Bank transfer (automatic),27.35,1854.03,No
Male,0,No,No,37.0,Yes,No,No,No,No,No,No,No,No,Two year,No,Bank transfer (automatic),23.35,835.38,No
Male,0,Yes,Yes,51.0,Yes,No,No,No,No,No,No,No,No,One year,No,Bank transfer (automatic),19.64,940.26,No
Male,0,Yes,No,36.0,Yes,Yes,No,No,No,No,No,No,No,One year,No,Mailed check,26.39,1057.17,No
Male,0,No,No,39.0,Yes,No,No,No,No,No,No,No,No,One year,No,Mailed check,19.73,724.59,No
Female,0,No,No,52.0,Yes,No,No,No,No,No,No,No,No,Two year,No,Mailed check,20.58,1135.48,No
Male,0,Yes,Yes,47.0,Yes,Yes,No,No,No,No,No,No,No,Two year,No,Bank transfer (automatic),23.19,1142.34,No
Female,0,Yes,No,61.0,Yes,No,No,No,No,No,No,No,No,Two year,No,Mailed check,21.74,1495.42,No
Female,0,Yes,No,36.0,Yes,No,No,No,No,No,No,No,No,One year,Yes,Credit card (automatic),22.8,719.57,No
Female,0,Yes,No,71.0,Yes,No,No,No,No,No,No,No,No,Two year,No,Credit card (automatic),22.17,1616.32,No
Male,0,Yes,No,66.0,Yes,Yes,No,No,No,No,No,No,No,Two year,No,Electronic check,22.99,1392.23,No
Male,0,No,No,51.0,Yes,No,No,No,No,No,No,No,No,One year,No,Bank transfer (automatic),20.4,1085.12,No
Male,0,No,No,28.0,Yes,No,No,No,No,No,No,No,No,Two year,Yes,Bank transfer (automatic),21.95,618.79,No
Male,0,Yes,No,47.0,Yes,No,No,No,No,No,No,No,No,Two year,No,Bank transfer (automatic),22.34,994.46,No
Male,0,Yes,Yes,52.0,Yes,No,No,No,No,No,No,No,No,Two year,Yes,Credit card (automatic),21.39,961.53,No
Male,0,No,No,42.0,Yes,Yes,No,No,No,No,No,No,No,One year,No,Mailed check,23.09,973.4,No
Female,0,No,No,12.0,Yes,No,No,No,No,No,No,No,No,Two year,No,Credit card (automatic),19.91,287.54,No
Male,0,Yes,No,57.0,Yes,Yes,No,No,No,No,No,No,No,Two year,No,Mailed check,22.45,1160.36,No
Female,0,No,No,0.0,Yes,No,No,No,No,No,No,No,No,One year,No,Mailed check,19.3,0.0,No
Female,0,No,No,38.0,Yes,No,No,No,No,No,No,No,No,One year,Yes,Mailed check,18.81,853.75,No
Male,0,No,No,68.0,Yes,Yes,No,No,No,No,No,No,No,One year,No,Mailed check,24.09,1623.99,No
Male,0,No,No,15.0,Yes,No,No,No,No,No,No,No,No,One year,No,Bank transfer (automatic),18.25,224.45,No
Female,0,No,No,42.0,Yes,No,No,No,No,No,No,No,No,One year,No,Mailed check,19.52,745.89,No
Female,0,No,No,31.0,Yes,Yes,No,No,No,No,No,No,No,One year,No,Mailed check,26.24,667.0,No
Female,0,Yes,Yes,49.0,Yes,No,No,No,No,No,No,No,No,Two year,No,Mailed check,20.96,966.58,No
Female,0,Yes,Yes,56.0,Yes,Yes,No,No,No,No,No,No,No,One year,No,Credit card (automatic),22.07,1328.11,No
Female,0,No,No,29.0,Yes,No,No,No,No,No,No,No,No,One year,Yes,Mailed check,22.16,625.48,No
Female,0,No,No,21.0,Yes,No,No,No,No,No,No,No,No,One year,No,Bank transfer (automatic),18.25,461.25,No
Male,0,Yes,Yes,62.0,Yes,Yes,No,No,No,No,No,No,No,Two year,Yes,Mailed check,26.99,1708.65,No
Female,0,Yes,No,64.0,Yes,Yes,No,No,No,No,No,No,No,One year,No,Credit card (automatic),23.5,1445.6,No
Male,0,No,Yes,66.0,Yes,No,No,No,No,No,No,No,No,Two year,Yes,Mailed check,22.63,1551.32,No
Female,0,No,Yes,63.0,Yes,Yes,No,No,No,No,No,No,No,Two year,Yes,Mailed check,24.53,1565.32,No
Female,0,Yes,No,36.0,Yes,Yes,No,No,No,No,No,No,No,Two year,No,Mailed check,24.7,1016.43,No
Female,0,No,No,44.0,Yes,No,No,No,No,No,No,No,No,Two year,No,Mailed check,22.07,911.25,No
Male,0,No,Yes,29.0,Yes,Yes,No,No,No,No,No,No,No,One year,No,Bank transfer (automatic),21.56,512.72,No
Male,0,No,No,66.0,Yes,No,No,No,No,No,No,No,No,Two year,No,Credit card (automatic),19.19,1303.33,No
Female,0,No,No,22.0,Yes,Yes,No,No,No,No,No,No,No,Two year,No,Mailed check,23.41,619.82,No
Male,0,No,No,36.0,Yes,Yes,No,No,No,No,No,No,No,Two year,No,Bank transfer (automatic),25.01,1083.67,No
Female,0,No,No,19.0,Yes,No,No,No,No,No,No,No,No,Two year,No,Mailed check,20.87,477.23,No
Female,0,No,No,72.0,Yes,Yes,No,No,No,No,No,No,No,Two year,Yes,Bank transfer (automatic),22.39,1940.49,No
Female,0,No,No,0.0,Yes,No,No,No,No,No,No,No,No,One year,No,Mailed check,18.93,0.0,No
Male,0,Yes,No,54.0,Yes,Yes,No,No,No,No,No,No,No,Two year,No,Bank transfer (automatic),23.63,1315.01,No
Female,0,Yes,No,45.0,Yes,No,No,No,No,No,No,No,No,Two year,Yes,Mailed check,21.71,918.78,No
Male,0,Yes,Yes,25.0,Yes,Yes,No,No,No,No,No,No,No,One year,No,Credit card (automatic),20.7,622.94,No
Male,0,Yes,Yes,72.0,Yes,No,No,No,No,No,No,No,No,Two year,No,Mailed check,19.45,1557.49,No
Female,0,Yes,Yes,25.0,Yes,No,No,No,No,No,No,No,No,One year,No,Credit card (automatic),19.68,403.33,No
Male,0,No,No,49.0,Yes,No,No,No,No,No,No,No,No,Two year,Yes,Bank transfer (automatic),18.25,866.77,No
Female,0,No,Yes,27.0,Yes,No,No,No,No,No,No,No,No,Two year,No,Mailed check,18.32,408.97,No
Male,0,Yes,No,72.0,Yes,Yes,No,No,No,No,No,No,No,Two year,No,Credit card (automatic),24.4,1841.14,No
Male,0,No,No,44.0,Yes,No,No,No,No,No,No,No,No,Two year,Yes,Mailed check,19.85,925.47,No
Male,0,No,No,29.0,Yes,No,No,No,No,No,No,No,No,Two year,No,Mailed check,19.95,615.12,No
Female,0,No,No,10.0,Yes,No,No,No,No,No,No,No,No,One year,No,Bank transfer (automatic),18.74,153.69,No
Male,0,Yes,No,52.0,Yes,No,No,No,No,No,No,No,No,One year,No,Credit card (automatic),20.54,1285.39,No
Male,0,Yes,No,69.0,Yes,Yes,No,No,No,No,No,No,No,Two year,No,Credit card (automatic),22.01,1712.45,No
Male,0,No,Yes,11.0,Yes,No,No,No,No,No,No,No,No,One year,No,Credit card (automatic),19.14,172.63,No
Male,0,No,Yes,62.0,Yes,Yes,No,No,No,No,No,No,No,One year,Yes,Credit card (automatic),23.43,1748.56,No
Female,0,No,No,0.0,Yes,No,No,No,No,No,No,No,No,One year,No,Mailed check,21.83,0.0,No
Female,0,No,No,11.0,Yes,No,No,No,No,No,No,No,No,One year,Yes,Mailed check,18.25,164.6,No
Female,0,No,No,27.0,Yes,No,No,No,No,No,No,No,No,One year,No,Mailed check,18.25,464.86,No
Male,0,No,Yes,27.0,Yes,No,No,No,No,No,No,No,No,One year,No,Mailed check,22.95,593.84,No
Male,0,Yes,No,45.0,Yes,Yes,No,No,No,No,No,No,No,Two year,No,Bank transfer (automatic),24.21,1176.05,No
Male,0,Yes,Yes,41.0,Yes,No,No,No,No,No,No,No,No,Two year,No,Mailed check,23.97,834.36,No
Female,0,No,No,31.0,Yes,No,No,No,No,No,No,No,No,One year,No,Bank transfer (automatic),18.25,609.33,No
Male,0,Yes,Yes,33.0,Yes,Yes,No,No,No,No,No,No,No,One year,No,Bank transfer (automatic),23.7,941.42,No
Female,0,No,No,27.0,Yes,No,No,No,No,No,No,No,No,One year,Yes,Mailed check,19.74,621.88,No
Male,0,No,No,37.0,Yes,No,No,No,No,No,No,No,No,Two year,Yes,Mailed check,21.21,805.81,No
Female,0,Yes,No,72.0,Yes,Yes,No,No,No,No,No,No,No,One year,No,Credit card (automatic),22.35,1859.23,No
Female,0,No,Yes,23.0,Yes,No,No,No,No,No,No,No,No,Two year,No,Mailed check,19.75,372.53,No
Male,0,Yes,No,62.0,Yes,Yes,No,No,No,No,No,No,No,One year,Yes,Bank transfer (automatic),21.69,1368.5,No
Female,0,Yes,No,41.0,Yes,No,No,No,No,No,No,No,No,Two year,No,Credit card (automatic),20.48,737.19,No
Male,0,No,No,40.0,Yes,No,No,No,No,No,No,No,No,One year,Yes,Bank transfer (automatic),20.87,840.25,No
Female,0,Yes,No,30.0,Yes,Yes,No,No,No,No,No,No,No,Two year,No,Credit card (automatic),23.96,864.98,No
Male,0,No,No,38.0,Yes,No,No,No,No,No,No,No,No,Two year,No,Credit card (automatic),21.18,942.75,No
Male,0,Yes,Yes,54.0,Yes,No,No,No,No,No,No,No,No,One year,No,Credit card (automatic),21.77,1197.2,No
Male,0,Yes,Yes,54.0,Yes,Yes,No,No,No,No,No,No,No,Two year,No,Credit card (automatic),24.12,1220.02,No
Female,0,Yes,No,0.0,Yes,No,No,No,No,No,No,No,No,One year,Yes,Credit card (automatic),20.84,0.0,No
Female,0,Yes,No,72.0,Yes,Yes,No,No,No,No,No,No,No,Two year,No,Bank transfer (automatic),22.51,1630.14,No
Female,0,Yes,Yes,64.0,Yes,Yes,No,No,No,No,No,No,No,Two year,No,Credit card (automatic),22.02,1405.24,No
Female,0,No,No,45.0,Yes,Yes,No,No,No,No,No,No,No,Two year,No,Credit card (automatic),22.89,1080.31,No
Male,0,No,No,18.0,Yes,No,No,No,No,No,No,No,No,One year,Yes,Mailed check,18.25,269.34,No
Male,0,No,No,50.0,Yes,Yes,No,No,No,No,No,No,No,Two year,Yes,Bank transfer (automatic),21.34,1195.42,No
Male,0,Yes,Yes,71.0,Yes,No,No,No,No,No,No,No,No,Two year,No,Bank transfer (automatic),21.46,1515.51,No
Male,1,Yes,No,72.0,Yes,Yes,No,No,No,No,No,No,No,Two year,No,Bank transfer (automatic),22.93,1797.72,No
Male,0,No,No,44.0,Yes,No,No,No,No,No,No,No,No,Two year,No,Mailed check,19.07,849.59,No
Male,0,No,No,59.0,Yes,Yes,No,No,No,No,No,No,No,One year,No,Bank transfer (automatic),25.79,1489.84,No
Male,1,No,No,41.0,Yes,No,No,No,No,No,No,No,No,Two year,Yes,Bank transfer (automatic),21.21,1005.12,No
Male,1,No,No,12.0,Yes,No,No,No,No,No,No,No,No,One year,Yes,Credit card (automatic),22.75,328.53,No
Female,0,No,Yes,44.0,Yes,Yes,No,No,No,No,No,No,No,Two year,Yes,Bank transfer (automatic),30.02,1121.2,No
Female,0,Yes,Yes,67.0,Yes,Yes,No,No,No,No,No,No,No,Two year,Yes,Credit card (automatic),26.78,1518.42,No
Female,0,Yes,Yes,65.0,Yes,Yes,No,No,No,No,No,No,No,Two year,Yes,Mailed check,24.85,1589.44,No
Male,0,No,No,46.0,Yes,No,No,No,No,No,No,No,No,Two year,No,Mailed check,18.25,702.18,No
Female,0,Yes,No,14.0,Yes,No,No,No,No,No,No,No,No,One year,No,Bank transfer (automatic),21.5,331.19,No
Male,0,No,No,63.0,Yes,Yes,No,No,No,No,No,No,No,One year,No,Bank transfer (automatic),23.29,1235.4,No
Male,0,No,Yes,72.0,Yes,No,No,No,No,No,No,No,No,Two year,Yes,Bank transfer (automatic),20.25,1754.37,No
Male,0,No,No,48.0,Yes,Yes,No,No,No,No,No,No,No,One year,Yes,Credit card (automatic),20.6,1065.88,No
Female,0,No,No,9.0,Yes,No,No,No,No,No,No,No,No,One year,Yes,Bank transfer (automatic),18.86,204.29,No
Male,0,No,No,61.0,Yes,Yes,No,No,No,No,No,No,No,One year,Yes,Mailed check,21.42,1288.13,No
Female,0,Yes,No,59.0,Yes,Yes,No,No,No,No,No,No,No,One year,No,Credit card (automatic),24.09,1331.81,No
Male,0,No,No,46.0,Yes,Yes,No,No,No,No,No,No,No,One year,No,Credit card (automatic),25.61,1143.71,No
Female,0,Yes,No,42.0,Yes,Yes,No,No,No,No,No,No,No,Two year,No,Bank transfer (automatic),23.22,801.09,No
Male,0,No,Yes,53.0,Yes,Yes,No,No,No,No,No,No,No,One year,Yes,Credit card (automatic),25.12,1537.86,No
Male,0,No,No,55.0,Yes,Yes,No,No,No,No,No,No,No,Two year,No,Mailed check,21.4,1344.62,No
Male,0,No,Yes,25.0,Yes,No,No,No,No,No,No,No,No,Two year,No,Mailed check,20.6,607.97,No
Female,0,Yes,No,72.0,Yes,No,No,No,No,No,No,No,No,One year,Yes,Bank transfer (automatic),22.31,1933.11,No
Male,0,No,No,0.0,Yes,No,No,No,No,No,No,No,No,Two year,No,Bank transfer (automatic),21.8,0.0,No
Female,0,No,No,9.0,Yes,No,No,No,No,No,No,No,No,One year,No,Mailed check,18.41,135.87,No
Female,1,Yes,Yes,59.0,Yes,Yes,No,No,No,No,No,No,No,One year,Yes,Bank transfer (automatic),24.16,1168.81,No
Female,0,No,No,32.0,Yes,No,No,No,No,No,No,No,No,One year,Yes,Credit card (automatic),18.25,599.4,No
Male,0,No,No,57.0,Yes,No,No,No,No,No,No,No,No,Two year,Yes,Mailed check,22.24,1376.67,No
Male,0,No,Yes,56.0,Yes,Yes,No,No,No,No,No,No,No,Two year,No,Credit card (automatic),23.54,1438.26,No
Male,0,Yes,Yes,62.0,Yes,Yes,No,No,No,No,No,No,No,Two year,No,Credit card (automatic),24.36,1364.48,No
Male,0,Yes,No,47.0,Yes,No,No,No,No,No,No,No,No,One year,No,Mailed check,18.51,933.82,No
Female,0,No,No,60.0,Yes,No,No,No,No,No,No,No,No,Two year,Yes,Credit card (automatic),21.94,1471.94,No
Female,0,No,No,16.0,Yes,No,No,No,No,No,No,No,No,Two year,No,Mailed check,18.4,241.41,No
Female,0,No,No,69.0,Yes,No,No,No,No,No,No,No,No,One year,Yes,Bank transfer (automatic),18.25,1489.14,No
Female,0,Yes,Yes,46.0,Yes,No,No,No,No,No,No,No,No,One year,No,Bank transfer (automatic),19.6,1024.62,No
Male,0,No,Yes,23.0,Yes,No,No,No,No,No,No,No,No,One year,No,Credit card (automatic),20.26,402.55,No
Female,0,No,No,22.0,Yes,Yes,No,No,No,No,No,No,No,One year,No,Mailed check,23.44,526.78,No
Female,0,Yes,No,53.0,Yes,No,No,No,No,No,No,No,No,Two year,No,Bank transfer (automatic),19.28,1006.01,No
Female,0,Yes,Yes,72.0,Yes,Yes,No,No,No,No,No,No,No,Two year,No,Credit card (automatic),24.63,2134.38,No
Male,0,Yes,Yes,45.0,Yes,No,No,No,No,No,No,No,No,Two year,No,Bank transfer (automatic),20.19,976.72,No
Male,0,Yes,Yes,48.0,Yes,No,No,No,No,No,No,No,No,One year,No,Credit card (automatic),22.69,1062.82,No
Female,0,No,No,60.0,Yes,No,No,No,No,No,No,No,No,Two year,No,Credit card (automatic),21.13,1221.5,No
Male,0,No,No,58.0,Yes,No,No,No,No,No,No,No,No,Two year,No,Mailed check,20.45,1252.1,No
Male,0,Yes,No,64.0,Yes,Yes,No,No,No,No,No,No,No,Two year,No,Mailed check,24.54,1612.01,No
Female,0,No,No,32.0,Yes,No,No,No,No,No,No,No,No,Two year,No,Credit card (automatic),22.87,821.15,No
Female,0,No,No,21.0,Yes,No,No,No,No,No,No,No,No,Two year,Yes,Credit card (automatic),20.8,441.33,No
Female,0,No,No,13.0,Yes,No,No,No,No,No,No,No,No,Two year,No,Credit card (automatic),18.85,200.94,No
Male,0,No,No,31.0,Yes,No,No,No,No,No,No,No,No,Two year,No,Bank transfer (automatic),18.25,463.87,No
Female,0,Yes,No,64.0,Yes,Yes,No,No,No,No,No,No,No,Two year,Yes,Bank transfer (automatic),22.81,1513.92,No
Male,0,No,No,24.0,Yes,No,No,No,No,No,No,No,No,Two year,No,Mailed check,18.33,360.78,No
Male,0,Yes,No,42.0,Yes,Yes,No,No,No,No,No,No,No,Two year,Yes,Credit card (automatic),26.29,1161.56,No
Female,0,Yes,Yes,27.0,Yes,No,No,No,No,No,No,No,No,Two year,Yes,Mailed check,18.25,404.02,No
Male,0,No,No,27.0,Yes,No,No,No,No,No,No,No,No,Two year,Yes,Bank transfer (automatic),19.05,421.66,No
Female,0,Yes,No,50.0,Yes,No,No,No,No,No,No,No,No,Two year,No,Mailed check,22.22,1177.99,No
Female,0,Yes,Yes,53.0,Yes,No,No,No,No,No,No,No,No,Two year,No,Credit card (automatic),22.62,1065.64,No
Female,0,Yes,No,50.0,Yes,No,No,No,No,No,No,No,No,Two year,No,Mailed check,19.19,1025.56,No
Male,0,Yes,Yes,63.0,Yes,Yes,No,No,No,No,No,No,No,Two year,No,Credit card (automatic),25.23,1612.28,No
Male,0,No,Yes,72.0,Yes,Yes,No,No,No,No,No,No,No,Two year,Yes,Credit card (automatic),24.07,1586.64,No
Male,0,Yes,Yes,55.0,Yes,No,No,No,No,No,No,No,No,Two year,No,Credit card (automatic),22.38,1342.96,No
Male,0,No,No,60.0,Yes,No,No,No,No,No,No,No,No,Two year,Yes,Bank transfer (automatic),22.13,1356.31,No
Male,0,No,Yes,23.0,Yes,No,No,No,No,No,No,No,No,Two year,No,Mailed check,21.53,433.47,No
Male,0,Yes,Yes,63.0,Yes,No,No,No,No,No,No,No,No,Two year,Yes,Credit card (automatic),22.84,1511.53,No
Female,0,Yes,No,72.0,Yes,Yes,No,No,No,No,No,No,No,Two year,Yes,Bank transfer (automatic),21.36,1584.2,No
Female,0,Yes,No,47.0,Yes,No,No,No,No,No,No,No,No,One year,No,Bank transfer (automatic),19.01,981.92,No
Male,0,No,No,25.0,Yes,Yes,No,No,No,No,No,No,No,Two year,No,Credit card (automatic),24.74,740.5,No
Female,0,No,No,51.0,Yes,Yes,No,No,No,No,No,No,No,Two year,No,Bank transfer (automatic),23.78,1276.93,No
Male,0,No,No,47.0,Yes,No,No,No,No,No,No,No,No,Two year,No,Mailed check,21.64,1156.66,No
Male,1,No,Yes,41.0,Yes,No,No,No,No,No,No,No,No,Two year,Yes,Mailed check,18.65,626.99,No
Male,0,No,Yes,27.0,Yes,Yes,No,No,No,No,No,No,No,One year,Yes,Bank transfer (automatic),23.11,576.98,No
Male,0,No,No,10.0,Yes,No,No,No,No,No,No,No,No,Two year,Yes,Bank transfer (automatic),21.26,174.35,No
Male,0,No,Yes,36.0,Yes,No,No,No,No,No,No,No,No,Two year,No,Credit card (automatic),19.85,697.4,No
Male,0,No,No,55.0,Yes,Yes,No,No,No,No,No,No,No,Two year,No,Bank transfer (automatic),23.76,1255.06,No
Female,0,No,No,44.0,Yes,No,No,No,No,No,No,No,No,One year,No,Electronic check,20.56,1023.13,No
Female,0,Yes,No,36.0,Yes,No,No,No,No,No,No,No,No,One year,No,Credit card (automatic),21.73,873.44,No
Female,0,No,Yes,58.0,Yes,Yes,No,No,No,No,No,No,No,Two year,No,Bank transfer (automatic),24.5,1354.42,No
Male,0,No,No,47.0,Yes,No,No,No,No,No,No,No,No,Two year,No,Bank transfer (automatic),21.8,995.65,No
Male,0,Yes,Yes,26.0,Yes,No,No,No,No,No,No,No,No,One year,Yes,Bank transfer (automatic),18.68,502.19,No
Male,0,No,No,17.0,Yes,No,No,No,No,No,No,No,No,One year,Yes,Credit card (automatic),18.25,254.38,No
Male,0,No,No,38.0,Yes,Yes,No,No,No,No,No,No,No,Two year,No,Mailed check,22.51,1029.44,No
Female,0,Yes,Yes,41.0,Yes,Yes,No,No,No,No,No,No,No,One year,No,Credit card (automatic),23.76,856.74,No
Female,0,Yes,No,39.0,Yes,Yes,No,No,No,No,No,No,No,Two year,No,Credit card (automatic),23.11,1082.59,No
Male,0,No,No,16.0,Yes,No,No,No,No,No,No,No,No,One year,No,Mailed check,19.3,271.0,No
Female,0,No,Yes,33.0,Yes,Yes,No,No,No,No,No,No,No,Two year,No,Bank transfer (automatic),22.4,828.94,No
Male,0,No,No,46.0,Yes,Yes,No,No,No,No,No,No,No,Two year,No,Mailed check,24.6,1146.87,No
Male,0,Yes,No,72.0,Yes,No,No,No,No,No,No,No,No,Two year,No,Credit card (automatic),21.52,1601.77,No
Female,0,No,No,31.0,Yes,No,No,No,No,No,No,No,No,One year,No,Mailed check,19.3,544.19,No
Male,0,Yes,Yes,72.0,Yes,Yes,No,No,No,No,No,No,No,Two year,Yes,Credit card (automatic),22.45,1786.41,No
Male,0,Yes,No,47.0,Yes,No,No,No,No,No,No,No,No,One year,No,Mailed check,19.56,1004.75,No
Female,0,No,No,36.0,Yes,Yes,No,No,No,No,No,No,No,Two year,No,Mailed check,25.01,852.02,No
Female,0,No,No,45.0,Yes,No,No,No,No,No,No,No,No,Two year,No,Mailed check,18.48,834.5,No
Female,0,No,No,31.0,Yes,No,No,No,No,No,No,No,No,Two year,No,Mailed check,21.25,639.65,No
Male,0,No,No,14.0,Yes,No,No,No,No,No,No,No,No,Two year,No,Mailed check,18.35,210.61,No
Female,0,Yes,No,67.0,Yes,No,No,No,No,No,No,No,No,Two year,Yes,Bank transfer (automatic),21.14,1490.93,No
Male,0,No,No,1.0,Yes,No,No,No,No,No,No,No,No,One year,No,Mailed check,20.15,16.52,No
Female,0,No,No,44.0,Yes,Yes,No,No,No,No,No,No,No,One year,No,Credit card (automatic),23.08,1078.23,No
Female,0,Yes,Yes,44.0,Yes,No,No,No,No,No,No,No,No,One year,Yes,Credit card (automatic),23.04,985.13,No
Male,0,No,Yes,54.0,Yes,No,No,No,No,No,No,No,No,Two year,No,Credit card (automatic),20.86,1106.78,No
Male,0,Yes,Yes,72.0,Yes,No,No,No,No,No,No,No,No,Two year,Yes,Credit card (automatic),20.46,1664.93,No
Female,0,Yes,No,51.0,Yes,Yes,No,No,No,No,No,No,No,Two year,No,Bank transfer (automatic),22.18,1133.08,No
Female,0,No,No,41.0,Yes,No,No,No,No,No,No,No,No,One year,No,Mailed check,22.91,913.29,No
Female,0,No,No,16.0,Yes,No,No,No,No,No,No,No,No,Two year,No,Credit card (automatic),21.64,359.11,No
Male,1,No,No,72.0,Yes,Yes,No,No,No,No,No,No,No,Two year,Yes,Bank transfer (automatic),23.27,1711.16,No
Female,0,Yes,No,72.0,Yes,Yes,No,No,No,No,No,No,No,Two year,No,Credit card (automatic),24.12,2089.67,No
Female,0,No,Yes,63.0,Yes,No,No,No,No,No,No,No,No,Two year,Yes,Credit card (automatic),20.32,1265.69,No
Female,0,Yes,No,49.0,Yes,No,No,No,No,No,No,No,No,One year,No,Credit card (automatic),21.96,989.31,No
Female,0,Yes,No,42.0,Yes,No,No,No,No,No,No,No,No,Two year,No,Mailed check,21.53,837.5,No
Female,0,No,No,72.0,Yes,No,No,No,No,No,No,No,No,Two year,Yes,Credit card (automatic),20.88,1631.29,No
Male,0,Yes,Yes,72.0,Yes,No,No,No,No,No,No,No,No,One year,Yes,Mailed check,21.2,1661.28,No
Male,0,No,No,29.0,Yes,No,No,No,No,No,No,No,No,One year,No,Mailed check,23.02,608.25,No
Male,0,No,No,33.0,Yes,No,No,No,No,No,No,No,No,One year,No,Mailed check,19.67,635.11,No
Male,0,No,Yes,60.0,Yes,No,No,No,No,No,No,No,No,Two year,Yes,Credit card (automatic),19.93,1289.12,No
Male,0,Yes,Yes,30.0,Yes,No,No,No,No,No,No,No,No,Two year,No,Credit card (automatic),20.81,624.75,No
Female,0,No,No,39.0,Yes,Yes,No,No,No,No,No,No,No,Two year,No,Bank transfer (automatic),21.86,780.69,No
Male,0,No,No,46.0,Yes,No,No,No,No,No,No,No,No,One year,No,Credit card (automatic),20.12,1063.07,No
Male,0,Yes,Yes,18.0,Yes,No,No,No,No,No,No,No,No,Two year,No,Credit card (automatic),19.33,385.09,No
Female,0,Yes,Yes,51.0,Yes,Yes,No,No,No,No,No,No,No,Two year,Yes,Mailed check,25.84,1433.48,No
Female,0,No,No,6.0,Yes,No,No,No,No,No,No,No,No,One year,No,Mailed check,22.34,156.59,No
Female,0,Yes,Yes,42.0,Yes,Yes,No,No,No,No,No,No,No,Two year,Yes,Credit card (automatic),23.0,993.25,No
Female,0,Yes,Yes,72.0,Yes,Yes,No,No,No,No,No,No,No,Two year,No,Mailed check,24.76,1567.47,No
Male,0,No,No,41.0,Yes,No,No,No,No,No,No,No,No,Two year,No,Credit card (automatic),21.91,1027.97,No
Female,0,No,No,43.0,Yes,Yes,No,No,No,No,No,No,No,Two year,No,Mailed check,23.76,1044.12,No
Female,0,Yes,No,62.0,Yes,Yes,No,No,No,No,No,No,No,One year,Yes,Mailed check,25.93,1456.62,No
Male,0,Yes,No,43.0,Yes,Yes,No,No,No,No,No,No,No,Two year,No,Credit card (automatic),23.97,845.12,No
Female,0,No,Yes,5.0,Yes,No,No,No,No,No,No,No,No,Two year,No,Mailed check,18.72,76.75,No
Male,0,Yes,Yes,35.0,Yes,Yes,No,No,No,No,No,No,No,Two year,Yes,Bank transfer (automatic),22.84,961.95,No
Male,0,No,Yes,51.0,Yes,No,No,No,No,No,No,No,No,One year,Yes,Credit card (automatic),21.62,1114.15,No
Male,0,Yes,No,38.0,Yes,No,No,No,No,No,No,No,No,Two year,No,Credit card (automatic),21.44,700.59,No
Male,0,Yes,No,72.0,Yes,Yes,No,No,No,No,No,No,No,Two year,No,Bank transfer (automatic),21.69,1824.44,No
Male,0,Yes,Yes,53.0,Yes,No,No,No,No,No,No,No,No,Two year,Yes,Mailed check,19.03,827.17,No
Female,0,Yes,No,70.0,Yes,No,No,No,No,No,No,No,No,Two year,No,Bank transfer (automatic),21.54,1547.79,No
Female,0,Yes,No,51.0,Yes,Yes,No,No,No,No,No,No,No,Two year,No,Credit card (automatic),22.85,1247.48,No
Female,0,Yes,No,34.0,Yes,No,No,No,No,No,No,No,No,One year,No,Credit card (automatic),22.61,696.93,No
Female,0,No,Yes,29.0,Yes,No,No,No,No,No,No,No,No,One year,No,Bank transfer (automatic),21.27,704.97,No
Female,0,No,No,61.0,Yes,No,No,No,No,No,No,No,No,Two year,No,Bank transfer (automatic),20.29,1297.37,No
Female,0,Yes,No,51.0,Yes,Yes,No,No,No,No,No,No,No,Two year,No,Electronic check,25.13,1362.54,No
Male,0,No,No,45.0,Yes,No,No,No,No,No,No,No,No,One year,No,Mailed check,22.14,1057.96,No
Female,0,Yes,No,47.0,Yes,No,No,No,No,No,No,No,No,One year,No,Bank transfer (automatic),18.57,739.92,No
Male,0,No,No,33.0,Yes,No,No,No,No,No,No,No,No,Two year,No,Bank transfer (automatic),18.25,507.99,No
Female,0,Yes,No,13.0,Yes,No,No,No,No,No,No,No,No,Two year,Yes,Credit card (automatic),22.81,301.63,No
Female,0,No,No,3.0,Yes,No,No,No,No,No,No,No,No,One year,No,Credit card (automatic),18.25,65.89,No
Male,0,Yes,Yes,33.0,Yes,No,No,No,No,No,No,No,No,Two year,No,Credit card (automatic),23.31,702.44,No
Male,0,Yes,No,68.0,Yes,Yes,No,No,No,No,No,No,No,Two year,No,Bank transfer (automatic),27.33,1768.47,No
Female,0,Yes,No,51.0,Yes,No,No,No,No,No,No,No,No,Two year,Yes,Bank transfer (automatic),19.79,1013.98,No
Male,0,No,No,13.0,Yes,No,No,No,No,No,No,No,No,One year,No,Credit card (automatic),18.25,194.53,No
Male,0,Yes,No,54.0,Yes,No,No,No,No,No,No,No,No,One year,Yes,Bank transfer (automatic),18.25,1042.7,No
Female,0,No,No,24.0,Yes,No,No,No,No,No,No,No,No,Two year,Yes,Mailed check,22.62,653.46,No
Male,0,Yes,No,11.0,Yes,No,No,No,No,No,No,No,No,One year,No,Credit card (automatic),18.25,164.6,No
Male,0,Yes,Yes,72.0,Yes,No,No,No,No,No,No,No,No,Two year,No,Credit card (automatic),20.57,1423.18,No
Male,0,No,Yes,21.0,Yes,No,No,No,No,No,No,No,No,Two year,No,Credit card (automatic),20.72,488.73,No
Male,1,No,No,44.0,Yes,Yes,No,No,No,No,No,No,No,Two year,No,Mailed check,23.38,1238.08,No
Male,0,Yes,No,72.0,Yes,Yes,No,No,No,No,No,No,No,One year,No,Electronic check,22.38,1628.2,No
Male,0,Yes,Yes,3.0,Yes,No,No,No,No,No,No,No,No,One year,No,Credit card (automatic),19.65,70.96,No
Female,0,Yes,Yes,72.0,Yes,Yes,No,No,No,No,No,No,No,Two year,No,Credit card (automatic),26.71,2314.36,No
Male,0,No,No,28.0,Yes,Yes,No,No,No,No,No,No,No,One year,No,Credit card (automatic),25.43,857.09,No
Male,1,Yes,No,55.0,Yes,Yes,No,No,No,No,No,No,No,Two year,No,Credit card (automatic),23.17,1385.72,No
Male,0,No,Yes,52.0,Yes,No,No,No,No,No,No,No,No,Two year,Yes,Credit card (automatic),18.25,866.97,No
Male,0,No,Yes,61.0,Yes,No,No,No,No,No,No,No,No,One year,Yes,Mailed check,21.76,1343.77,No
Male,0,Yes,Yes,15.0,Yes,No,No,No,No,No,No,No,No,Two year,Yes,Credit card (automatic),21.8,269.33,No
Male,0,Yes,Yes,23.0,Yes,No,No,No,No,No,No,No,No,One year,No,Credit card (automatic),18.65,358.61,No
Male,0,Yes,No,70.0,Yes,Yes,No,No,No,No,No,No,No,Two year,Yes,Mailed check,24.9,1784.07,No
Female,0,Yes,No,23.0,Yes,No,No,No,No,No,No,No,No,One year,No,Mailed check,20.32,541.79,No
Female,0,Yes,No,52.0,Yes,No,No,No,No,No,No,No,No,One year,No,Bank transfer (automatic),20.44,1016.67,No
Male,0,No,Yes,22.0,Yes,No,No,No,No,No,No,No,No,One year,No,Mailed check,18.36,453.86,No
Female,0,No,No,45.0,Yes,Yes,No,No,No,No,No,No,No,Two year,Yes,Electronic check,25.53,1033.45,No
Male,0,No,No,52.0,Yes,No,No,No,No,No,No,No,No,Two year,No,Bank transfer (automatic),20.22,1116.23,No
Female,0,No,No,52.0,Yes,No,No,No,No,No,No,No,No,Two year,No,Mailed check,20.97,1145.21,No
Male,0,No,No,61.0,Yes,No,No,No,No,No,No,No,No,One year,No,Credit card (automatic),21.41,1330.57,No
Female,0,No,No,8.0,Yes,No,No,No,No,No,No,No,No,One year,Yes,Credit card (automatic),19.54,128.14,No
Male,1,Yes,No,50.0,Yes,No,No,No,No,No,No,No,No,Two year,Yes,Mailed check,23.66,1167.12,No
Female,0,No,Yes,27.0,Yes,No,No,No,No,No,No,No,No,One year,No,Credit card (automatic),20.51,502.21,No
Female,0,No,No,36.0,Yes,Yes,No,No,No,No,No,No,No,Two year,No,Credit card (automatic),24.53,1012.16,No
Female,0,Yes,No,63.0,Yes,No,No,No,No,No,No,No,No,Two year,No,Credit card (automatic),20.64,1459.87,No
Female,0,No,No,49.0,Yes,Yes,No,No,No,No,No,No,No,Two year,No,Mailed check,26.7,1440.74,No
Male,0,Yes,No,33.0,Yes,No,No,No,No,No,No,No,No,Two year,No,Mailed check,19.14,611.7,No
Male,0,Yes,Yes,50.0,Yes,Yes,No,No,No,No,No,No,No,One year,No,Credit card (automatic),22.88,1199.74,No
Male,0,No,No,34.0,Yes,No,No,No,No,No,No,No,No,One year,No,Credit card (automatic),18.89,644.43,No
Female,0,Yes,No,72.0,Yes,Yes,No,No,No,No,No,No,No,Two year,No,Credit card (automatic),23.13,1928.62,No
Male,0,Yes,Yes,43.0,Yes,No,No,No,No,No,No,No,No,One year,No,Credit card (automatic),22.35,826.57,No
Male,0,No,No,56.0,Yes,Yes,No,No,No,No,No,No,No,One year,No,Credit card (automatic),24.45,1335.08,No
Female,0,Yes,No,23.0,Yes,Yes,No,No,No,No,No,No,No,Two year,No,Credit card (automatic),22.84,632.35,No
Male,0,Yes,No,59.0,Yes,No,No,No,No,No,No,No,No,Two year,No,Credit card (automatic),18.25,1032.34,No
Female,0,Yes,No,72.0,Yes,Yes,No,No,No,No,No,No,No,Two year,Yes,Bank transfer (automatic),22.71,1968.2,No
Male,0,Yes,No,51.0,Yes,Yes,No,No,No,No,No,No,No,Two year,No,Credit card (automatic),21.13,1252.2,No
Female,0,No,No,26.0,Yes,No,No,No,No,No,No,No,No,One year,No,Mailed check,19.08,432.49,No
Male,0,Yes,No,15.0,Yes,No,No,No,No,No,No,No,No,Two year,No,Mailed check,19.89,354.7,No
Male,0,No,Yes,21.0,Yes,No,No,No,No,No,No,No,No,One year,No,Mailed check,18.25,314.24,No
Male,0,No,No,68.0,Yes,No,No,No,No,No,No,No,No,Two year,No,Credit card (automatic),20.16,1408.4,No
Male,0,No,No,42.0,Yes,No,No,No,No,No,No,No,No,One year,No,Bank transfer (automatic),19.19,828.23,No
Male,0,Yes,Yes,72.0,Yes,Yes,No,No,No,No,No,No,No,Two year,No,Credit card (automatic),22.86,1798.86,No
Male,0,Yes,No,32.0,Yes,No,No,No,No,No,No,No,No,One year,Yes,Bank transfer (automatic),23.48,801.16,No
Female,0,Yes,No,25.0,Yes,No,No,No,No,No,No,No,No,One year,No,Mailed check,21.29,436.44,No
Female,0,Yes,No,24.0,Yes,No,No,No,No,No,No,No,No,Two year,No,Credit card (automatic),19.23,503.6,No
Female,0,Yes,Yes,72.0,Yes,Yes,No,No,No,No,No,No,No,Two year,No,Credit card (automatic),27.13,1858.4,No
Female,0,No,No,35.0,Yes,Yes,No,No,No,No,No,No,No,Two year,Yes,Credit card (automatic),24.37,1026.42,No
Female,0,No,No,46.0,Yes,Yes,No,No,No,No,No,No,No,One year,Yes,Electronic check,27.7,1368.61,No
Male,0,No,No,12.0,Yes,No,No,No,No,No,No,No,No,One year,No,Bank transfer (automatic),20.12,197.99,No
Female,0,No,No,27.0,Yes,No,No,No,No,No,No,No,No,Two year,No,Mailed check,18.25,524.91,No
Female,0,Yes,No,23.0,Yes,No,No,No,No,No,No,No,No,Two year,Yes,Credit card (automatic),20.58,388.01,No
Male,0,Yes,No,43.0,Yes,No,No,No,No,No,No,No,No,One year,Yes,Mailed check,20.02,943.71,No
Male,0,Yes,No,68.0,Yes,Yes,No,No,No,No,No,No,No,One year,Yes,Credit card (automatic),26.84,1687.48,No
Male,0,No,No,51.0,Yes,No,No,No,No,No,No,No,No,One year,Yes,Credit card (automatic),18.25,797.25,No
Female,0,No,No,10.0,Yes,Yes,No,No,No,No,No,No,No,Two year,No,Bank transfer (automatic),23.08,277.74,No
Female,0,Yes,No,55.0,Yes,Yes,No,No,No,No,No,No,No,One year,No,Bank transfer (automatic),22.37,1265.27,No
Female,0,No,No,12.0,Yes,No,No,No,No,No,No,No,No,Two year,No,Mailed check,19.21,189.06,No
Female,0,No,No,53.0,Yes,Yes,No,No,No,No,No,No,No,One year,Yes,Bank transfer (automatic),24.45,1321.56,No
Male,0,No,No,15.0,Yes,No,No,No,No,No,No,No,No,One year,Yes,Bank transfer (automatic),20.14,363.52,No
Female,0,Yes,No,16.0,Yes,No,No,No,No,No,No,No,No,One year,Yes,Mailed check,21.41,280.85,No
Female,0,Yes,Yes,33.0,Yes,No,No,No,No,No,No,No,No,One year,No,Credit card (automatic),19.89,606.67,No
Male,0,No,No,22.0,Yes,No,No,No,No,No,No,No,No,One year,No,Mailed check,22.04,583.63,No
Female,0,No,No,44.0,Yes,No,No,No,No,No,No,No,No,One year,No,Bank transfer (automatic),19.07,894.53,No
Female,0,Yes,No,27.0,Yes,No,No,No,No,No,No,No,No,One year,No,Electronic check,22.14,583.95,No
Male,0,No,No,8.0,Yes,No,No,No,No,No,No,No,No,One year,Yes,Mailed check,20.88,136.99,No
Female,0,Yes,Yes,42.0,Yes,No,No,No,No,No,No,No,No,Two year,No,Bank transfer (automatic),20.01,833.9,No
Female,0,No,Yes,50.0,Yes,No,No,No,No,No,No,No,No,One year,No,Credit card (automatic),20.84,1165.65,No
Male,0,No,No,47.0,Yes,Yes,No,No,No,No,No,No,No,One year,Yes,Bank transfer (automatic),24.62,1298.45,No
Male,0,No,No,33.0,Yes,Yes,No,No,No,No,No,No,No,Two year,No,Mailed check,23.83,867.53,No
Male,0,No,No,32.0,Yes,No,No,No,No,No,No,No,No,One year,No,Bank transfer (automatic),21.76,651.36,No
Female,0,Yes,No,25.0,Yes,No,No,No,No,No,No,No,No,Two year,No,Mailed check,18.25,374.09,No
Female,0,No,No,23.0,Yes,No,No,No,No,No,No,No,No,Two year,Yes,Credit card (automatic),20.68,523.84,No
Female,0,Yes,Yes,56.0,Yes,No,No,No,No,No,No,No,No,Two year,No,Credit card (automatic),21.96,1299.0,No
Male,0,No,No,21.0,Yes,No,No,No,No,No,No,No,No,Two year,No,Mailed check,18.68,383.52,No
Male,0,No,No,-0.0,Yes,No,No,No,No,No,No,No,No,Two year,No,Mailed check,18.5,0.0,No
Female,0,No,No,65.0,Yes,No,No,No,No,No,No,No,No,Two year,No,Credit card (automatic),18.25,1266.41,No
Female,0,No,No,2.0,Yes,No,No,No,No,No,No,No,No,One year,No,Credit card (automatic),20.55,33.7,No
Female,0,Yes,No,72.0,Yes,Yes,No,No,No,No,No,No,No,One year,No,Credit card (automatic),24.42,1818.42,No
Female,0,Yes,No,62.0,Yes,No,No,No,No,No,No,No,No,Two year,Yes,Credit card (automatic),19.7,1377.64,No
Female,0,No,No,62.0,Yes,No,No,No,No,No,No,No,No,One year,Yes,Mailed check,19.92,1320.29,No
Male,0,Yes,Yes,67.0,Yes,Yes,No,No,No,No,No,No,No,Two year,No,Credit card (automatic),23.36,1580.0,No
Female,0,Yes,No,36.0,Yes,No,No,No,No,No,No,No,No,One year,Yes,Bank transfer (automatic),20.03,766.16,No
Female,0,Yes,No,39.0,Yes,Yes,No,No,No,No,No,No,No,One year,Yes,Bank transfer (automatic),24.1,1098.56,No
Female,0,No,Yes,16.0,Yes,No,No,No,No,No,No,No,No,One year,Yes,Mailed check,22.21,291.33,No
Female,0,Yes,No,49.0,Yes,No,No,No,No,No,No,No,No,One year,No,Credit card (automatic),21.34,1211.72,No
Male,0,Yes,Yes,25.0,Yes,No,No,No,No,No,No,No,No,One year,No,Mailed check,18.25,374.09,No
Male,0,No,No,61.0,Yes,Yes,No,No,No,No,No,No,No,Two year,No,Bank transfer (automatic),22.08,1311.04,No
Male,0,Yes,Yes,35.0,Yes,No,No,No,No,No,No,No,No,One year,Yes,Bank transfer (automatic),21.25,609.92,No
Female,0,Yes,No,72.0,Yes,Yes,No,No,No,No,No,No,No,Two year,No,Credit card (automatic),22.59,1674.41,No
Female,0,Yes,Yes,62.0,Yes,No,No,No,No,No,No,No,No,Two year,No,Credit card (automatic),21.28,1423.8,No
Male,0,Yes,No,65.0,Yes,Yes,No,No,No,No,No,No,No,Two year,Yes,Credit card (automatic),22.89,1405.75,No
Female,0,Yes,No,44.0,Yes,No,No,No,No,No,No,No,No,Two year,No,Credit card (automatic),23.49,950.16,No
Female,0,Yes,Yes,61.0,Yes,Yes,No,No,No,No,No,No,No,Two year,No,Credit card (automatic),24.52,1421.58,No
Female,0,Yes,Yes,72.0,Yes,No,No,No,No,No,No,No,No,Two year,No,Credit card (automatic),18.25,1319.16,No
Male,0,No,No,41.0,Yes,No,No,No,No,No,No,No,No,Two year,No,Mailed check,22.23,1097.13,No
Female,0,No,No,52.0,Yes,Yes,No,No,No,No,No,No,No,One year,No,Credit card (automatic),21.77,1060.24,No
Female,0,No,No,30.0,Yes,No,No,No,No,No,No,No,No,One year,No,Credit card (automatic),18.9,464.89,No
Male,0,Yes,No,19.0,Yes,No,No,No,No,No,No,No,No,Two year,No,Mailed check,21.88,388.96,No
Male,0,Yes,No,72.0,Yes,Yes,No,No,No,No,No,No,No,Two year,Yes,Bank transfer (automatic),21.32,1608.93,No
Female,0,No,No,34.0,Yes,No,No,No,No,No,No,No,No,Two year,No,Mailed check,18.97,682.52,No
Male,0,No,No,60.0,Yes,Yes,No,No,No,No,No,No,No,Two year,No,Mailed check,22.21,1309.91,No
Male,0,No,Yes,31.0,Yes,No,No,No,No,No,No,No,No,Two year,No,Credit card (automatic),18.25,463.87,No
Male,0,Yes,No,35.0,Yes,No,No,No,No,No,No,No,No,One year,Yes,Credit card (automatic),18.75,743.35,No
Male,0,No,Yes,36.0,Yes,No,No,No,No,No,No,No,No,Two year,No,Credit card (automatic),19.96,676.44,No
Female,0,No,Yes,18.0,Yes,No,No,No,No,No,No,No,No,One year,Yes,Credit card (automatic),20.99,454.68,No
Female,0,Yes,No,33.0,Yes,Yes,No,No,No,No,No,No,No,One year,No,Credit card (automatic),22.51,893.84,No
Female,1,Yes,No,52.0,Yes,Yes,No,No,No,No,No,No,No,Two year,No,Credit card (automatic),23.79,1300.59,No
Female,0,Yes,No,20.0,Yes,No,No,No,No,No,No,No,No,One year,No,Mailed check,18.51,303.46,No
Male,0,No,No,72.0,Yes,No,No,No,No,No,No,No,No,Two year,No,Mailed check,20.14,1550.97,No
Male,0,No,Yes,27.0,Yes,No,No,No,No,No,No,No,No,Two year,No,Mailed check,18.25,404.02,No
Female,0,No,Yes,9.0,Yes,No,No,No,No,No,No,No,No,One year,Yes,Credit card (automatic),19.43,143.4,No
Female,1,Yes,No,72.0,Yes,Yes,No,No,No,No,No,No,No,Two year,No,Credit card (automatic),21.88,1713.28,No
Male,0,Yes,No,22.0,Yes,Yes,No,No,No,No,No,No,No,Two year,No,Mailed check,25.3,560.34,No
Female,0,Yes,No,55.0,Yes,No,No,No,No,No,No,No,No,Two year,No,Bank transfer (automatic),19.65,1187.53,No
Female,0,Yes,No,60.0,Yes,No,No,No,No,No,No,No,No,Two year,No,Mailed check,20.29,1286.29,No
Male,0,No,Yes,70.0,Yes,No,No,No,No,No,No,No,No,Two year,No,Credit card (automatic),19.33,1427.75,No
Male,0,No,No,40.0,Yes,No,No,No,No,No,No,No,No,One year,Yes,Credit card (automatic),22.77,870.3,No
Female,0,Yes,No,64.0,Yes,No,No,No,No,No,No,No,No,One year,No,Bank transfer (automatic),18.83,1209.16,No
Female,0,No,Yes,26.0,Yes,Yes,No,No,No,No,No,No,No,One year,Yes,Credit card (automatic),23.04,720.92,No
Male,0,No,Yes,45.0,Yes,No,No,No,No,No,No,No,No,Two year,No,Mailed check,20.2,1017.13,No
Male,0,Yes,Yes,27.0,Yes,Yes,No,No,No,No,No,No,No,Two year,Yes,Credit card (automatic),23.34,758.51,No
Female,0,No,No,43.0,Yes,No,No,No,No,No,No,No,No,Two year,No,Mailed check,22.49,870.35,No
Female,0,Yes,No,64.0,Yes,Yes,No,No,No,No,No,No,No,Two year,No,Credit card (automatic),24.81,1599.55,No
Male,0,No,Yes,41.0,Yes,No,No,No,No,No,No,No,No,One year,Yes,Credit card (automatic),18.54,748.54,No
Female,0,Yes,Yes,58.0,Yes,Yes,No,No,No,No,No,No,No,Two year,No,Credit card (automatic),23.89,1274.62,No
Male,0,Yes,Yes,59.0,Yes,Yes,No,No,No,No,No,No,No,Two year,No,Electronic check,22.64,1401.07,No
Female,0,Yes,No,72.0,Yes,No,No,No,No,No,No,No,No,Two year,No,Bank transfer (automatic),21.68,1878.77,No
Female,0,No,No,44.0,Yes,Yes,No,No,No,No,No,No,No,One year,No,Credit card (automatic),20.62,1091.93,No
Female,0,Yes,Yes,59.0,Yes,No,No,No,No,No,No,No,No,Two year,No,Credit card (automatic),22.27,1377.02,No
Male,0,No,No,60.0,Yes,No,No,No,No,No,No,No,No,Two year,No,Credit card (automatic),19.56,1342.38,No
Male,0,No,No,4.0,Yes,No,No,No,No,No,No,No,No,One year,No,Bank transfer (automatic),18.25,59.85,No
Male,1,Yes,Yes,27.0,Yes,No,No,No,No,No,No,No,No,Two year,No,Bank transfer (automatic),22.71,523.24,No
Female,0,Yes,No,70.0,Yes,Yes,No,No,No,No,No,No,No,Two year,Yes,Credit card (automatic),25.96,1751.6,No
Female,0,Yes,No,10.0,Yes,Yes,No,No,No,No,No,No,No,Two year,No,Bank transfer (automatic),24.19,289.58,No
Male,0,No,No,0.0,Yes,No,No,No,No,No,No,No,No,One year,Yes,Mailed check,18.35,0.0,No
Male,0,No,No,42.0,Yes,Yes,No,No,No,No,No,No,No,Two year,No,Credit card (automatic),26.42,1132.7,No
Male,0,No,No,61.0,Yes,Yes,No,No,No,No,No,No,No,Two year,No,Bank transfer (automatic),23.4,1373.56,No
Male,0,No,No,72.0,Yes,Yes,No,No,No,No,No,No,No,Two year,Yes,Credit card (automatic),23.34,1838.31,No
Male,0,Yes,Yes,62.0,Yes,No,No,No,No,No,No,No,No,One year,No,Bank transfer (automatic),21.61,1241.41,No
Female,1,No,No,52.0,Yes,Yes,No,No,No,No,No,No,No,Two year,No,Bank transfer (automatic),22.67,1196.31,No
Female,0,Yes,No,62.0,Yes,Yes,No,No,No,No,No,No,No,Two year,No,Credit card (automatic),24.09,1503.21,No
Female,0,Yes,No,44.0,Yes,Yes,No,No,No,No,No,No,No,Two year,Yes,Credit card (automatic),22.28,1089.27,No
Female,0,Yes,Yes,44.0,Yes,Yes,No,No,No,No,No,No,No,Two year,No,Credit card (automatic),24.25,1143.53,No
Male,0,No,No,11.0,Yes,No,No,No,No,No,No,No,No,One year,No,Bank transfer (automatic),18.25,164.6,No
Male,0,No,No,43.0,Yes,No,No,No,No,No,No,No,No,Two year,Yes,Mailed check,20.44,931.56,No
Female,0,Yes,Yes,72.0,Yes,Yes,No,No,No,No,No,No,No,Two year,No,Credit card (automatic),23.16,2006.65,No
Male,0,No,No,37.0,Yes,Yes,No,No,No,No,No,No,No,One year,Yes,Mailed check,23.17,915.65,No
Female,0,No,No,34.0,Yes,Yes,No,No,No,No,No,No,No,Two year,No,Credit card (automatic),21.57,882.64,No
Female,0,No,No,72.0,Yes,No,No,No,No,No,No,No,No,One year,No,Credit card (automatic),22.55,1818.02,No
Female,0,Yes,No,45.0,Yes,Yes,No,No,No,No,No,No,No,Two year,No,Bank transfer (automatic),24.2,1114.9,No
Female,0,Yes,No,20.0,Yes,No,No,No,No,No,No,No,No,One year,No,Mailed check,22.9,479.38,No
Female,0,No,No,38.0,Yes,No,No,No,No,No,No,No,No,Two year,No,Mailed check,18.25,610.12,No
Male,0,No,No,36.0,Yes,No,No,No,No,No,No,No,No,One year,No,Mailed check,19.24,743.11,No
Male,0,No,No,34.0,Yes,Yes,No,No,No,No,No,No,No,Two year,Yes,Credit card (automatic),24.87,1017.78,No
Female,0,Yes,No,65.0,Yes,Yes,No,No,No,No,No,No,No,Two year,No,Bank transfer (automatic),24.24,1580.85,No
Male,0,No,No,30.0,Yes,No,No,No,No,No,No,No,No,One year,Yes,Mailed check,21.58,610.49,No
Female,0,No,No,0.0,Yes,Yes,No,No,No,No,No,No,No,One year,Yes,Mailed check,22.74,0.0,No
Male,0,No,Yes,52.0,Yes,No,No,No,No,No,No,No,No,One year,Yes,Bank transfer (automatic),21.41,1065.62,No
Male,0,No,Yes,24.0,Yes,Yes,No,No,No,No,No,No,No,One year,Yes,Mailed check,19.04,550.04,No
Female,0,Yes,No,48.0,Yes,Yes,No,No,No,No,No,No,No,Two year,No,Credit card (automatic),22.37,957.59,No
Female,0,Yes,No,43.0,Yes,No,No,No,No,No,No,No,No,Two year,Yes,Credit card (automatic),21.36,878.06,No
Male,0,No,Yes,43.0,Yes,No,No,No,No,No,No,No,No,Two year,No,Credit card (automatic),18.25,763.8,No
Male,0,Yes,No,50.0,Yes,No,No,No,No,No,No,No,No,One year,Yes,Credit card (automatic),18.25,932.84,No
Female,0,No,No,8.0,Yes,No,No,No,No,No,No,No,No,One year,No,Mailed check,20.39,133.75,No
Female,0,No,No,13.0,Yes,No,No,No,No,No,No,No,No,One year,Yes,Credit card (automatic),20.2,223.8,No
Male,0,No,No,72.0,Yes,Yes,No,No,No,No,No,No,No,Two year,No,Mailed check,25.03,2079.95,No
Female,0,No,No,44.0,Yes,Yes,No,No,No,No,No,No,No,One year,No,Bank transfer (automatic),23.37,936.98,No
Male,0,No,No,41.0,Yes,No,No,No,No,No,No,No,No,One year,No,Mailed check,19.37,761.86,No
Female,0,No,No,44.0,Yes,No,No,No,No,No,No,No,No,Two year,Yes,Bank transfer (automatic),22.22,855.44,No
Male,0,No,Yes,25.0,Yes,No,No,No,No,No,No,No,No,One year,No,Bank transfer (automatic),21.42,460.35,No
Female,0,Yes,No,69.0,Yes,Yes,No,No,No,No,No,No,No,Two year,No,Bank transfer (automatic),22.84,1523.59,No
Male,0,Yes,Yes,22.0,Yes,Yes,No,No,No,No,No,No,No,One year,No,Credit card (automatic),22.76,602.65,No
Male,0,Yes,Yes,61.0,Yes,Yes,No,No,No,No,No,No,No,Two year,No,Mailed check,25.0,1417.12,No
Male,0,No,Yes,25.0,Yes,No,No,No,No,No,No,No,No,One year,No,Bank transfer (automatic),19.36,396.78,No
Male,0,No,No,43.0,Yes,Yes,No,No,No,No,No,No,No,Two year,No,Bank transfer (automatic),23.18,1197.71,No
Female,0,No,No,72.0,Yes,Yes,No,No,No,No,No,No,No,Two year,No,Bank transfer (automatic),22.48,1887.56,No
Female,0,Yes,No,53.0,Yes,No,No,No,No,No,No,No,No,Two year,Yes,Credit card (automatic),24.66,1071.63,No
Male,0,No,No,23.0,Yes,No,No,No,No,No,No,No,No,Two year,Yes,Bank transfer (automatic),23.88,562.93,No
Female,0,No,Yes,40.0,Yes,Yes,No,No,No,No,No,No,No,One year,Yes,Credit card (automatic),24.66,976.76,No
Male,0,No,No,1.0,Yes,No,No,No,No,No,No,No,No,One year,No,Mailed check,21.2,17.38,No
Male,0,No,No,61.0,Yes,Yes,No,No,No,No,No,No,No,Two year,No,Bank transfer (automatic),22.47,1621.83,No
Male,0,No,No,45.0,Yes,No,No,No,No,No,No,No,No,One year,No,Mailed check,18.25,717.06,No
Female,0,Yes,No,66.0,Yes,Yes,No,No,No,No,No,No,No,Two year,No,Credit card (automatic),24.44,1645.04,No
Female,0,No,No,3.0,Yes,No,No,No,No,No,No,No,No,Two year,No,Mailed check,18.25,44.89,No
Female,0,Yes,No,48.0,Yes,No,No,No,No,No,No,No,No,Two year,Yes,Mailed check,21.68,1022.76,No
Female,1,No,No,9.0,Yes,No,No,No,No,No,No,No,No,One year,No,Mailed check,22.8,168.84,No
Male,0,No,Yes,0.0,Yes,No,No,No,No,No,No,No,No,One year,No,Credit card (automatic),18.25,0.0,No
Female,0,Yes,No,9.0,Yes,No,No,No,No,No,No,No,No,Two year,No,Mailed check,22.68,228.42,No
Female,0,No,No,39.0,Yes,Yes,No,No,No,No,No,No,No,One year,No,Bank transfer (automatic),24.13,981.5,No
Male,0,Yes,No,40.0,Yes,No,No,No,No,No,No,No,No,Two year,No,Mailed check,20.45,670.73,No
Female,0,No,No,23.0,Yes,No,No,No,No,No,No,No,No,One year,No,Mailed check,21.09,397.67,No
Female,0,No,No,25.0,Yes,No,No,No,No,No,No,No,No,Two year,No,Mailed check,18.25,411.36,No
Male,0,No,No,28.0,Yes,No,No,No,No,No,No,No,No,One year,Yes,Mailed check,21.42,595.12,No
Female,0,No,No,52.0,Yes,Yes,No,No,No,No,No,No,No,One year,No,Credit card (automatic),22.72,1285.99,No
Female,0,No,No,33.0,Yes,No,No,No,No,No,No,No,No,Two year,Yes,Mailed check,18.25,493.8,No
Male,0,No,Yes,71.0,Yes,Yes,No,No,No,No,No,No,No,One year,No,Credit card (automatic),22.44,1513.28,No
Male,0,No,No,52.0,Yes,No,No,No,No,No,No,No,No,One year,Yes,Bank transfer (automatic),18.53,1117.44,No
Female,0,No,No,58.0,Yes,Yes,No,No,No,No,No,No,No,Two year,Yes,Credit card (automatic),23.73,1334.86,No
Male,0,No,No,32.0,Yes,No,No,No,No,No,No,No,No,One year,No,Credit card (automatic),18.25,478.84,No
Female,0,No,No,60.0,Yes,No,No,No,No,No,No,No,No,Two year,No,Credit card (automatic),20.8,1101.35,No
Male,0,No,No,39.0,Yes,No,No,No,No,No,No,No,No,One year,No,Mailed check,18.47,590.68,No
Female,0,Yes,Yes,72.0,Yes,No,No,No,No,No,No,No,No,Two year,No,Credit card (automatic),23.2,1594.05,No
Male,0,No,No,68.0,Yes,No,No,No,No,No,No,No,No,Two year,No,Electronic check,19.31,1530.85,No
Female,0,Yes,No,65.0,Yes,Yes,No,No,No,No,No,No,No,One year,No,Bank transfer (automatic),24.05,1599.08,No
Male,0,No,No,19.0,Yes,Yes,No,No,No,No,No,No,No,One year,Yes,Mailed check,21.53,486.37,No
Female,0,Yes,No,16.0,Yes,No,No,No,No,No,No,No,No,One year,No,Credit card (automatic),18.25,351.43,No
Male,0,Yes,No,65.0,Yes,No,No,No,No,No,No,No,No,Two year,Yes,Bank transfer (automatic),20.45,1477.44,No
Female,0,Yes,No,56.0,Yes,No,No,No,No,No,No,No,No,Two year,No,Mailed check,19.47,1157.06,No
Female,0,No,Yes,45.0,Yes,No,No,No,No,No,No,No,No,Two year,No,Mailed check,22.36,959.83,No
Male,0,No,No,14.0,Yes,No,No,No,No,No,No,No,No,One year,No,Mailed check,19.05,218.72,No
Male,0,No,No,59.0,Yes,Yes,No,No,No,No,No,No,No,Two year,Yes,Credit card (automatic),22.79,1324.31,No
Female,0,No,No,17.0,Yes,No,No,No,No,No,No,No,No,Two year,Yes,Credit card (automatic),18.72,366.71,No
Male,0,Yes,No,52.0,Yes,No,No,No,No,No,No,No,No,Two year,Yes,Mailed check,20.94,1020.98,No
Female,0,No,No,56.0,Yes,No,No,No,No,No,No,No,No,Two year,No,Bank transfer (automatic),20.4,1360.7,No
Male,0,Yes,No,50.0,Yes,No,No,No,No,No,No,No,No,One year,Yes,Mailed check,18.53,1115.3,No
Female,0,No,No,12.0,Yes,No,No,No,No,No,No,No,No,One year,No,Mailed check,22.62,326.69,No
Male,0,No,No,48.0,Yes,No,No,No,No,No,No,No,No,One year,No,Bank transfer (automatic),19.81,1056.46,No
Male,0,Yes,Yes,51.0,Yes,Yes,No,No,No,No,No,No,No,Two year,No,Credit card (automatic),24.84,1279.41,No
Male,0,Yes,No,39.0,Yes,No,No,No,No,No,No,No,No,One year,No,Mailed check,20.17,645.0,No
Female,0,Yes,Yes,15.0,Yes,No,No,No,No,No,No,No,No,Two year,No,Mailed check,20.34,312.36,No
Male,0,No,No,43.0,Yes,No,No,No,No,No,No,No,No,Two year,No,Mailed check,22.0,1013.18,No
Female,0,Yes,No,46.0,Yes,No,No,No,No,No,No,No,No,One year,No,Mailed check,20.24,992.57,No
Female,0,No,Yes,19.0,Yes,Yes,No,No,No,No,No,No,No,One year,No,Electronic check,21.09,482.16,No
Female,0,No,No,38.0,Yes,Yes,No,No,No,No,No,No,No,One year,Yes,Mailed check,21.95,735.93,No
Male,0,Yes,No,18.0,Yes,Yes,No,No,No,No,No,No,No,One year,Yes,Mailed check,26.31,569.98,No
Male,0,Yes,No,55.0,Yes,Yes,No,No,No,No,No,No,No,Two year,Yes,Bank transfer (automatic),27.32,1495.06,No
Female,0,No,Yes,54.0,Yes,Yes,No,No,No,No,No,No,No,Two year,No,Credit card (automatic),23.56,1277.44,No
Female,0,Yes,No,49.0,Yes,No,No,No,No,No,No,No,No,Two year,No,Credit card (automatic),18.25,863.06,No
Male,0,Yes,No,38.0,Yes,No,No,No,No,No,No,No,No,Two year,No,Mailed check,21.42,829.95,No
Male,0,No,No,72.0,Yes,No,No,No,No,No,No,No,No,Two year,No,Bank transfer (automatic),19.79,1545.89,No
Female,0,No,No,42.0,Yes,No,No,No,No,No,No,No,No,One year,No,Mailed check,21.46,898.15,No
Male,0,No,Yes,30.0,Yes,No,No,No,No,No,No,No,No,One year,Yes,Credit card (automatic),19.55,480.78,No
Male,0,Yes,No,29.0,Yes,No,No,No,No,No,No,No,No,One year,No,Mailed check,21.85,566.25,No
Male,0,Yes,No,40.0,Yes,Yes,No,No,No,No,No,No,No,Two year,No,Mailed check,22.42,1079.18,No
Female,0,Yes,No,72.0,Yes,No,No,No,No,No,No,No,No,Two year,No,Credit card (automatic),20.86,1470.78,No
Male,0,Yes,No,58.0,Yes,No,No,No,No,No,No,No,No,Two year,No,Mailed check,21.84,1260.74,No
Female,0,No,No,4.0,Yes,Yes,No,No,No,No,No,No,No,One year,No,Mailed check,23.94,115.27,No
Male,0,Yes,Yes,32.0,Yes,No,No,No,No,No,No,No,No,One year,No,Credit card (automatic),19.92,673.25,No
Male,0,Yes,Yes,72.0,Yes,No,No,No,No,No,No,No,No,Two year,No,Credit card (automatic),20.37,1764.98,No
Male,0,No,Yes,14.0,Yes,No,No,No,No,No,No,No,No,Two year,No,Credit card (automatic),20.29,232.91,No
Female,0,Yes,No,56.0,Yes,Yes,No,No,No,No,No,No,No,Two year,No,Credit card (automatic),27.03,1394.86,No
Female,0,Yes,No,49.0,Yes,No,No,No,No,No,No,No,No,Two year,No,Credit card (automatic),22.45,982.43,No
Female,0,No,Yes,40.0,Yes,No,No,No,No,No,No,No,No,Two year,Yes,Credit card (automatic),18.25,852.39,No
Female,0,Yes,No,72.0,Yes,No,No,No,No,No,No,No,No,One year,No,Bank transfer (automatic),18.75,1420.28,No
Male,0,No,No,50.0,Yes,Yes,No,No,No,No,No,No,No,Two year,No,Bank transfer (automatic),26.19,1324.52,No
Male,0,Yes,Yes,21.0,Yes,Yes,No,No,No,No,No,No,No,One year,Yes,Mailed check,23.86,603.05,No
Female,0,No,No,45.0,Yes,No,No,No,No,No,No,No,No,One year,Yes,Mailed check,21.79,1120.0,No
Male,0,Yes,Yes,13.0,Yes,No,No,No,No,No,No,No,No,One year,No,Mailed check,21.1,330.17,No
Male,0,Yes,No,25.0,Yes,Yes,No,No,No,No,No,No,No,Two year,No,Bank transfer (automatic),20.61,615.06,No
Female,0,No,No,33.0,Yes,No,No,No,No,No,No,No,No,One year,Yes,Mailed check,18.25,493.8,No
Male,0,No,No,20.0,Yes,No,No,No,No,No,No,No,No,Two year,No,Credit card (automatic),20.35,489.77,No
Female,0,Yes,Yes,34.0,Yes,No,No,No,No,No,No,No,No,One year,Yes,Bank transfer (automatic),22.38,820.94,No
Female,0,Yes,No,29.0,Yes,No,No,No,No,No,No,No,No,Two year,No,Bank transfer (automatic),21.78,695.14,No
Male,0,No,Yes,8.0,Yes,Yes,No,No,No,No,No,No,No,One year,Yes,Mailed check,22.73,218.84,No
Male,0,No,No,27.0,Yes,No,No,No,No,No,No,No,No,One year,No,Mailed check,23.06,607.16,No
Female,0,Yes,No,60.0,Yes,No,No,No,No,No,No,No,No,Two year,No,Bank transfer (automatic),19.65,1173.35,No
Female,0,Yes,Yes,66.0,Yes,No,No,No,No,No,No,No,No,Two year,Yes,Credit card (automatic),21.52,1604.16,No
Female,0,No,No,0.0,Yes,No,No,No,No,No,No,No,No,One year,No,Credit card (automatic),19.12,0.0,No
Female,0,No,No,20.0,Yes,No,No,No,No,No,No,No,No,Two year,No,Credit card (automatic),18.25,299.27,No
Male,0,No,No,56.0,Yes,No,No,No,No,No,No,No,No,One year,No,Bank transfer (automatic),21.56,1116.98,No
Male,0,Yes,Yes,48.0,Yes,No,No,No,No,No,No,No,No,One year,Yes,Mailed check,23.58,978.55,No
Female,0,Yes,No,68.0,Yes,Yes,No,No,No,No,No,No,No,One year,No,Bank transfer (automatic),24.54,1508.8,No
Male,0,Yes,No,63.0,Yes,Yes,No,No,No,No,No,No,No,One year,No,Credit card (automatic),26.87,1598.71,No
Male,0,No,No,72.0,Yes,No,No,No,No,No,No,No,No,One year,Yes,Credit card (automatic),19.64,1396.88,No
Female,0,No,No,12.0,Yes,No,No,No,No,No,No,No,No,One year,No,Mailed check,18.25,179.56,No
Male,0,No,Yes,57.0,Yes,No,No,No,No,No,No,No,No,Two year,No,Bank transfer (automatic),21.52,1326.88,No
Female,0,Yes,No,72.0,Yes,Yes,No,No,No,No,No,No,No,Two year,No,Bank transfer (automatic),22.17,1920.72,No
Male,0,Yes,Yes,56.0,Yes,No,No,No,No,No,No,No,No,Two year,No,Credit card (automatic),23.43,1377.02,No
Female,0,Yes,No,51.0,Yes,No,No,No,No,No,No,No,No,Two year,No,Credit card (automatic),22.88,1201.82,No
Female,0,No,No,48.0,Yes,No,No,No,No,No,No,No,No,Two year,No,Credit card (automatic),20.1,1143.29,No
Female,0,No,No,7.0,Yes,No,No,No,No,No,No,No,No,Two year,No,Bank transfer (automatic),21.6,182.0,No
Male,0,No,No,61.0,Yes,No,No,No,No,No,No,No,No,One year,No,Bank transfer (automatic),20.13,1385.24,No
Female,0,No,Yes,23.0,Yes,No,No,No,No,No,No,No,No,Two year,No,Mailed check,20.76,445.82,No
Male,0,No,No,38.0,Yes,No,No,No,No,No,No,No,No,Two year,No,Credit card (automatic),19.84,813.82,No
Female,1,No,No,29.0,Yes,No,No,No,No,No,No,No,No,Two year,No,Mailed check,20.1,637.45,No
Male,0,No,No,56.0,Yes,Yes,No,No,No,No,No,No,No,Two year,Yes,Mailed check,22.65,1278.4,No
Male,0,No,No,32.0,Yes,No,No,No,No,No,No,No,No,Two year,No,Mailed check,18.25,614.07,No
Male,0,No,No,59.0,Yes,No,No,No,No,No,No,No,No,Two year,No,Mailed check,20.84,1206.52,No
Male,0,Yes,No,56.0,Yes,Yes,No,No,No,No,No,No,No,Two year,No,Bank transfer (automatic),23.73,1425.02,No
Male,0,Yes,No,37.0,Yes,Yes,No,No,No,No,No,No,No,One year,No,Mailed check,25.68,866.73,No
Female,0,Yes,Yes,44.0,Yes,No,No,No,No,No,No,No,No,One year,Yes,Credit card (automatic),20.44,1034.91,No
Male,0,No,No,45.0,Yes,Yes,No,No,No,No,No,No,No,Two year,No,Credit card (automatic),21.67,962.63,No
Male,0,No,No,37.0,Yes,Yes,No,No,No,No,No,No,No,Two year,Yes,Mailed check,23.21,977.76,No
Female,0,Yes,No,15.0,Yes,No,No,No,No,No,No,No,No,Two year,No,Credit card (automatic),22.82,412.03,No
Male,0,Yes,Yes,66.0,Yes,Yes,No,No,No,No,No,No,No,Two year,No,Credit card (automatic),24.14,1437.16,No
Female,0,Yes,Yes,66.0,Yes,Yes,No,No,No,No,No,No,No,One year,No,Credit card (automatic),24.73,1532.96,No
Male,0,No,Yes,9.0,Yes,No,No,No,No,No,No,No,No,One year,No,Credit card (automatic),23.18,239.57,No
Female,0,No,No,55.0,Yes,No,No,No,No,No,No,No,No,Two year,No,Mailed check,21.4,1074.35,No
Female,1,Yes,No,49.0,Yes,Yes,No,No,No,No,No,No,No,Two year,No,Electronic check,23.92,1398.87,No
Female,0,Yes,No,72.0,Yes,Yes,No,No,No,No,No,No,No,Two year,No,Credit card (automatic),25.25,2187.58,No
Female,0,Yes,Yes,50.0,Yes,Yes,No,No,No,No,No,No,No,One year,No,Credit card (automatic),24.78,1091.54,No
Male,0,Yes,No,72.0,Yes,Yes,No,No,No,No,No,No,No,Two year,Yes,Bank transfer (automatic),25.51,2182.89,No
Female,0,No,Yes,48.0,Yes,No,No,No,No,No,No,No,No,Two year,Yes,Mailed check,20.81,1078.62,No
Male,0,No,No,64.0,Yes,Yes,No,No,No,No,No,No,No,Two year,No,Mailed check,20.18,1554.29,No
Male,0,No,No,46.0,Yes,No,No,No,No,No,No,No,No,Two year,No,Credit card (automatic),21.42,930.08,No
Male,0,Yes,Yes,43.0,Yes,No,No,No,No,No,No,No,No,One year,No,Credit card (automatic),23.62,989.23,No
Male,0,Yes,Yes,72.0,Yes,Yes,Fiber optic,Yes,Yes,Yes,Yes,Yes,Yes,Two year,Yes,Credit card (automatic),118.75,8684.8,No
Female,0,Yes,No,57.0,Yes,Yes,Fiber optic,No,Yes,Yes,No,Yes,Yes,Two year,Yes,Credit card (automatic),107.41,6263.62,No
Male,0,Yes,Yes,55.0,Yes,Yes,Fiber optic,Yes,Yes,Yes,Yes,Yes,Yes,Two year,No,Bank transfer (automatic),106.29,5843.52,No
Male,0,Yes,Yes,64.0,Yes,Yes,Fiber optic,Yes,Yes,Yes,Yes,Yes,Yes,Two year,Yes,Bank transfer (automatic),110.13,7144.35,No
Male,0,Yes,No,61.0,Yes,Yes,Fiber optic,No,No,Yes,No,Yes,Yes,Two year,No,Electronic check,105.1,6160.39,Yes
Female,1,Yes,No,72.0,Yes,Yes,Fiber optic,Yes,Yes,Yes,Yes,Yes,Yes,Two year,Yes,Credit card (automatic),111.93,8251.85,No
Female,0,Yes,No,55.0,Yes,Yes,Fiber optic,No,Yes,Yes,Yes,Yes,Yes,Two year,Yes,Credit card (automatic),104.55,5848.03,No
Male,0,Yes,Yes,61.0,Yes,No,Fiber optic,Yes,Yes,Yes,No,Yes,Yes,Two year,No,Bank transfer (automatic),101.35,5976.66,No
Female,1,Yes,Yes,60.0,Yes,No,Fiber optic,Yes,Yes,Yes,Yes,Yes,Yes,Two year,Yes,Bank transfer (automatic),118.75,7245.26,No
Male,0,Yes,Yes,65.0,Yes,No,Fiber optic,No,No,Yes,No,Yes,Yes,Two year,Yes,Electronic check,98.25,6149.04,No
Male,0,Yes,Yes,63.0,Yes,Yes,Fiber optic,No,No,Yes,No,Yes,Yes,Two year,No,Bank transfer (automatic),103.15,6433.58,No
Female,0,Yes,Yes,57.0,Yes,Yes,Fiber optic,No,No,Yes,Yes,Yes,Yes,Two year,Yes,Credit card (automatic),108.71,6410.43,No
Female,0,Yes,Yes,72.0,Yes,Yes,Fiber optic,No,Yes,Yes,Yes,No,Yes,Two year,No,Credit card (automatic),95.3,7427.58,No
Male,0,Yes,Yes,63.0,Yes,Yes,Fiber optic,No,Yes,No,Yes,No,Yes,Two year,Yes,Bank transfer (automatic),101.24,6269.01,Yes
Male,1,Yes,Yes,72.0,Yes,Yes,Fiber optic,Yes,Yes,Yes,Yes,Yes,Yes,Two year,Yes,Bank transfer (automatic),116.52,8684.8,No
Female,0,Yes,No,64.0,Yes,Yes,Fiber optic,Yes,Yes,Yes,No,Yes,Yes,Two year,No,Credit card (automatic),102.35,6580.2,No
Female,0,No,No,71.0,Yes,Yes,Fiber optic,No,Yes,Yes,Yes,No,No,Two year,No,Credit card (automatic),91.03,6291.67,No
Female,0,Yes,No,70.0,Yes,Yes,Fiber optic,No,Yes,Yes,Yes,Yes,Yes,Two year,Yes,Bank transfer (automatic),102.71,6841.31,No
Male,0,No,Yes,67.0,Yes,Yes,Fiber optic,Yes,Yes,Yes,No,Yes,Yes,Two year,Yes,Electronic check,118.75,8684.8,No
Female,0,Yes,No,72.0,Yes,No,Fiber optic,No,Yes,No,Yes,Yes,Yes,Two year,Yes,Bank transfer (automatic),104.19,8027.25,No
Female,0,Yes,No,54.0,Yes,Yes,Fiber optic,No,No,Yes,Yes,Yes,Yes,Two year,No,Electronic check,96.67,4918.34,No
Female,0,Yes,No,71.0,Yes,Yes,Fiber optic,No,Yes,No,Yes,No,No,Two year,No,Electronic check,91.94,6287.53,No
Female,0,No,No,62.0,Yes,Yes,Fiber optic,No,No,Yes,No,Yes,Yes,Two year,Yes,Bank transfer (automatic),98.72,6121.87,No
Male,0,No,Yes,72.0,Yes,Yes,Fiber optic,Yes,Yes,Yes,No,Yes,Yes,Two year,No,Credit card (automatic),106.43,8217.14,No
Male,0,Yes,No,69.0,Yes,No,Fiber optic,Yes,No,No,Yes,Yes,No,Two year,Yes,Electronic check,93.04,6172.35,No
Male,1,No,No,61.0,Yes,Yes,Fiber optic,Yes,Yes,Yes,Yes,Yes,Yes,Two year,Yes,Credit card (automatic),104.39,6542.16,No
Male,0,Yes,Yes,66.0,Yes,Yes,Fiber optic,Yes,No,No,No,Yes,Yes,Two year,No,Credit card (automatic),107.39,7301.81,No
Female,1,No,No,71.0,Yes,Yes,Fiber optic,No,Yes,Yes,No,Yes,Yes,Two year,Yes,Credit card (automatic),115.43,7693.63,No
Female,0,Yes,Yes,66.0,Yes,Yes,Fiber optic,Yes,No,Yes,No,Yes,Yes,Two year,Yes,Electronic check,108.2,7189.9,No
Male,0,Yes,Yes,70.0,Yes,Yes,Fiber optic,No,No,Yes,No,Yes,Yes,Two year,Yes,Credit card (automatic),96.02,6812.66,No
Female,1,Yes,No,54.0,Yes,No,Fiber optic,No,Yes,Yes,Yes,Yes,Yes,Two year,No,Electronic check,117.04,6762.14,Yes
Male,0,Yes,Yes,72.0,Yes,Yes,Fiber optic,Yes,Yes,Yes,Yes,No,Yes,Two year,Yes,Electronic check,101.45,7331.53,No
Male,0,Yes,No,60.0,Yes,No,Fiber optic,No,Yes,No,No,Yes,Yes,Two year,Yes,Bank transfer (automatic),101.15,6207.56,No
Male,0,Yes,No,69.0,Yes,Yes,Fiber optic,Yes,Yes,Yes,Yes,No,No,Two year,Yes,Credit card (automatic),104.76,7018.97,No
Female,0,Yes,No,72.0,Yes,Yes,Fiber optic,No,No,No,Yes,Yes,Yes,Two year,No,Credit card (automatic),97.65,7041.6,No
Female,0,Yes,No,65.0,Yes,Yes,Fiber optic,Yes,No,Yes,Yes,Yes,Yes,Two year,Yes,Bank transfer (automatic),110.33,7092.15,No
Male,0,No,No,56.0,Yes,Yes,Fiber optic,No,No,Yes,Yes,Yes,Yes,Two year,No,Bank transfer (automatic),106.7,5655.29,No
Male,0,Yes,Yes,72.0,Yes,Yes,Fiber optic,Yes,Yes,Yes,Yes,Yes,Yes,Two year,Yes,Electronic check,118.75,8684.8,No
Female,0,Yes,Yes,72.0,Yes,Yes,Fiber optic,Yes,Yes,Yes,No,No,No,Two year,Yes,Bank transfer (automatic),93.31,7061.67,No
Male,0,Yes,No,71.0,Yes,No,Fiber optic,Yes,Yes,Yes,Yes,Yes,No,Two year,Yes,Credit card (automatic),100.03,7347.13,No
Female,0,Yes,No,68.0,Yes,Yes,Fiber optic,Yes,Yes,Yes,No,No,No,Two year,Yes,Credit card (automatic),99.79,6885.08,No
Male,0,Yes,No,68.0,Yes,Yes,Fiber optic,Yes,Yes,Yes,Yes,No,Yes,Two year,Yes,Credit card (automatic),102.6,7279.25,No
Female,0,Yes,Yes,52.0,Yes,Yes,Fiber optic,No,Yes,Yes,Yes,Yes,No,Two year,Yes,Electronic check,101.16,5403.26,No
Female,0,No,Yes,44.0,Yes,No,Fiber optic,No,Yes,Yes,No,Yes,Yes,Two year,Yes,Credit card (automatic),100.01,4317.94,No
Female,0,Yes,No,66.0,Yes,Yes,Fiber optic,Yes,Yes,Yes,Yes,Yes,Yes,Two year,No,Credit card (automatic),109.25,7276.35,No
Male,0,No,No,67.0,Yes,No,Fiber optic,Yes,Yes,Yes,Yes,Yes,Yes,Two year,Yes,Bank transfer (automatic),118.41,7710.28,No
Male,0,Yes,Yes,57.0,Yes,No,Fiber optic,Yes,Yes,Yes,Yes,No,Yes,Two year,Yes,Bank transfer (automatic),105.01,6069.37,No
Female,0,Yes,Yes,57.0,Yes,Yes,Fiber optic,No,No,Yes,Yes,Yes,Yes,Two year,No,Bank transfer (automatic),104.09,5846.71,No
Female,0,Yes,Yes,58.0,Yes,No,Fiber optic,Yes,Yes,Yes,Yes,Yes,Yes,Two year,No,Bank transfer (automatic),101.54,5696.64,No
Male,0,Yes,Yes,60.0,Yes,No,Fiber optic,No,Yes,Yes,Yes,Yes,Yes,Two year,No,Electronic check,109.83,6714.46,No
Male,0,Yes,No,65.0,Yes,No,Fiber optic,Yes,Yes,Yes,Yes,Yes,Yes,Two year,No,Credit card (automatic),106.87,7055.24,No
Female,0,No,No,69.0,Yes,Yes,Fiber optic,No,No,No,Yes,Yes,Yes,Two year,Yes,Credit card (automatic),100.79,6871.93,No
Female,0,No,No,65.0,Yes,Yes,Fiber optic,No,No,Yes,No,Yes,Yes,Two year,No,Credit card (automatic),111.28,7105.38,No
Male,0,No,No,55.0,Yes,Yes,Fiber optic,Yes,Yes,Yes,Yes,Yes,Yes,Two year,Yes,Bank transfer (automatic),118.75,7189.63,No
Female,1,Yes,No,72.0,Yes,Yes,Fiber optic,Yes,Yes,No,No,Yes,Yes,Two year,Yes,Credit card (automatic),114.99,8684.8,No
Male,0,Yes,Yes,72.0,Yes,Yes,Fiber optic,Yes,No,No,No,Yes,Yes,Two year,No,Electronic check,99.81,7277.85,No
Male,0,Yes,Yes,67.0,Yes,Yes,Fiber optic,No,No,Yes,No,Yes,No,Two year,Yes,Bank transfer (automatic),98.63,6759.71,No
Male,0,Yes,No,59.0,Yes,Yes,Fiber optic,No,Yes,No,Yes,Yes,Yes,Two year,Yes,Bank transfer (automatic),95.21,5429.3,Yes
Female,0,No,Yes,59.0,Yes,Yes,Fiber optic,Yes,Yes,Yes,Yes,No,No,Two year,Yes,Bank transfer (automatic),97.75,6030.03,No
Male,0,Yes,Yes,62.0,Yes,Yes,Fiber optic,Yes,Yes,No,Yes,Yes,Yes,Two year,Yes,Bank transfer (automatic),106.14,6428.38,No
Female,0,Yes,No,72.0,Yes,Yes,Fiber optic,Yes,Yes,No,Yes,No,No,Two year,Yes,Credit card (automatic),100.49,8249.64,No
Male,0,Yes,No,72.0,Yes,Yes,Fiber optic,Yes,Yes,Yes,Yes,Yes,Yes,Two year,Yes,Electronic check,110.36,8684.8,No
Male,0,No,Yes,69.0,Yes,Yes,Fiber optic,No,Yes,Yes,Yes,Yes,Yes,Two year,Yes,Credit card (automatic),104.14,7126.93,No
Male,0,Yes,Yes,62.0,Yes,Yes,Fiber optic,Yes,Yes,Yes,No,Yes,Yes,Two year,No,Credit card (automatic),106.39,6452.36,No
Male,0,Yes,Yes,62.0,Yes,Yes,Fiber optic,No,Yes,Yes,Yes,Yes,Yes,Two year,Yes,Bank transfer (automatic),114.05,6730.51,No
Male,1,Yes,No,48.0,Yes,Yes,Fiber optic,Yes,Yes,No,Yes,No,Yes,Two year,Yes,Credit card (automatic),99.44,4617.21,No
Female,0,Yes,Yes,65.0,Yes,No,Fiber optic,No,Yes,No,No,Yes,No,Two year,Yes,Electronic check,96.12,6380.6,No
Female,0,No,No,52.0,Yes,No,Fiber optic,No,Yes,No,No,Yes,No,Two year,Yes,Bank transfer (automatic),89.66,4709.54,No
Male,0,No,No,56.0,Yes,Yes,Fiber optic,Yes,No,Yes,Yes,No,Yes,Two year,No,Credit card (automatic),102.31,5796.04,No
Female,0,No,No,51.0,Yes,Yes,Fiber optic,Yes,No,Yes,Yes,Yes,No,Two year,No,Mailed check,98.36,5164.91,Yes
Female,0,Yes,No,72.0,Yes,Yes,Fiber optic,No,Yes,No,Yes,Yes,Yes,Two year,Yes,Bank transfer (automatic),112.63,8343.33,No
Male,0,Yes,No,58.0,Yes,No,Fiber optic,Yes,No,Yes,No,Yes,Yes,Two year,No,Credit card (automatic),99.93,5820.13,No
Female,1,Yes,Yes,70.0,Yes,Yes,Fiber optic,Yes,Yes,Yes,Yes,Yes,No,Two year,Yes,Credit card (automatic),112.56,7778.11,No
Female,0,Yes,Yes,72.0,Yes,Yes,Fiber optic,No,Yes,Yes,No,Yes,No,Two year,Yes,Credit card (automatic),92.41,6734.37,No
Male,0,Yes,Yes,62.0,Yes,Yes,Fiber optic,No,Yes,Yes,Yes,Yes,Yes,Two year,Yes,Credit card (automatic),113.42,7105.85,No
Female,0,No,Yes,69.0,Yes,Yes,Fiber optic,Yes,Yes,Yes,Yes,Yes,Yes,Two year,Yes,Bank transfer (automatic),107.27,7295.1,Yes
Female,0,Yes,Yes,69.0,Yes,Yes,Fiber optic,No,Yes,No,No,Yes,No,Two year,No,Credit card (automatic),87.83,6289.92,No
Female,0,Yes,No,65.0,Yes,Yes,Fiber optic,Yes,Yes,No,No,No,No,Two year,Yes,Bank transfer (automatic),95.09,5976.77,No
Female,0,No,No,65.0,Yes,Yes,Fiber optic,Yes,Yes,Yes,Yes,Yes,Yes,Two year,No,Bank transfer (automatic),113.55,7422.64,No
Male,0,No,No,55.0,Yes,Yes,Fiber optic,No,Yes,Yes,No,Yes,Yes,Two year,Yes,Bank transfer (automatic),107.22,5372.58,No
Male,0,No,No,67.0,Yes,Yes,Fiber optic,No,No,Yes,No,Yes,Yes,Two year,No,Credit card (automatic),98.98,6851.15,No
Male,0,Yes,No,71.0,Yes,Yes,Fiber optic,Yes,Yes,Yes,Yes,Yes,Yes,Two year,Yes,Credit card (automatic),118.75,8405.5,No
Male,0,Yes,Yes,68.0,Yes,Yes,Fiber optic,Yes,Yes,No,No,No,No,Two year,Yes,Bank transfer (automatic),96.04,6882.31,No
Female,0,Yes,Yes,72.0,Yes,Yes,Fiber optic,Yes,Yes,Yes,Yes,Yes,Yes,Two year,Yes,Credit card (automatic),111.55,8228.33,No
Male,0,Yes,No,65.0,Yes,No,Fiber optic,No,No,Yes,Yes,Yes,Yes,Two year,Yes,Electronic check,96.97,6255.37,No
Male,0,Yes,No,60.0,Yes,No,Fiber optic,No,Yes,Yes,No,Yes,Yes,Two year,Yes,Electronic check,108.83,6404.88,No
Female,0,No,No,62.0,Yes,Yes,Fiber optic,Yes,Yes,Yes,Yes,Yes,Yes,Two year,Yes,Bank transfer (automatic),112.96,6990.52,No
Female,0,No,No,49.0,Yes,No,Fiber optic,No,No,No,Yes,No,Yes,Two year,Yes,Bank transfer (automatic),89.62,4349.52,No
Male,0,Yes,Yes,66.0,Yes,Yes,Fiber optic,No,No,Yes,Yes,Yes,No,Two year,No,Bank transfer (automatic),94.13,6177.9,No
Male,0,Yes,No,71.0,Yes,Yes,Fiber optic,Yes,Yes,Yes,Yes,Yes,Yes,Two year,Yes,Credit card (automatic),113.26,7780.17,No
Male,0,Yes,Yes,66.0,Yes,Yes,Fiber optic,Yes,Yes,Yes,Yes,No,Yes,Two year,No,Bank transfer (automatic),112.63,7389.35,No
Male,0,Yes,No,72.0,Yes,Yes,Fiber optic,No,Yes,Yes,Yes,Yes,Yes,Two year,Yes,Bank transfer (automatic),118.75,8684.8,No
Female,0,Yes,No,71.0,Yes,Yes,Fiber optic,Yes,Yes,Yes,Yes,Yes,Yes,Two year,Yes,Electronic check,112.18,8383.61,No
Female,0,No,No,69.0,Yes,Yes,Fiber optic,No,Yes,Yes,Yes,Yes,Yes,Two year,Yes,Credit card (automatic),115.16,8083.35,No
Male,0,Yes,Yes,72.0,Yes,Yes,Fiber optic,Yes,Yes,Yes,No,Yes,Yes,Two year,No,Credit card (automatic),105.33,7525.01,No
Male,0,Yes,No,62.0,Yes,Yes,Fiber optic,Yes,Yes,Yes,Yes,Yes,No,Two year,Yes,Electronic check,112.28,7366.94,No
Female,1,Yes,No,64.0,Yes,Yes,Fiber optic,Yes,Yes,No,No,No,Yes,Two year,No,Credit card (automatic),96.02,5994.15,No
Male,0,Yes,No,70.0,Yes,Yes,Fiber optic,Yes,Yes,No,Yes,Yes,No,Two year,Yes,Credit card (automatic),96.17,6773.19,No
Male,0,No,No,65.0,Yes,No,Fiber optic,Yes,No,Yes,Yes,Yes,Yes,Two year,No,Electronic check,98.4,6365.59,No
Female,0,Yes,No,69.0,Yes,Yes,Fiber optic,Yes,Yes,Yes,No,Yes,No,Two year,Yes,Mailed check,106.09,7211.72,No
Male,0,Yes,No,58.0,Yes,Yes,Fiber optic,No,Yes,Yes,No,No,Yes,Two year,No,Electronic check,97.31,5623.7,No
Male,0,Yes,Yes,62.0,Yes,Yes,Fiber optic,Yes,No,Yes,Yes,Yes,Yes,Two year,Yes,Credit card (automatic),115.71,7179.85,No
Male,1,Yes,No,71.0,Yes,Yes,Fiber optic,No,Yes,Yes,Yes,Yes,No,Two year,No,Bank transfer (automatic),94.53,6661.6,No
Female,1,No,No,58.0,Yes,Yes,Fiber optic,Yes,No,Yes,No,No,No,Two year,Yes,Electronic check,93.31,5458.13,No
Female,0,No,No,52.0,Yes,No,Fiber optic,Yes,Yes,Yes,No,Yes,Yes,Two year,Yes,Electronic check,102.46,5513.85,No
Female,0,Yes,No,69.0,Yes,Yes,Fiber optic,No,Yes,No,Yes,Yes,Yes,Two year,No,Credit card (automatic),99.92,6945.65,No
Male,0,Yes,Yes,72.0,Yes,No,Fiber optic,Yes,No,Yes,Yes,No,Yes,Two year,Yes,Credit card (automatic),102.95,7302.19,No
Male,0,Yes,Yes,72.0,Yes,Yes,Fiber optic,Yes,Yes,Yes,No,Yes,Yes,Two year,Yes,Credit card (automatic),118.75,8684.8,No
Male,0,Yes,Yes,72.0,Yes,Yes,Fiber optic,Yes,No,No,No,No,Yes,Two year,Yes,Credit card (automatic),92.62,8025.59,No
Female,0,Yes,Yes,64.0,Yes,Yes,Fiber optic,No,No,Yes,Yes,Yes,Yes,Two year,No,Mailed check,107.41,6382.48,No
Male,0,Yes,Yes,72.0,Yes,Yes,Fiber optic,Yes,Yes,Yes,Yes,Yes,Yes,Two year,Yes,Electronic check,114.86,8684.8,No
Male,0,Yes,No,64.0,Yes,No,Fiber optic,Yes,Yes,No,Yes,No,Yes,Two year,Yes,Credit card (automatic),97.85,6394.04,No
Female,0,Yes,No,52.0,Yes,Yes,Fiber optic,Yes,Yes,No,Yes,Yes,Yes,Two year,Yes,Electronic check,101.28,5105.14,No
Female,0,No,No,51.0,Yes,No,Fiber optic,Yes,Yes,Yes,Yes,Yes,No,Two year,Yes,Bank transfer (automatic),94.06,5197.62,No
Female,0,Yes,No,66.0,Yes,No,Fiber optic,Yes,Yes,Yes,Yes,Yes,No,Two year,No,Credit card (automatic),100.96,6738.17,No
Female,0,Yes,Yes,72.0,Yes,No,Fiber optic,No,Yes,Yes,No,Yes,Yes,Two year,No,Electronic check,96.7,7383.56,No
Female,0,No,No,67.0,Yes,No,Fiber optic,Yes,No,Yes,Yes,Yes,Yes,Two year,No,Credit card (automatic),105.83,6698.22,No
Female,1,Yes,No,53.0,Yes,Yes,Fiber optic,No,Yes,Yes,Yes,No,Yes,Two year,Yes,Bank transfer (automatic),103.11,5423.53,No
Male,0,Yes,Yes,61.0,Yes,Yes,Fiber optic,No,Yes,Yes,Yes,Yes,Yes,Two year,Yes,Bank transfer (automatic),107.63,6789.61,No
Female,0,Yes,No,72.0,Yes,Yes,Fiber optic,Yes,Yes,No,Yes,No,No,Two year,Yes,Bank transfer (automatic),90.32,7302.42,No
Female,1,Yes,No,56.0,Yes,No,Fiber optic,No,Yes,Yes,Yes,No,Yes,Two year,Yes,Bank transfer (automatic),89.64,4544.02,No
Male,0,Yes,No,66.0,Yes,Yes,Fiber optic,Yes,Yes,Yes,Yes,Yes,Yes,Two year,No,Bank transfer (automatic),118.3,8292.41,No
Female,0,Yes,Yes,61.0,Yes,Yes,Fiber optic,Yes,Yes,Yes,No,Yes,Yes,Two year,Yes,Credit card (automatic),104.79,6668.82,No
Female,0,Yes,Yes,72.0,Yes,Yes,Fiber optic,No,Yes,Yes,Yes,Yes,Yes,Two year,Yes,Bank transfer (automatic),113.69,8684.8,No
Male,1,Yes,No,71.0,Yes,Yes,Fiber optic,Yes,No,Yes,Yes,Yes,Yes,Two year,No,Credit card (automatic),118.75,8610.57,No
Female,0,Yes,No,66.0,Yes,Yes,Fiber optic,No,No,Yes,No,Yes,No,Two year,Yes,Credit card (automatic),102.15,6471.03,No
Male,0,No,Yes,60.0,Yes,Yes,Fiber optic,Yes,Yes,Yes,Yes,No,No,Two year,No,Bank transfer (automatic),94.4,5612.91,No
Male,0,No,Yes,55.0,Yes,Yes,Fiber optic,No,Yes,Yes,No,Yes,Yes,Two year,Yes,Bank transfer (automatic),105.12,5904.83,No
Male,0,Yes,Yes,72.0,Yes,Yes,Fiber optic,Yes,Yes,Yes,Yes,Yes,Yes,Two year,Yes,Electronic check,114.95,8684.8,No
Male,0,No,Yes,71.0,Yes,Yes,Fiber optic,Yes,Yes,Yes,No,Yes,No,Two year,Yes,Electronic check,107.0,7367.47,No
Female,0,Yes,No,72.0,Yes,Yes,Fiber optic,No,Yes,Yes,No,Yes,Yes,Two year,Yes,Credit card (automatic),101.69,7890.88,No
Male,0,No,No,64.0,Yes,No,Fiber optic,Yes,Yes,Yes,No,Yes,Yes,Two year,Yes,Electronic check,109.86,6721.29,No
Female,0,Yes,Yes,72.0,Yes,Yes,Fiber optic,Yes,Yes,Yes,Yes,Yes,Yes,Two year,Yes,Bank transfer (automatic),114.01,8684.8,No
Male,0,Yes,No,69.0,Yes,Yes,Fiber optic,Yes,Yes,Yes,Yes,Yes,Yes,Two year,Yes,Credit card (automatic),118.53,8020.96,No
Female,0,No,No,57.0,Yes,Yes,Fiber optic,Yes,Yes,Yes,Yes,Yes,Yes,Two year,Yes,Credit card (automatic),112.34,6346.33,No
Female,0,Yes,No,70.0,Yes,Yes,Fiber optic,Yes,Yes,Yes,No,Yes,Yes,Two year,Yes,Credit card (automatic),107.69,7600.71,No
Male,0,No,Yes,62.0,Yes,Yes,Fiber optic,No,Yes,Yes,Yes,Yes,Yes,Two year,Yes,Electronic check,118.75,7839.24,Yes
Male,0,No,Yes,53.0,Yes,Yes,Fiber optic,No,No,Yes,No,Yes,Yes,Two year,No,Electronic check,94.77,5028.08,No
Female,0,Yes,Yes,40.0,Yes,Yes,Fiber optic,No,No,Yes,Yes,No,Yes,Two year,No,Bank transfer (automatic),100.11,4464.02,No
Female,0,No,Yes,53.0,Yes,Yes,Fiber optic,No,No,Yes,Yes,Yes,Yes,Two year,Yes,Electronic check,97.69,5041.8,No
Female,1,Yes,No,72.0,Yes,Yes,Fiber optic,Yes,No,Yes,No,No,Yes,Two year,Yes,Credit card (automatic),100.74,8684.8,No
Male,1,No,Yes,69.0,Yes,Yes,Fiber optic,No,Yes,Yes,Yes,No,Yes,Two year,No,Credit card (automatic),100.26,7107.7,No
Female,1,Yes,No,59.0,Yes,Yes,Fiber optic,Yes,Yes,Yes,Yes,Yes,Yes,Two year,Yes,Mailed check,106.18,6359.04,No
Male,0,No,Yes,52.0,Yes,Yes,Fiber optic,Yes,No,Yes,Yes,Yes,Yes,Two year,No,Credit card (automatic),115.7,6039.39,No
Female,1,Yes,No,72.0,Yes,No,Fiber optic,Yes,Yes,Yes,Yes,Yes,No,Two year,Yes,Credit card (automatic),101.47,7497.81,No
Male,1,Yes,Yes,72.0,Yes,Yes,Fiber optic,Yes,Yes,Yes,Yes,Yes,Yes,Two year,Yes,Bank transfer (automatic),118.75,8684.8,No
Female,0,Yes,Yes,63.0,Yes,Yes,Fiber optic,No,Yes,Yes,Yes,Yes,Yes,Two year,No,Credit card (automatic),118.75,7798.78,No
Female,0,No,No,55.0,Yes,No,Fiber optic,Yes,No,Yes,Yes,Yes,Yes,Two year,Yes,Electronic check,101.98,5784.84,No
Female,0,No,No,44.0,Yes,No,Fiber optic,No,No,Yes,No,Yes,No,Two year,No,Mailed check,89.34,3793.66,No
Female,0,Yes,No,55.0,Yes,Yes,Fiber optic,No,Yes,No,No,Yes,No,Two year,No,Bank transfer (automatic),84.59,4368.49,No
Female,0,Yes,No,53.0,Yes,No,Fiber optic,Yes,Yes,Yes,No,Yes,Yes,Two year,Yes,Bank transfer (automatic),96.19,4980.22,No
Female,0,Yes,No,63.0,Yes,Yes,Fiber optic,No,Yes,Yes,Yes,Yes,Yes,Two year,Yes,Credit card (automatic),95.83,5730.65,No
Female,0,Yes,No,46.0,Yes,No,Fiber optic,No,No,Yes,Yes,Yes,Yes,Two year,No,Bank transfer (automatic),91.53,3864.04,No
Female,0,Yes,No,71.0,Yes,Yes,Fiber optic,Yes,Yes,Yes,Yes,Yes,Yes,Two year,Yes,Bank transfer (automatic),118.75,8528.58,No
Female,0,Yes,No,67.0,Yes,Yes,Fiber optic,Yes,Yes,Yes,Yes,Yes,Yes,Two year,Yes,Bank transfer (automatic),117.37,7766.6,No
Male,0,Yes,No,66.0,Yes,Yes,Fiber optic,Yes,Yes,Yes,Yes,No,No,Two year,No,Credit card (automatic),91.29,6128.54,No
Male,0,Yes,No,72.0,Yes,Yes,Fiber optic,No,Yes,Yes,Yes,Yes,Yes,Two year,Yes,Bank transfer (automatic),101.14,7653.7,No
Male,0,Yes,Yes,64.0,Yes,Yes,Fiber optic,Yes,Yes,Yes,No,No,Yes,Two year,Yes,Bank transfer (automatic),95.33,6000.03,No
Male,0,Yes,Yes,70.0,Yes,Yes,Fiber optic,No,Yes,Yes,Yes,No,Yes,Two year,Yes,Electronic check,103.85,7041.9,Yes
Female,0,No,Yes,54.0,Yes,No,Fiber optic,No,Yes,Yes,Yes,Yes,Yes,Two year,Yes,Credit card (automatic),94.73,5237.99,No
Male,0,Yes,No,70.0,Yes,Yes,Fiber optic,Yes,Yes,Yes,Yes,Yes,No,Two year,Yes,Credit card (automatic),99.36,6941.39,No
Female,0,Yes,No,59.0,Yes,Yes,Fiber optic,No,No,Yes,Yes,Yes,Yes,Two year,Yes,Bank transfer (automatic),95.21,5714.26,No
Male,0,Yes,No,63.0,Yes,Yes,Fiber optic,Yes,No,Yes,Yes,Yes,Yes,Two year,Yes,Electronic check,113.78,7336.61,No
Female,0,No,No,58.0,Yes,Yes,Fiber optic,No,No,Yes,Yes,Yes,Yes,Two year,Yes,Bank transfer (automatic),104.42,6066.9,No
Female,0,Yes,No,67.0,Yes,Yes,Fiber optic,Yes,Yes,Yes,Yes,Yes,Yes,Two year,No,Electronic check,113.09,7741.62,No
Male,0,Yes,Yes,66.0,Yes,No,Fiber optic,No,Yes,No,Yes,Yes,Yes,Two year,No,Mailed check,98.21,6283.66,No
Male,0,No,No,72.0,Yes,No,Fiber optic,Yes,Yes,Yes,No,Yes,Yes,Two year,Yes,Credit card (automatic),100.87,7824.17,No
Male,0,Yes,Yes,68.0,Yes,Yes,Fiber optic,Yes,No,Yes,No,No,Yes,Two year,No,Credit card (automatic),92.38,6216.38,No
Female,0,No,No,49.0,Yes,No,Fiber optic,No,No,Yes,Yes,No,Yes,Two year,Yes,Credit card (automatic),88.94,3964.49,No
Male,0,No,No,58.0,Yes,No,Fiber optic,Yes,No,Yes,No,No,Yes,Two year,No,Credit card (automatic),94.46,5606.59,No
Male,0,Yes,No,60.0,Yes,Yes,Fiber optic,Yes,Yes,Yes,Yes,Yes,Yes,Two year,Yes,Credit card (automatic),109.91,7074.43,No
Male,0,No,No,72.0,Yes,Yes,Fiber optic,No,Yes,Yes,Yes,Yes,Yes,Two year,Yes,Bank transfer (automatic),115.89,8684.8,No
Female,0,Yes,Yes,68.0,Yes,Yes,Fiber optic,Yes,Yes,Yes,No,Yes,No,Two year,Yes,Bank transfer (automatic),103.37,7257.25,No
Female,0,Yes,Yes,54.0,Yes,Yes,Fiber optic,No,Yes,Yes,Yes,Yes,Yes,Two year,No,Bank transfer (automatic),105.52,5611.07,No
Male,0,Yes,No,72.0,Yes,Yes,Fiber optic,Yes,Yes,Yes,Yes,Yes,Yes,Two year,Yes,Bank transfer (automatic),118.75,8684.8,No
Female,0,Yes,No,72.0,Yes,Yes,Fiber optic,Yes,Yes,Yes,Yes,Yes,Yes,Two year,Yes,Electronic check,118.13,8596.59,No
Female,0,Yes,No,70.0,Yes,No,Fiber optic,Yes,Yes,Yes,Yes,Yes,Yes,Two year,No,Bank transfer (automatic),103.51,7034.02,No
Male,0,Yes,No,63.0,Yes,Yes,Fiber optic,Yes,No,No,Yes,Yes,Yes,Two year,Yes,Credit card (automatic),103.87,6959.32,No
Female,0,Yes,No,67.0,Yes,Yes,Fiber optic,Yes,Yes,Yes,Yes,Yes,Yes,Two year,No,Bank transfer (automatic),118.75,7949.24,No
Female,0,Yes,No,69.0,Yes,Yes,Fiber optic,No,No,Yes,Yes,No,Yes,Two year,Yes,Electronic check,102.6,6831.94,No
Male,0,No,Yes,72.0,Yes,Yes,Fiber optic,Yes,No,Yes,Yes,Yes,Yes,Two year,Yes,Bank transfer (automatic),110.66,8445.12,No
Male,0,Yes,Yes,49.0,Yes,No,Fiber optic,No,No,No,No,Yes,No,Two year,Yes,Bank transfer (automatic),96.31,4647.13,No
Female,0,Yes,Yes,55.0,Yes,Yes,Fiber optic,No,Yes,Yes,Yes,Yes,Yes,Two year,No,Bank transfer (automatic),104.39,5841.55,No
Female,0,No,No,63.0,Yes,Yes,Fiber optic,No,Yes,Yes,Yes,Yes,Yes,Two year,Yes,Credit card (automatic),107.14,6974.47,No
Female,1,Yes,No,72.0,Yes,Yes,Fiber optic,No,Yes,Yes,Yes,Yes,Yes,Two year,Yes,Credit card (automatic),115.28,8528.91,No
Male,0,Yes,Yes,63.0,Yes,Yes,Fiber optic,No,No,Yes,Yes,No,Yes,Two year,No,Credit card (automatic),95.06,6149.28,No
Female,0,No,Yes,59.0,Yes,Yes,Fiber optic,Yes,Yes,Yes,Yes,No,Yes,Two year,No,Electronic check,97.96,5755.33,No
Female,0,No,No,72.0,Yes,Yes,Fiber optic,No,No,Yes,Yes,Yes,Yes,Two year,No,Bank transfer (automatic),105.99,8190.79,No
Female,0,Yes,No,72.0,Yes,Yes,Fiber optic,No,Yes,Yes,Yes,No,Yes,Two year,Yes,Bank transfer (automatic),100.36,7969.08,No
Female,0,Yes,No,72.0,Yes,Yes,Fiber optic,Yes,Yes,No,No,No,Yes,Two year,Yes,Bank transfer (automatic),93.32,6895.62,No
Female,0,Yes,Yes,65.0,Yes,Yes,Fiber optic,Yes,Yes,Yes,Yes,Yes,Yes,Two year,No,Bank transfer (automatic),114.31,7413.92,No
Male,0,Yes,Yes,72.0,Yes,Yes,Fiber optic,No,No,Yes,Yes,Yes,No,Two year,No,Credit card (automatic),95.39,6988.47,No
Male,0,Yes,Yes,54.0,Yes,No,Fiber optic,No,No,No,Yes,Yes,Yes,Two year,Yes,Electronic check,93.04,5103.13,No
Female,0,No,No,68.0,Yes,Yes,Fiber optic,Yes,Yes,No,Yes,Yes,Yes,Two year,Yes,Bank transfer (automatic),100.97,6785.62,No
Male,0,Yes,Yes,64.0,Yes,Yes,Fiber optic,No,Yes,Yes,Yes,No,Yes,Two year,Yes,Bank transfer (automatic),101.4,6653.23,No
Male,0,Yes,Yes,69.0,Yes,Yes,Fiber optic,No,Yes,No,Yes,No,No,Two year,Yes,Electronic check,93.37,6707.79,No
Male,0,Yes,Yes,56.0,Yes,Yes,Fiber optic,No,Yes,Yes,Yes,No,No,Two year,No,Bank transfer (automatic),99.2,5100.16,No
Male,0,Yes,No,69.0,Yes,Yes,Fiber optic,Yes,Yes,Yes,Yes,Yes,Yes,Two year,Yes,Bank transfer (automatic),110.28,7652.14,No
Male,0,Yes,Yes,40.0,Yes,No,Fiber optic,No,Yes,Yes,Yes,Yes,Yes,Two year,Yes,Bank transfer (automatic),95.79,3476.11,No
Female,1,Yes,Yes,67.0,Yes,Yes,Fiber optic,No,Yes,Yes,No,Yes,Yes,Two year,Yes,Electronic check,101.52,7029.55,No
Male,0,No,No,50.0,Yes,No,Fiber optic,Yes,Yes,Yes,No,Yes,Yes,Two year,No,Credit card (automatic),101.49,4954.75,No
Female,0,Yes,Yes,66.0,Yes,No,Fiber optic,No,Yes,Yes,Yes,No,No,Two year,No,Bank transfer (automatic),92.59,6295.74,No
Female,0,Yes,No,72.0,Yes,No,Fiber optic,Yes,Yes,Yes,Yes,Yes,Yes,Two year,Yes,Bank transfer (automatic),113.78,8171.55,No
Male,0,Yes,No,66.0,Yes,No,Fiber optic,Yes,No,Yes,Yes,Yes,Yes,Two year,No,Electronic check,101.76,7037.29,No
Male,0,Yes,Yes,62.0,Yes,Yes,Fiber optic,Yes,Yes,Yes,Yes,Yes,Yes,Two year,Yes,Mailed check,113.46,7099.83,No
Male,1,Yes,No,72.0,Yes,Yes,Fiber optic,Yes,Yes,Yes,Yes,Yes,Yes,Two year,Yes,Bank transfer (automatic),118.75,8684.8,No
Female,1,Yes,No,72.0,Yes,Yes,Fiber optic,Yes,Yes,No,Yes,Yes,No,Two year,Yes,Bank transfer (automatic),97.2,7412.9,No
Female,1,Yes,No,57.0,Yes,Yes,Fiber optic,Yes,No,Yes,Yes,Yes,No,Two year,Yes,Credit card (automatic),113.92,6698.51,No
Male,1,Yes,No,72.0,Yes,Yes,Fiber optic,Yes,Yes,Yes,No,Yes,Yes,Two year,Yes,Bank transfer (automatic),115.33,8684.8,No
Male,0,Yes,Yes,72.0,Yes,Yes,Fiber optic,Yes,Yes,No,Yes,Yes,Yes,Two year,Yes,Bank transfer (automatic),106.85,8684.8,No
Female,1,Yes,Yes,72.0,Yes,Yes,Fiber optic,Yes,Yes,Yes,No,Yes,Yes,Two year,Yes,Credit card (automatic),107.31,8221.28,No
Male,0,Yes,Yes,72.0,Yes,Yes,Fiber optic,Yes,Yes,Yes,Yes,Yes,No,Two year,No,Credit card (automatic),106.4,7917.26,No
Male,0,Yes,No,72.0,Yes,Yes,Fiber optic,Yes,No,Yes,Yes,Yes,Yes,Two year,No,Credit card (automatic),109.66,8578.83,No
Female,0,Yes,Yes,72.0,Yes,Yes,Fiber optic,Yes,Yes,No,No,Yes,Yes,Two year,Yes,Bank transfer (automatic),111.05,8684.8,No
Male,0,Yes,Yes,53.0,Yes,No,Fiber optic,No,No,Yes,Yes,Yes,Yes,Two year,No,Electronic check,101.26,5025.66,No
Male,1,Yes,Yes,64.0,Yes,Yes,Fiber optic,Yes,Yes,Yes,Yes,Yes,Yes,Two year,Yes,Credit card (automatic),111.38,7024.37,No
Female,0,No,No,64.0,Yes,Yes,Fiber optic,Yes,Yes,Yes,Yes,Yes,Yes,Two year,No,Bank transfer (automatic),116.57,7682.55,No
Female,0,Yes,No,72.0,Yes,Yes,Fiber optic,Yes,Yes,Yes,Yes,Yes,Yes,Two year,Yes,Bank transfer (automatic),117.32,8684.8,No
Female,0,Yes,No,66.0,Yes,Yes,Fiber optic,No,Yes,Yes,Yes,Yes,Yes,Two year,No,Bank transfer (automatic),118.75,8234.49,No
Male,1,Yes,No,67.0,Yes,Yes,Fiber optic,Yes,Yes,No,No,Yes,Yes,Two year,Yes,Electronic check,95.34,6519.66,No
Female,0,Yes,No,70.0,Yes,Yes,Fiber optic,Yes,Yes,No,Yes,Yes,No,Two year,Yes,Credit card (automatic),100.64,7264.77,No
Male,1,Yes,Yes,48.0,Yes,No,Fiber optic,No,No,Yes,Yes,Yes,No,Two year,Yes,Bank transfer (automatic),85.62,3507.8,No
Female,1,Yes,Yes,60.0,Yes,Yes,Fiber optic,Yes,Yes,Yes,Yes,Yes,Yes,Two year,No,Bank transfer (automatic),118.75,7282.45,No
Female,0,Yes,Yes,72.0,Yes,Yes,Fiber optic,Yes,Yes,Yes,Yes,Yes,Yes,Two year,Yes,Electronic check,105.67,8684.8,No
Male,0,No,Yes,71.0,Yes,Yes,Fiber optic,Yes,No,Yes,Yes,Yes,Yes,Two year,Yes,Electronic check,117.11,8250.37,No
Male,0,Yes,No,54.0,Yes,Yes,Fiber optic,No,Yes,Yes,No,Yes,Yes,Two year,No,Credit card (automatic),111.05,6157.57,No
Female,0,Yes,No,51.0,Yes,Yes,Fiber optic,No,No,Yes,Yes,No,Yes,Two year,No,Credit card (automatic),96.54,4978.1,No
Male,0,Yes,No,72.0,Yes,Yes,Fiber optic,Yes,Yes,Yes,Yes,Yes,Yes,Two year,Yes,Bank transfer (automatic),112.83,7792.33,No
Male,0,Yes,Yes,53.0,Yes,No,Fiber optic,No,Yes,Yes,Yes,No,No,Two year,No,Bank transfer (automatic),96.3,5149.88,No
Male,1,Yes,Yes,47.0,Yes,No,Fiber optic,No,Yes,No,Yes,Yes,Yes,Two year,Yes,Bank transfer (automatic),102.49,4567.29,No
Female,0,Yes,No,72.0,Yes,Yes,Fiber optic,Yes,Yes,Yes,Yes,Yes,Yes,Two year,Yes,Mailed check,118.41,8684.8,No
Male,0,Yes,No,65.0,Yes,Yes,Fiber optic,Yes,Yes,Yes,Yes,Yes,No,Two year,Yes,Credit card (automatic),107.97,7113.81,No
Female,0,Yes,No,58.0,Yes,Yes,Fiber optic,Yes,Yes,Yes,Yes,No,Yes,Two year,No,Credit card (automatic),101.99,5766.0,No
Male,1,No,Yes,50.0,Yes,No,Fiber optic,No,No,Yes,No,Yes,Yes,Two year,Yes,Credit card (automatic),87.68,4413.51,No
Female,0,Yes,No,59.0,Yes,No,Fiber optic,No,Yes,Yes,Yes,Yes,Yes,Two year,Yes,Credit card (automatic),104.05,6023.08,No
Male,0,Yes,No,55.0,Yes,No,Fiber optic,Yes,No,Yes,No,Yes,Yes,Two year,No,Bank transfer (automatic),104.71,5945.98,No
Female,0,Yes,No,71.0,Yes,Yes,Fiber optic,Yes,No,Yes,No,Yes,Yes,Two year,No,Bank transfer (automatic),104.8,6799.77,No
Female,0,No,No,57.0,Yes,Yes,Fiber optic,No,Yes,Yes,Yes,Yes,Yes,Two year,Yes,Bank transfer (automatic),111.23,6497.97,No
Female,0,No,No,46.0,Yes,No,Fiber optic,No,Yes,No,Yes,Yes,Yes,Two year,Yes,Bank transfer (automatic),96.51,4098.94,No
Male,0,Yes,No,68.0,Yes,No,Fiber optic,No,Yes,No,Yes,Yes,Yes,Two year,Yes,Credit card (automatic),97.45,6619.96,No
Female,0,Yes,Yes,71.0,Yes,No,Fiber optic,Yes,Yes,Yes,Yes,Yes,No,Two year,No,Credit card (automatic),103.11,7278.45,No
Male,1,Yes,Yes,66.0,Yes,No,Fiber optic,No,Yes,No,Yes,Yes,Yes,Two year,Yes,Credit card (automatic),101.21,6756.75,No
Male,0,Yes,No,66.0,Yes,Yes,Fiber optic,No,No,No,Yes,No,No,Two year,Yes,Bank transfer (automatic),90.88,6095.43,No
Female,0,No,Yes,66.0,Yes,Yes,Fiber optic,Yes,Yes,Yes,Yes,Yes,No,Two year,Yes,Credit card (automatic),107.44,6683.46,No
Male,0,Yes,Yes,64.0,Yes,Yes,Fiber optic,No,Yes,Yes,No,Yes,Yes,Two year,No,Credit card (automatic),107.74,6545.76,No
Female,0,Yes,No,70.0,Yes,Yes,Fiber optic,Yes,Yes,Yes,Yes,Yes,Yes,Two year,Yes,Bank transfer (automatic),115.26,8103.79,No
Female,0,Yes,Yes,72.0,Yes,Yes,Fiber optic,Yes,Yes,Yes,Yes,Yes,Yes,Two year,Yes,Credit card (automatic),116.18,8684.8,No
Male,0,Yes,Yes,72.0,Yes,No,Fiber optic,No,Yes,Yes,Yes,Yes,Yes,Two year,Yes,Electronic check,105.04,7848.99,No
Female,0,Yes,No,72.0,Yes,Yes,Fiber optic,Yes,Yes,Yes,No,No,No,Two year,Yes,Bank transfer (automatic),105.34,8511.34,No
Male,0,No,No,70.0,Yes,Yes,Fiber optic,Yes,Yes,Yes,Yes,Yes,Yes,Two year,Yes,Electronic check,116.5,8186.56,No
Female,1,Yes,No,44.0,Yes,No,Fiber optic,Yes,Yes,Yes,Yes,Yes,No,Two year,Yes,Credit card (automatic),104.64,4852.45,No
Male,0,Yes,Yes,72.0,Yes,Yes,Fiber optic,Yes,Yes,Yes,Yes,Yes,Yes,Two year,No,Credit card (automatic),100.47,7250.7,No
Male,0,Yes,No,68.0,Yes,Yes,Fiber optic,No,Yes,No,No,Yes,Yes,Two year,Yes,Bank transfer (automatic),106.62,7410.4,No
Female,1,Yes,No,72.0,Yes,No,Fiber optic,Yes,No,No,Yes,Yes,Yes,Two year,Yes,Bank transfer (automatic),95.84,7728.83,Yes
Male,0,No,No,47.0,Yes,No,Fiber optic,No,Yes,Yes,Yes,Yes,Yes,Two year,Yes,Electronic check,111.16,5752.32,No
Female,0,Yes,Yes,72.0,Yes,Yes,Fiber optic,Yes,No,Yes,No,Yes,No,Two year,Yes,Electronic check,101.71,8228.16,No
Female,0,No,No,62.0,Yes,Yes,Fiber optic,Yes,Yes,No,No,Yes,Yes,Two year,Yes,Credit card (automatic),105.24,6475.04,No
Male,1,Yes,No,46.0,Yes,Yes,Fiber optic,No,No,Yes,Yes,Yes,Yes,Two year,Yes,Electronic check,117.03,5872.51,No
Female,1,Yes,No,55.0,Yes,Yes,Fiber optic,No,Yes,Yes,Yes,No,No,Two year,Yes,Electronic check,96.06,5316.13,No
Male,0,Yes,Yes,60.0,Yes,Yes,Fiber optic,No,Yes,Yes,Yes,No,Yes,Two year,Yes,Credit card (automatic),96.03,5817.27,No
Male,0,Yes,Yes,66.0,Yes,Yes,Fiber optic,Yes,Yes,Yes,Yes,Yes,Yes,Two year,Yes,Credit card (automatic),118.75,7893.25,No
Male,0,No,No,67.0,Yes,Yes,Fiber optic,No,No,Yes,Yes,Yes,Yes,Two year,Yes,Bank transfer (automatic),103.76,7126.5,No
Female,0,No,No,72.0,Yes,Yes,Fiber optic,Yes,Yes,Yes,Yes,Yes,Yes,Two year,No,Credit card (automatic),110.64,8684.8,No
Female,0,Yes,Yes,55.0,Yes,No,Fiber optic,Yes,Yes,Yes,Yes,Yes,Yes,Two year,Yes,Credit card (automatic),97.1,5539.23,No
Male,0,No,No,69.0,Yes,Yes,Fiber optic,Yes,Yes,Yes,Yes,Yes,Yes,Two year,Yes,Credit card (automatic),108.83,7722.24,No
Male,0,Yes,No,56.0,Yes,Yes,Fiber optic,Yes,Yes,Yes,No,Yes,Yes,Two year,Yes,Electronic check,102.93,5619.67,No
Male,0,Yes,Yes,52.0,Yes,Yes,Fiber optic,No,Yes,Yes,No,Yes,No,Two year,Yes,Credit card (automatic),98.32,5057.43,No
Female,1,Yes,No,72.0,Yes,Yes,Fiber optic,No,No,No,No,No,Yes,Two year,Yes,Credit card (automatic),94.53,6514.71,No
Female,0,No,No,72.0,Yes,Yes,Fiber optic,Yes,Yes,Yes,Yes,Yes,Yes,Two year,Yes,Electronic check,111.36,8684.8,Yes
Male,0,No,Yes,60.0,Yes,Yes,Fiber optic,Yes,No,Yes,Yes,Yes,Yes,Two year,Yes,Credit card (automatic),101.86,6211.6,No
Male,0,No,No,66.0,Yes,Yes,Fiber optic,Yes,Yes,Yes,Yes,Yes,Yes,Two year,Yes,Electronic check,118.75,7996.3,No
Female,1,Yes,No,64.0,Yes,Yes,Fiber optic,No,No,No,No,Yes,No,Two year,Yes,Credit card (automatic),92.59,5993.5,No
Male,0,Yes,No,66.0,Yes,Yes,Fiber optic,Yes,Yes,Yes,Yes,Yes,Yes,Two year,Yes,Credit card (automatic),118.67,7820.89,No
Male,0,Yes,No,57.0,Yes,Yes,Fiber optic,No,Yes,No,No,Yes,Yes,Two year,Yes,Bank transfer (automatic),95.69,5567.16,No
Female,0,Yes,No,55.0,Yes,Yes,Fiber optic,Yes,No,Yes,Yes,Yes,Yes,Two year,Yes,Credit card (automatic),108.52,6029.76,No
Female,0,Yes,Yes,65.0,Yes,Yes,Fiber optic,No,Yes,Yes,Yes,Yes,Yes,Two year,Yes,Electronic check,106.66,7010.26,No
Male,0,No,Yes,64.0,Yes,Yes,Fiber optic,Yes,No,Yes,No,Yes,Yes,Two year,Yes,Bank transfer (automatic),103.88,6416.55,No
Female,0,Yes,No,72.0,Yes,Yes,Fiber optic,Yes,No,Yes,Yes,Yes,Yes,Two year,No,Bank transfer (automatic),113.56,8231.81,No
Female,0,Yes,No,72.0,Yes,Yes,Fiber optic,Yes,Yes,Yes,Yes,Yes,Yes,Two year,No,Bank transfer (automatic),116.42,8684.8,No
Female,0,Yes,Yes,72.0,Yes,Yes,Fiber optic,Yes,No,Yes,Yes,Yes,Yes,Two year,Yes,Credit card (automatic),107.57,8658.84,No
Female,0,Yes,Yes,63.0,Yes,Yes,Fiber optic,Yes,Yes,Yes,Yes,No,Yes,Two year,Yes,Bank transfer (automatic),107.37,7099.39,Yes
Female,0,No,Yes,60.0,Yes,No,Fiber optic,No,Yes,Yes,Yes,Yes,No,Two year,Yes,Credit card (automatic),104.16,6354.04,No
Female,0,Yes,No,64.0,Yes,No,Fiber optic,Yes,Yes,No,No,No,No,Two year,No,Bank transfer (automatic),83.08,5236.33,No
Female,0,No,No,68.0,Yes,Yes,Fiber optic,Yes,Yes,Yes,Yes,No,Yes,Two year,No,Bank transfer (automatic),101.94,6828.6,Yes
Male,0,Yes,Yes,72.0,Yes,Yes,Fiber optic,Yes,No,Yes,Yes,Yes,Yes,Two year,Yes,Credit card (automatic),111.22,7861.18,No
Female,0,No,No,48.0,Yes,No,Fiber optic,No,No,No,Yes,Yes,Yes,Two year,No,Mailed check,88.52,4542.06,No
Male,1,Yes,Yes,72.0,Yes,Yes,Fiber optic,No,No,No,No,Yes,Yes,Two year,Yes,Bank transfer (automatic),91.06,7890.47,No
Male,0,Yes,No,72.0,Yes,Yes,Fiber optic,Yes,Yes,Yes,No,No,Yes,Two year,Yes,Credit card (automatic),94.6,6867.12,No
Male,0,Yes,Yes,72.0,Yes,Yes,Fiber optic,No,Yes,Yes,Yes,Yes,Yes,Two year,Yes,Credit card (automatic),107.32,8527.59,No
Female,0,Yes,Yes,67.0,Yes,Yes,Fiber optic,Yes,Yes,Yes,Yes,Yes,Yes,Two year,Yes,Electronic check,117.84,7753.22,No
Female,1,Yes,No,69.0,Yes,Yes,Fiber optic,Yes,Yes,Yes,No,Yes,Yes,Two year,Yes,Credit card (automatic),117.21,8157.86,No
Male,0,Yes,No,72.0,Yes,Yes,Fiber optic,Yes,No,Yes,Yes,Yes,Yes,Two year,Yes,Credit card (automatic),118.75,8684.8,No
Male,0,No,No,49.0,Yes,No,Fiber optic,No,No,Yes,Yes,Yes,Yes,Two year,Yes,Electronic check,102.58,5146.08,No
Female,0,No,No,54.0,Yes,Yes,Fiber optic,No,No,Yes,No,Yes,No,Two year,Yes,Bank transfer (automatic),84.99,4525.85,No
Male,0,No,Yes,67.0,Yes,No,Fiber optic,Yes,Yes,Yes,Yes,Yes,Yes,Two year,Yes,Credit card (automatic),117.41,7594.47,No
Female,0,Yes,Yes,46.0,Yes,No,Fiber optic,Yes,Yes,Yes,Yes,Yes,Yes,Two year,Yes,Electronic check,104.35,5161.01,No
Female,0,No,Yes,62.0,Yes,Yes,Fiber optic,Yes,No,Yes,Yes,Yes,Yes,Two year,No,Credit card (automatic),118.56,7567.7,No
Male,0,Yes,Yes,72.0,Yes,Yes,Fiber optic,Yes,No,Yes,No,Yes,Yes,Two year,No,Credit card (automatic),99.59,8173.92,No
Male,0,No,Yes,67.0,Yes,Yes,Fiber optic,No,No,Yes,No,Yes,Yes,Two year,No,Bank transfer (automatic),96.11,6913.74,No
Male,0,Yes,Yes,72.0,Yes,Yes,Fiber optic,Yes,Yes,Yes,Yes,Yes,Yes,Two year,Yes,Electronic check,113.85,8684.8,No
Female,0,Yes,Yes,72.0,Yes,Yes,Fiber optic,Yes,Yes,Yes,Yes,Yes,Yes,Two year,No,Electronic check,110.54,8039.86,No
Male,0,Yes,No,56.0,Yes,Yes,Fiber optic,No,No,Yes,No,No,No,Two year,Yes,Bank transfer (automatic),94.14,5520.51,No
Female,0,No,No,63.0,Yes,Yes,Fiber optic,Yes,Yes,Yes,Yes,Yes,Yes,Two year,No,Electronic check,113.58,7411.16,No
Female,0,Yes,Yes,72.0,Yes,Yes,Fiber optic,Yes,Yes,Yes,Yes,No,Yes,Two year,Yes,Bank transfer (automatic),97.01,7678.32,No
Male,0,Yes,No,72.0,Yes,Yes,Fiber optic,Yes,No,No,Yes,Yes,Yes,Two year,Yes,Electronic check,110.62,8684.8,No
Female,1,No,No,62.0,Yes,Yes,Fiber optic,Yes,Yes,Yes,Yes,No,No,Two year,Yes,Credit card (automatic),102.78,6135.38,No
Male,0,Yes,Yes,72.0,Yes,Yes,Fiber optic,Yes,Yes,Yes,No,No,Yes,Two year,No,Bank transfer (automatic),103.43,8393.57,No
Male,0,Yes,No,72.0,Yes,Yes,Fiber optic,No,No,Yes,No,Yes,Yes,Two year,No,Electronic check,103.81,7735.77,No
Male,0,Yes,No,60.0,Yes,Yes,Fiber optic,No,Yes,Yes,Yes,Yes,Yes,Two year,Yes,Bank transfer (automatic),118.75,7892.83,Yes
Female,0,Yes,No,51.0,Yes,Yes,Fiber optic,Yes,Yes,Yes,Yes,Yes,Yes,Two year,No,Mailed check,111.12,5787.3,No
Female,0,No,Yes,56.0,Yes,No,Fiber optic,Yes,Yes,Yes,Yes,Yes,Yes,Two year,Yes,Credit card (automatic),106.07,5949.16,Yes
Female,0,Yes,Yes,70.0,Yes,Yes,Fiber optic,No,No,No,No,Yes,No,Two year,No,Credit card (automatic),81.86,5711.73,No
Female,1,No,No,72.0,Yes,Yes,Fiber optic,Yes,Yes,Yes,Yes,Yes,Yes,Two year,Yes,Bank transfer (automatic),118.75,8684.8,No
Female,0,Yes,No,72.0,Yes,Yes,Fiber optic,Yes,Yes,Yes,No,No,No,Two year,No,Bank transfer (automatic),87.13,7076.53,Yes
Male,0,Yes,Yes,39.0,Yes,No,Fiber optic,No,No,No,Yes,No,No,Two year,No,Credit card (automatic),78.28,2574.08,No
Female,0,Yes,Yes,72.0,Yes,Yes,Fiber optic,Yes,Yes,Yes,Yes,Yes,Yes,Two year,No,Electronic check,118.75,8684.8,No
Male,0,Yes,No,72.0,Yes,No,Fiber optic,No,Yes,Yes,Yes,Yes,Yes,Two year,Yes,Electronic check,103.64,8449.78,No
Female,0,No,No,72.0,Yes,Yes,Fiber optic,No,Yes,Yes,No,Yes,Yes,Two year,No,Bank transfer (automatic),103.22,7215.96,Yes
Female,0,Yes,Yes,71.0,Yes,Yes,Fiber optic,No,Yes,Yes,Yes,Yes,Yes,Two year,No,Electronic check,116.0,8148.05,No
Female,1,Yes,No,72.0,Yes,No,Fiber optic,Yes,No,No,No,No,Yes,Two year,Yes,Electronic check,85.81,6507.94,No
Male,0,No,No,70.0,Yes,No,Fiber optic,No,No,No,Yes,Yes,Yes,Two year,Yes,Mailed check,106.08,7709.26,Yes
Male,0,Yes,No,69.0,Yes,Yes,Fiber optic,No,Yes,Yes,Yes,Yes,Yes,Two year,Yes,Bank transfer (automatic),103.83,7139.09,No
Male,0,Yes,No,57.0,Yes,Yes,Fiber optic,No,No,Yes,No,Yes,Yes,Two year,Yes,Bank transfer (automatic),101.99,5506.67,No
Male,1,Yes,No,66.0,Yes,No,Fiber optic,Yes,No,Yes,Yes,Yes,Yes,Two year,Yes,Credit card (automatic),113.26,7717.24,No
Female,0,Yes,Yes,72.0,Yes,Yes,Fiber optic,No,Yes,Yes,No,Yes,Yes,Two year,Yes,Electronic check,106.4,7932.9,No
Female,0,No,No,60.0,Yes,Yes,Fiber optic,Yes,Yes,Yes,Yes,Yes,Yes,Two year,Yes,Electronic check,117.85,7459.82,No
Female,0,No,No,52.0,Yes,No,Fiber optic,Yes,Yes,Yes,Yes,Yes,Yes,Two year,No,Electronic check,105.15,5489.49,No
Male,1,Yes,Yes,72.0,Yes,Yes,Fiber optic,Yes,Yes,Yes,Yes,Yes,Yes,Two year,Yes,Credit card (automatic),118.75,8633.16,No
Female,1,No,No,54.0,Yes,Yes,Fiber optic,Yes,Yes,No,Yes,Yes,Yes,Two year,Yes,Bank transfer (automatic),110.47,6097.38,No
Male,0,Yes,No,71.0,Yes,Yes,Fiber optic,Yes,Yes,Yes,Yes,No,Yes,Two year,Yes,Credit card (automatic),103.05,7223.06,No
Male,0,Yes,No,70.0,Yes,Yes,Fiber optic,Yes,Yes,Yes,Yes,Yes,Yes,Two year,No,Credit card (automatic),112.27,8107.24,No
Female,0,Yes,No,69.0,Yes,Yes,Fiber optic,Yes,No,Yes,No,No,No,Two year,No,Electronic check,96.27,6983.9,Yes
Female,0,Yes,No,72.0,Yes,Yes,Fiber optic,Yes,No,No,No,Yes,No,Two year,No,Bank transfer (automatic),91.45,6423.44,No
Female,1,Yes,Yes,72.0,Yes,Yes,Fiber optic,Yes,No,Yes,Yes,Yes,Yes,Two year,Yes,Bank transfer (automatic),112.6,8684.8,No
Female,0,Yes,Yes,72.0,Yes,Yes,Fiber optic,Yes,Yes,Yes,No,Yes,No,Two year,Yes,Credit card (automatic),106.85,8458.0,No
Male,0,Yes,Yes,55.0,Yes,Yes,Fiber optic,No,Yes,Yes,Yes,Yes,Yes,Two year,No,Electronic check,118.75,7001.59,No
Male,0,Yes,No,61.0,Yes,Yes,Fiber optic,Yes,Yes,Yes,No,Yes,No,Two year,Yes,Credit card (automatic),100.6,5993.97,No
Female,1,Yes,No,72.0,Yes,Yes,Fiber optic,Yes,Yes,Yes,No,Yes,Yes,Two year,Yes,Credit card (automatic),113.29,8684.8,No
Female,0,Yes,Yes,64.0,Yes,Yes,Fiber optic,No,Yes,Yes,Yes,Yes,Yes,Two year,Yes,Bank transfer (automatic),109.38,6721.36,No
Male,0,No,No,58.0,Yes,Yes,Fiber optic,Yes,Yes,Yes,No,Yes,Yes,Two year,Yes,Bank transfer (automatic),97.77,5319.43,No
Female,0,Yes,No,72.0,Yes,Yes,Fiber optic,Yes,Yes,Yes,Yes,Yes,Yes,Two year,Yes,Credit card (automatic),116.58,8665.06,No
Female,0,Yes,No,72.0,Yes,Yes,Fiber optic,No,Yes,Yes,Yes,Yes,Yes,Two year,No,Credit card (automatic),115.32,8684.8,No
Male,0,Yes,No,72.0,Yes,Yes,Fiber optic,Yes,Yes,Yes,Yes,Yes,Yes,Two year,Yes,Bank transfer (automatic),113.4,8485.31,No
Male,0,Yes,No,61.0,Yes,Yes,Fiber optic,No,No,No,No,Yes,Yes,Two year,Yes,Credit card (automatic),98.25,5926.28,No
Female,0,Yes,Yes,66.0,Yes,Yes,Fiber optic,Yes,Yes,Yes,No,Yes,Yes,Two year,Yes,Bank transfer (automatic),109.21,7055.11,No
Male,0,Yes,No,65.0,Yes,Yes,Fiber optic,No,Yes,No,No,Yes,Yes,Two year,Yes,Electronic check,107.33,7032.14,No
Female,0,Yes,No,69.0,Yes,Yes,Fiber optic,No,Yes,Yes,Yes,Yes,Yes,Two year,Yes,Bank transfer (automatic),113.47,7979.61,No
Female,1,Yes,No,49.0,Yes,Yes,Fiber optic,No,Yes,Yes,No,Yes,No,Two year,Yes,Credit card (automatic),94.25,4595.3,No
Male,0,No,No,42.0,Yes,No,Fiber optic,Yes,No,Yes,No,No,Yes,Two year,Yes,Credit card (automatic),96.47,4200.15,No
Male,0,Yes,No,67.0,Yes,No,Fiber optic,Yes,No,No,No,Yes,Yes,Two year,Yes,Electronic check,95.87,6216.03,No
Male,0,Yes,No,63.0,Yes,Yes,Fiber optic,Yes,Yes,Yes,Yes,Yes,Yes,Two year,Yes,Bank transfer (automatic),117.2,7405.98,No
Female,0,Yes,No,71.0,Yes,Yes,Fiber optic,Yes,Yes,Yes,Yes,Yes,Yes,Two year,Yes,Electronic check,118.75,8684.8,No
Female,0,Yes,No,72.0,Yes,Yes,Fiber optic,Yes,Yes,Yes,No,Yes,Yes,Two year,Yes,Credit card (automatic),114.42,8684.8,No
Male,0,No,No,47.0,Yes,Yes,Fiber optic,No,No,Yes,No,No,Yes,Two year,No,Electronic check,89.34,4102.74,Yes
Male,0,No,No,69.0,Yes,Yes,Fiber optic,Yes,Yes,Yes,Yes,Yes,Yes,Two year,Yes,Bank transfer (automatic),113.74,8035.08,No
Female,0,No,Yes,68.0,Yes,Yes,Fiber optic,Yes,Yes,Yes,Yes,Yes,Yes,Two year,Yes,Bank transfer (automatic),114.58,7659.94,No
Male,1,No,Yes,53.0,Yes,No,Fiber optic,No,No,Yes,No,Yes,No,Two year,No,Bank transfer (automatic),86.7,4658.78,No
Male,0,Yes,Yes,61.0,Yes,Yes,Fiber optic,Yes,Yes,Yes,No,Yes,Yes,Two year,No,Electronic check,104.08,6513.11,No
Female,0,No,No,56.0,Yes,Yes,Fiber optic,Yes,Yes,Yes,Yes,Yes,Yes,Two year,No,Mailed check,117.19,6818.82,No
Male,0,No,No,50.0,Yes,Yes,Fiber optic,Yes,Yes,Yes,No,Yes,No,Two year,No,Electronic check,89.56,4047.19,No
Male,1,Yes,No,71.0,Yes,No,Fiber optic,No,Yes,Yes,Yes,No,Yes,Two year,Yes,Electronic check,95.92,7016.92,No
Male,0,Yes,Yes,72.0,Yes,Yes,Fiber optic,Yes,Yes,Yes,Yes,Yes,Yes,Two year,No,Credit card (automatic),99.0,7595.48,No
Male,0,Yes,No,47.0,Yes,No,Fiber optic,No,Yes,No,No,No,No,Two year,Yes,Credit card (automatic),75.46,3256.99,No
Male,1,Yes,No,59.0,Yes,No,Fiber optic,Yes,Yes,Yes,No,Yes,Yes,Two year,Yes,Bank transfer (automatic),101.79,5692.56,No
Male,1,No,Yes,68.0,Yes,Yes,Fiber optic,No,No,Yes,No,Yes,Yes,Two year,Yes,Bank transfer (automatic),112.99,7848.4,Yes
Male,0,Yes,Yes,47.0,Yes,Yes,Fiber optic,No,Yes,Yes,No,Yes,Yes,Two year,No,Credit card (automatic),98.67,4654.51,No
Male,0,Yes,Yes,67.0,Yes,No,Fiber optic,No,Yes,Yes,Yes,Yes,No,Two year,Yes,Bank transfer (automatic),107.77,7115.59,No
Male,0,Yes,Yes,71.0,Yes,Yes,Fiber optic,Yes,Yes,Yes,Yes,Yes,No,Two year,No,Credit card (automatic),102.17,7543.9,No
Female,1,No,No,67.0,Yes,Yes,Fiber optic,Yes,Yes,Yes,Yes,Yes,Yes,Two year,No,Credit card (automatic),113.03,7628.26,No
Male,0,Yes,No,62.0,Yes,Yes,Fiber optic,No,Yes,No,Yes,No,No,Two year,No,Bank transfer (automatic),78.82,4816.2,No
Male,0,Yes,Yes,63.0,Yes,No,Fiber optic,No,No,Yes,No,No,Yes,Two year,No,Electronic check,96.85,5874.51,No
Female,0,Yes,No,61.0,Yes,Yes,Fiber optic,No,No,Yes,No,Yes,No,Two year,Yes,Bank transfer (automatic),94.41,5477.82,No
Female,0,Yes,Yes,70.0,Yes,Yes,Fiber optic,Yes,Yes,Yes,Yes,Yes,Yes,Two year,Yes,Credit card (automatic),118.13,8406.25,No
Male,1,Yes,No,67.0,Yes,No,Fiber optic,No,Yes,Yes,Yes,No,Yes,Two year,Yes,Electronic check,104.22,7095.01,No
Male,0,Yes,No,62.0,Yes,Yes,Fiber optic,No,Yes,No,Yes,Yes,Yes,Two year,Yes,Electronic check,109.04,6883.11,No
Male,0,No,No,72.0,Yes,Yes,Fiber optic,Yes,No,No,Yes,No,Yes,Two year,Yes,Bank transfer (automatic),99.45,8233.66,No
Male,0,Yes,No,49.0,Yes,Yes,Fiber optic,No,No,Yes,Yes,Yes,Yes,Two year,No,Credit card (automatic),113.68,5799.07,No
Male,0,No,Yes,57.0,Yes,No,Fiber optic,No,Yes,No,Yes,No,Yes,Two year,Yes,Credit card (automatic),97.97,5630.33,No
Female,0,Yes,No,65.0,Yes,Yes,Fiber optic,Yes,Yes,Yes,Yes,No,Yes,Two year,Yes,Bank transfer (automatic),106.62,6849.94,No
Female,0,Yes,Yes,67.0,Yes,Yes,Fiber optic,Yes,Yes,Yes,No,Yes,Yes,Two year,Yes,Credit card (automatic),105.59,6952.24,No
Female,1,Yes,No,71.0,Yes,Yes,Fiber optic,No,Yes,Yes,No,No,Yes,Two year,Yes,Bank transfer (automatic),91.66,6338.47,No
Female,0,Yes,Yes,66.0,Yes,Yes,Fiber optic,Yes,No,Yes,Yes,Yes,Yes,Two year,Yes,Electronic check,105.53,6900.18,No
Male,0,Yes,Yes,62.0,Yes,No,Fiber optic,No,No,Yes,No,Yes,Yes,Two year,Yes,Bank transfer (automatic),98.17,6287.11,No
Male,0,Yes,Yes,50.0,Yes,No,Fiber optic,Yes,No,Yes,Yes,No,Yes,Two year,Yes,Credit card (automatic),102.37,5296.14,Yes
Female,0,No,No,41.0,Yes,No,Fiber optic,No,No,Yes,Yes,Yes,Yes,Two year,Yes,Bank transfer (automatic),105.56,4922.83,No
Female,0,Yes,Yes,62.0,Yes,Yes,Fiber optic,No,Yes,Yes,Yes,Yes,Yes,Two year,Yes,Electronic check,118.75,7658.75,No
Male,0,No,No,58.0,Yes,Yes,Fiber optic,Yes,Yes,Yes,No,No,Yes,Two year,Yes,Bank transfer (automatic),104.33,6298.97,No
Male,0,Yes,No,68.0,Yes,No,Fiber optic,Yes,Yes,Yes,No,Yes,Yes,Two year,No,Bank transfer (automatic),106.71,7255.88,No
Female,0,Yes,No,50.0,Yes,No,Fiber optic,Yes,No,Yes,Yes,Yes,Yes,Two year,No,Credit card (automatic),116.48,5957.94,No
Male,0,Yes,Yes,62.0,Yes,Yes,Fiber optic,Yes,Yes,No,Yes,Yes,No,Two year,Yes,Bank transfer (automatic),102.13,6118.59,No
Female,0,No,No,60.0,Yes,Yes,Fiber optic,No,No,No,No,Yes,Yes,Two year,Yes,Credit card (automatic),99.81,6054.07,No
Female,0,No,No,66.0,Yes,Yes,Fiber optic,No,Yes,Yes,Yes,No,No,Two year,No,Bank transfer (automatic),93.56,6172.99,No
Female,0,Yes,Yes,72.0,Yes,Yes,Fiber optic,Yes,Yes,Yes,Yes,Yes,Yes,Two year,Yes,Credit card (automatic),112.68,8684.8,No
Male,0,Yes,Yes,72.0,Yes,No,Fiber optic,Yes,Yes,No,Yes,Yes,Yes,Two year,Yes,Credit card (automatic),94.82,6842.39,No
Female,1,Yes,No,63.0,Yes,Yes,Fiber optic,Yes,No,Yes,No,Yes,No,Two year,No,Credit card (automatic),107.42,6745.27,No
Female,0,No,No,31.0,Yes,No,Fiber optic,No,No,No,Yes,No,No,Month-to-month,Yes,Mailed check,76.3,2545.31,No
Male,0,No,No,17.0,Yes,No,Fiber optic,No,Yes,Yes,No,No,No,Month-to-month,Yes,Electronic check,78.9,1607.12,No
Male,0,Yes,No,0.0,Yes,No,Fiber optic,No,No,No,No,No,No,Month-to-month,Yes,Electronic check,66.77,0.0,No
Male,0,Yes,Yes,23.0,Yes,Yes,Fiber optic,No,No,No,No,No,No,Month-to-month,Yes,Electronic check,69.73,1917.17,No
Female,0,Yes,Yes,0.0,Yes,No,Fiber optic,No,No,No,No,No,No,Month-to-month,Yes,Electronic check,76.25,0.0,Yes
Female,1,No,Yes,57.0,Yes,No,Fiber optic,No,No,Yes,No,No,No,Month-to-month,Yes,Bank transfer (automatic),79.83,4669.4,No
Male,1,Yes,No,14.0,Yes,No,Fiber optic,No,No,No,No,No,No,Month-to-month,Yes,Bank transfer (automatic),72.24,1152.43,No
Male,0,No,No,19.0,Yes,Yes,Fiber optic,Yes,Yes,No,No,No,No,Month-to-month,Yes,Bank transfer (automatic),77.84,1416.71,No
Male,1,Yes,Yes,21.0,Yes,Yes,Fiber optic,No,Yes,No,No,No,Yes,Month-to-month,Yes,Electronic check,84.05,2004.37,No
Male,1,No,No,34.0,Yes,Yes,Fiber optic,No,Yes,No,No,No,No,Month-to-month,Yes,Electronic check,78.88,3221.16,No
Female,0,No,No,20.0,Yes,Yes,Fiber optic,No,No,No,No,No,Yes,Month-to-month,Yes,Bank transfer (automatic),89.86,1727.63,Yes
Male,1,Yes,No,9.0,Yes,Yes,Fiber optic,No,Yes,No,No,No,No,Month-to-month,Yes,Electronic check,72.94,564.27,Yes
Male,1,Yes,No,31.0,Yes,Yes,Fiber optic,Yes,No,No,No,No,No,Month-to-month,Yes,Bank transfer (automatic),76.85,2200.37,No
Male,0,No,No,24.0,Yes,Yes,Fiber optic,No,Yes,Yes,No,No,Yes,Month-to-month,Yes,Electronic check,91.04,2046.7,Yes
Male,0,No,No,0.0,Yes,No,Fiber optic,No,No,Yes,No,No,No,Month-to-month,Yes,Electronic check,75.28,0.0,Yes
Male,1,Yes,No,25.0,Yes,No,Fiber optic,No,Yes,No,No,No,Yes,Month-to-month,No,Electronic check,81.82,2005.23,No
Female,1,No,No,13.0,Yes,Yes,Fiber optic,No,No,No,No,No,Yes,Month-to-month,Yes,Mailed check,74.73,884.67,Yes
Female,0,No,No,31.0,Yes,No,Fiber optic,Yes,Yes,No,No,No,No,Month-to-month,No,Electronic check,80.96,2763.73,No
Male,1,No,No,17.0,Yes,No,Fiber optic,Yes,No,No,No,No,No,Month-to-month,Yes,Electronic check,73.43,1502.28,Yes
Male,0,No,No,18.0,Yes,Yes,Fiber optic,No,No,No,No,No,No,Month-to-month,No,Electronic check,76.24,1425.69,No
Female,1,No,No,20.0,Yes,No,Fiber optic,No,No,No,No,No,No,Month-to-month,Yes,Mailed check,65.11,1481.77,No
Male,0,No,No,14.0,Yes,No,Fiber optic,Yes,No,No,Yes,No,No,Month-to-month,No,Electronic check,64.03,801.37,No
Male,0,No,No,0.0,Yes,Yes,Fiber optic,No,No,No,Yes,No,No,Month-to-month,Yes,Electronic check,78.35,0.0,Yes
Male,0,No,No,14.0,Yes,Yes,Fiber optic,Yes,Yes,Yes,No,No,No,Month-to-month,Yes,Electronic check,92.01,1056.12,No
Male,0,No,No,4.0,Yes,No,Fiber optic,No,No,No,No,No,Yes,Month-to-month,Yes,Electronic check,80.46,387.32,Yes
Male,1,No,No,11.0,Yes,Yes,Fiber optic,No,No,No,No,No,No,Month-to-month,Yes,Electronic check,73.98,667.21,Yes
Female,0,Yes,Yes,0.0,Yes,No,Fiber optic,No,No,Yes,No,No,No,Month-to-month,Yes,Mailed check,69.04,0.0,No
Male,0,Yes,No,-0.0,Yes,No,Fiber optic,No,No,Yes,No,No,Yes,Month-to-month,Yes,Electronic check,77.34,0.0,Yes
Female,1,Yes,Yes,30.0,Yes,Yes,Fiber optic,Yes,No,No,No,No,No,Month-to-month,Yes,Electronic check,74.04,2608.44,Yes
Male,1,No,No,28.0,Yes,No,Fiber optic,No,Yes,Yes,No,No,Yes,Month-to-month,Yes,Electronic check,83.46,2732.07,Yes
Female,0,No,No,46.0,Yes,Yes,Fiber optic,No,No,Yes,Yes,No,Yes,Month-to-month,Yes,Electronic check,92.89,4476.9,No
Female,1,No,No,13.0,Yes,No,Fiber optic,No,No,No,No,No,No,Month-to-month,Yes,Electronic check,68.17,1019.66,Yes
Male,0,No,No,16.0,Yes,Yes,Fiber optic,No,Yes,No,No,No,No,Month-to-month,No,Mailed check,83.84,1325.98,No
Male,0,No,No,24.0,Yes,No,Fiber optic,No,Yes,No,No,No,No,Month-to-month,No,Mailed check,71.77,1824.9,No
Female,0,No,No,6.0,Yes,No,Fiber optic,No,Yes,Yes,No,No,No,Month-to-month,Yes,Electronic check,74.55,538.34,Yes
Male,1,Yes,No,20.0,Yes,No,Fiber optic,No,Yes,No,No,No,No,Month-to-month,Yes,Mailed check,70.65,1542.76,No
Female,0,No,No,42.0,Yes,No,Fiber optic,No,Yes,No,No,No,Yes,Month-to-month,Yes,Bank transfer (automatic),80.82,3346.59,No
Female,0,Yes,No,23.0,Yes,Yes,Fiber optic,No,No,No,No,No,No,Month-to-month,Yes,Electronic check,73.37,1628.48,Yes
Female,0,Yes,Yes,30.0,Yes,Yes,Fiber optic,Yes,Yes,Yes,No,No,Yes,Month-to-month,Yes,Bank transfer (automatic),90.73,2794.66,No
Male,1,Yes,No,22.0,Yes,No,Fiber optic,No,Yes,No,No,No,No,Month-to-month,No,Electronic check,79.86,1809.5,No
Female,1,No,No,5.0,Yes,Yes,Fiber optic,No,No,No,No,No,No,Month-to-month,No,Electronic check,80.15,482.33,No
Male,1,Yes,No,24.0,Yes,No,Fiber optic,No,Yes,No,No,No,No,Month-to-month,Yes,Electronic check,67.43,1533.55,No
Male,1,Yes,No,8.0,Yes,Yes,Fiber optic,No,No,No,No,No,No,Month-to-month,Yes,Electronic check,73.65,483.09,No
Female,1,No,No,4.0,Yes,No,Fiber optic,No,No,No,No,No,No,Month-to-month,Yes,Electronic check,76.8,251.88,Yes
Female,0,Yes,No,23.0,Yes,Yes,Fiber optic,Yes,No,No,No,No,No,Month-to-month,No,Electronic check,78.8,2008.52,No
Male,1,Yes,No,26.0,Yes,Yes,Fiber optic,No,No,No,No,No,No,Month-to-month,Yes,Mailed check,75.92,2240.19,Yes
Female,0,No,Yes,8.0,Yes,No,Fiber optic,No,No,No,No,No,No,Month-to-month,No,Bank transfer (automatic),62.1,532.47,Yes
Female,0,Yes,Yes,63.0,Yes,Yes,Fiber optic,No,No,Yes,No,No,Yes,Month-to-month,No,Electronic check,89.71,5297.86,No
Female,1,Yes,No,58.0,Yes,Yes,Fiber optic,No,Yes,No,No,No,No,Month-to-month,No,Bank transfer (automatic),87.52,4823.43,No
Female,0,No,No,24.0,Yes,Yes,Fiber optic,No,No,Yes,No,No,No,Month-to-month,Yes,Electronic check,82.25,2187.9,Yes
Male,1,Yes,Yes,9.0,Yes,No,Fiber optic,No,No,No,No,No,No,Month-to-month,Yes,Electronic check,77.09,665.61,No
Female,0,No,No,12.0,Yes,No,Fiber optic,No,No,No,Yes,No,No,Month-to-month,No,Mailed check,69.89,716.2,No
Female,0,No,No,31.0,Yes,Yes,Fiber optic,Yes,Yes,No,No,No,No,Month-to-month,Yes,Bank transfer (automatic),90.26,2390.49,Yes
Female,0,No,No,0.0,Yes,No,Fiber optic,Yes,No,No,No,No,No,Month-to-month,Yes,Electronic check,79.57,0.0,Yes
Female,0,No,Yes,0.0,Yes,Yes,Fiber optic,No,No,Yes,No,No,No,Month-to-month,Yes,Bank transfer (automatic),77.49,0.0,Yes
Female,1,Yes,No,15.0,Yes,No,Fiber optic,No,No,No,No,No,No,Month-to-month,Yes,Electronic check,65.8,968.32,Yes
Male,0,No,No,0.0,Yes,Yes,Fiber optic,No,Yes,No,No,No,No,Month-to-month,Yes,Electronic check,78.47,0.0,No
Female,0,No,No,39.0,Yes,Yes,Fiber optic,No,Yes,No,No,No,Yes,Month-to-month,Yes,Electronic check,85.23,3071.6,No
Male,0,No,No,2.0,Yes,No,Fiber optic,No,No,Yes,No,No,No,Month-to-month,No,Electronic check,83.38,200.71,Yes
Male,0,Yes,Yes,20.0,Yes,No,Fiber optic,No,No,Yes,No,No,No,Month-to-month,Yes,Electronic check,79.49,1384.16,No
Male,0,Yes,No,0.0,Yes,No,Fiber optic,Yes,No,Yes,Yes,No,No,Month-to-month,Yes,Bank transfer (automatic),84.53,0.0,No
Female,0,No,No,15.0,Yes,Yes,Fiber optic,Yes,No,No,No,No,No,Month-to-month,No,Bank transfer (automatic),81.72,1246.0,No
Female,0,No,No,15.0,Yes,Yes,Fiber optic,No,No,No,No,No,Yes,Month-to-month,No,Electronic check,87.48,1412.81,Yes
Male,0,Yes,Yes,53.0,Yes,Yes,Fiber optic,Yes,Yes,No,No,No,Yes,Month-to-month,Yes,Electronic check,89.91,4739.86,Yes
Male,0,No,No,38.0,Yes,Yes,Fiber optic,Yes,Yes,Yes,Yes,No,Yes,Month-to-month,Yes,Bank transfer (automatic),93.21,3458.96,No
Female,0,No,No,0.0,Yes,Yes,Fiber optic,No,No,No,No,No,No,Month-to-month,Yes,Electronic check,80.72,0.0,Yes
Male,0,Yes,No,35.0,Yes,Yes,Fiber optic,No,No,No,No,No,Yes,Month-to-month,No,Electronic check,81.22,2854.32,No
Male,1,No,No,39.0,Yes,No,Fiber optic,No,No,No,No,No,No,Month-to-month,No,Electronic check,76.5,3216.8,No
Male,1,No,No,0.0,Yes,No,Fiber optic,No,No,No,No,No,No,Month-to-month,Yes,Electronic check,71.86,0.0,Yes
Female,0,No,No,27.0,Yes,No,Fiber optic,No,No,No,No,No,No,Month-to-month,No,Electronic check,74.35,2400.04,No
Female,1,Yes,Yes,25.0,Yes,Yes,Fiber optic,No,No,No,No,No,Yes,Month-to-month,Yes,Mailed check,85.16,2138.37,No
Female,1,No,No,21.0,Yes,No,Fiber optic,No,No,No,No,No,No,Month-to-month,No,Bank transfer (automatic),70.53,1770.44,No
Male,0,Yes,No,26.0,Yes,Yes,Fiber optic,No,No,No,No,No,No,Month-to-month,Yes,Electronic check,67.55,1735.83,Yes
Male,0,Yes,No,32.0,Yes,Yes,Fiber optic,Yes,No,Yes,No,No,Yes,Month-to-month,Yes,Electronic check,91.65,3116.61,Yes
Female,0,No,No,0.0,Yes,Yes,Fiber optic,No,No,No,No,No,No,Month-to-month,Yes,Mailed check,63.83,0.0,No
Male,0,No,Yes,31.0,Yes,No,Fiber optic,No,Yes,Yes,No,No,No,Month-to-month,Yes,Bank transfer (automatic),85.87,2750.84,No
Female,0,Yes,Yes,25.0,Yes,No,Fiber optic,No,No,No,No,No,No,Month-to-month,Yes,Mailed check,78.42,1945.21,No
Female,0,No,No,3.0,Yes,No,Fiber optic,No,No,No,No,No,No,Month-to-month,No,Electronic check,70.24,172.78,Yes
Female,0,No,No,20.0,Yes,Yes,Fiber optic,No,Yes,No,No,No,Yes,Month-to-month,Yes,Electronic check,86.26,1589.76,Yes
Male,1,Yes,No,9.0,Yes,Yes,Fiber optic,Yes,No,No,No,No,Yes,Month-to-month,Yes,Electronic check,86.85,710.14,Yes
Male,0,Yes,No,6.0,Yes,Yes,Fiber optic,No,Yes,No,No,No,No,Month-to-month,Yes,Bank transfer (automatic),79.88,392.98,Yes
Female,0,Yes,No,16.0,Yes,Yes,Fiber optic,No,Yes,No,No,No,No,Month-to-month,No,Electronic check,81.77,1072.66,Yes
Female,1,Yes,No,29.0,Yes,No,Fiber optic,No,Yes,No,No,No,No,Month-to-month,Yes,Electronic check,79.93,2293.49,Yes
Female,1,Yes,No,27.0,Yes,No,Fiber optic,No,No,Yes,No,No,No,Month-to-month,Yes,Electronic check,82.64,2194.47,Yes
Male,0,No,No,0.0,Yes,No,Fiber optic,No,No,No,No,No,No,Month-to-month,No,Electronic check,68.48,0.0,Yes
Female,1,No,No,40.0,Yes,Yes,Fiber optic,Yes,Yes,Yes,No,No,No,Month-to-month,Yes,Electronic check,89.69,3490.05,No
Female,1,No,No,37.0,Yes,No,Fiber optic,No,Yes,No,No,No,No,Month-to-month,Yes,Electronic check,74.31,2870.58,No
Female,1,Yes,No,23.0,Yes,No,Fiber optic,No,No,No,No,No,No,Month-to-month,No,Electronic check,75.95,1552.23,Yes
Male,1,No,No,4.0,Yes,No,Fiber optic,Yes,No,No,No,No,No,Month-to-month,Yes,Electronic check,75.92,249.0,Yes
Female,1,Yes,No,18.0,Yes,No,Fiber optic,No,No,Yes,No,No,No,Month-to-month,Yes,Mailed check,79.1,1264.9,Yes
Female,0,No,No,7.0,Yes,Yes,Fiber optic,No,No,No,No,No,No,Month-to-month,Yes,Electronic check,80.86,464.09,Yes
Female,1,No,No,56.0,Yes,No,Fiber optic,No,No,No,No,No,No,Month-to-month,Yes,Bank transfer (automatic),74.78,4501.38,No
Female,0,Yes,Yes,20.0,Yes,Yes,Fiber optic,Yes,No,No,No,No,No,Month-to-month,Yes,Bank transfer (automatic),73.87,1638.47,Yes
Male,0,No,No,15.0,Yes,Yes,Fiber optic,No,Yes,No,No,No,No,Month-to-month,Yes,Bank transfer (automatic),80.33,1308.31,Yes
Male,0,No,No,22.0,Yes,Yes,Fiber optic,No,No,Yes,No,No,No,Month-to-month,Yes,Electronic check,86.78,1883.29,No
Male,0,Yes,No,18.0,Yes,No,Fiber optic,No,No,No,No,No,No,Month-to-month,Yes,Electronic check,78.36,1439.7,Yes
Female,1,No,No,5.0,Yes,Yes,Fiber optic,No,No,Yes,No,No,Yes,Month-to-month,Yes,Electronic check,82.33,495.42,Yes
Male,1,No,No,0.0,Yes,Yes,Fiber optic,No,No,No,No,No,No,Month-to-month,Yes,Electronic check,74.82,0.0,Yes
Female,0,No,No,32.0,Yes,No,Fiber optic,No,No,No,No,No,No,Month-to-month,No,Electronic check,78.59,2487.5,No
Male,1,No,No,49.0,Yes,No,Fiber optic,No,No,No,No,No,Yes,Month-to-month,No,Bank transfer (automatic),73.77,4026.88,No
Male,1,No,No,25.0,Yes,No,Fiber optic,No,Yes,Yes,No,No,No,Month-to-month,Yes,Electronic check,75.53,1974.38,Yes
Male,0,No,No,0.0,Yes,Yes,Fiber optic,No,No,No,No,No,Yes,Month-to-month,Yes,Electronic check,79.34,0.0,Yes
Female,0,No,No,0.0,Yes,Yes,Fiber optic,No,No,No,No,No,No,Month-to-month,Yes,Electronic check,75.45,0.0,No
Female,0,No,No,10.0,Yes,Yes,Fiber optic,No,No,No,No,No,No,Month-to-month,Yes,Electronic check,73.77,604.87,Yes
Female,0,No,No,0.0,Yes,Yes,Fiber optic,No,No,No,No,No,Yes,Month-to-month,Yes,Electronic check,80.61,0.0,No
Male,0,No,No,0.0,Yes,No,Fiber optic,No,No,No,No,No,Yes,Month-to-month,Yes,Electronic check,71.21,0.0,No
Female,1,No,No,17.0,Yes,No,Fiber optic,No,No,No,No,No,No,Month-to-month,Yes,Electronic check,74.19,1391.06,Yes
Female,0,No,No,0.0,Yes,Yes,Fiber optic,No,No,No,No,No,Yes,Month-to-month,No,Electronic check,71.73,0.0,Yes
Male,0,No,No,4.0,Yes,No,Fiber optic,No,No,No,No,No,No,Month-to-month,Yes,Bank transfer (automatic),64.06,308.41,Yes
Male,1,No,No,11.0,Yes,No,Fiber optic,No,No,No,No,No,No,Month-to-month,No,Electronic check,72.8,656.56,Yes
Female,0,No,No,11.0,Yes,No,Fiber optic,No,No,No,No,No,No,Month-to-month,Yes,Electronic check,73.88,978.08,Yes
Female,0,No,Yes,14.0,Yes,Yes,Fiber optic,No,No,No,No,No,No,Month-to-month,No,Bank transfer (automatic),70.32,957.42,Yes
Female,0,No,No,19.0,Yes,No,Fiber optic,Yes,Yes,No,No,No,Yes,Month-to-month,Yes,Electronic check,86.66,1829.06,No
Female,0,No,No,0.0,Yes,No,Fiber optic,No,No,Yes,No,No,No,Month-to-month,Yes,Electronic check,78.51,0.0,Yes
Male,1,No,No,1.0,Yes,Yes,Fiber optic,No,Yes,Yes,No,No,Yes,Month-to-month,Yes,Electronic check,93.27,112.25,No
Male,0,Yes,Yes,2.0,Yes,Yes,Fiber optic,No,No,No,No,No,No,Month-to-month,Yes,Mailed check,72.45,118.8,Yes
Female,1,Yes,No,32.0,Yes,No,Fiber optic,Yes,No,No,No,No,No,Month-to-month,Yes,Electronic check,82.26,2590.67,No
Male,0,Yes,No,19.0,Yes,No,Fiber optic,Yes,No,No,No,No,No,Month-to-month,Yes,Electronic check,75.49,1582.56,Yes
Female,1,No,No,31.0,Yes,Yes,Fiber optic,No,No,No,No,No,No,Month-to-month,No,Electronic check,79.44,2183.78,No
Male,1,No,No,13.0,Yes,No,Fiber optic,No,No,No,No,No,Yes,Month-to-month,Yes,Electronic check,85.17,907.85,Yes
Female,0,Yes,No,0.0,Yes,No,Fiber optic,No,No,No,No,No,No,Month-to-month,Yes,Mailed check,70.09,0.0,Yes
Female,0,Yes,Yes,21.0,Yes,Yes,Fiber optic,No,Yes,No,No,No,No,Month-to-month,Yes,Electronic check,82.16,1965.51,Yes
Female,0,Yes,Yes,22.0,Yes,Yes,Fiber optic,No,No,No,No,No,No,Month-to-month,Yes,Electronic check,75.48,1548.92,Yes
Male,0,No,No,28.0,Yes,Yes,Fiber optic,No,No,Yes,No,No,No,Month-to-month,Yes,Electronic check,82.28,2393.07,No
Male,0,No,No,0.0,Yes,Yes,Fiber optic,No,No,No,No,No,Yes,Month-to-month,No,Mailed check,78.68,0.0,No
Male,0,Yes,No,2.0,Yes,Yes,Fiber optic,No,Yes,No,No,No,No,Month-to-month,Yes,Electronic check,75.86,182.6,Yes
Male,0,Yes,No,19.0,Yes,No,Fiber optic,Yes,Yes,No,No,No,Yes,Month-to-month,Yes,Electronic check,88.62,1829.13,Yes
Male,0,No,No,17.0,Yes,No,Fiber optic,No,No,No,No,No,No,Month-to-month,Yes,Electronic check,77.33,1077.91,No
Female,1,Yes,Yes,30.0,Yes,No,Fiber optic,Yes,No,No,No,No,No,Month-to-month,Yes,Bank transfer (automatic),79.33,2384.86,No
Male,1,Yes,No,8.0,Yes,Yes,Fiber optic,No,No,No,No,No,No,Month-to-month,Yes,Electronic check,78.05,590.62,Yes
Male,0,No,No,15.0,Yes,No,Fiber optic,No,Yes,No,No,No,Yes,Month-to-month,No,Electronic check,87.22,1405.97,Yes
Male,1,No,No,44.0,Yes,Yes,Fiber optic,No,No,No,No,No,Yes,Month-to-month,Yes,Bank transfer (automatic),89.55,3625.73,Yes
Female,1,No,No,19.0,Yes,No,Fiber optic,Yes,Yes,Yes,No,No,Yes,Month-to-month,Yes,Electronic check,86.9,1987.13,Yes
Male,1,No,No,19.0,Yes,Yes,Fiber optic,No,No,No,No,No,Yes,Month-to-month,No,Electronic check,79.6,1528.38,No
Female,0,Yes,No,53.0,Yes,Yes,Fiber optic,No,Yes,No,No,No,Yes,Month-to-month,No,Bank transfer (automatic),90.12,4621.36,No
Male,0,No,No,0.0,Yes,Yes,Fiber optic,No,Yes,No,Yes,No,No,Month-to-month,Yes,Electronic check,82.5,0.0,No
Male,0,No,No,49.0,Yes,No,Fiber optic,No,No,Yes,No,No,No,Month-to-month,No,Mailed check,81.64,3868.68,Yes
Male,0,No,No,24.0,Yes,No,Fiber optic,No,Yes,Yes,No,No,No,Month-to-month,Yes,Bank transfer (automatic),82.22,2334.55,No
Female,1,No,No,37.0,Yes,No,Fiber optic,No,No,No,No,No,No,Month-to-month,Yes,Mailed check,73.56,2735.72,No
Male,0,Yes,Yes,3.0,Yes,No,Fiber optic,No,Yes,No,Yes,No,No,Month-to-month,Yes,Mailed check,82.58,203.12,Yes
Male,1,Yes,No,15.0,Yes,Yes,Fiber optic,No,No,No,No,No,No,Month-to-month,Yes,Electronic check,65.12,1175.63,Yes
Male,0,No,No,28.0,Yes,Yes,Fiber optic,No,Yes,No,No,No,No,Month-to-month,Yes,Electronic check,80.22,2350.44,Yes
Female,0,Yes,Yes,13.0,Yes,Yes,Fiber optic,No,No,Yes,No,No,Yes,Month-to-month,Yes,Electronic check,94.23,1322.37,Yes
Male,0,Yes,Yes,15.0,Yes,No,Fiber optic,No,No,No,No,No,No,Month-to-month,Yes,Electronic check,67.85,1182.97,Yes
Female,0,No,No,10.0,Yes,Yes,Fiber optic,No,No,Yes,No,No,No,Month-to-month,No,Mailed check,80.33,750.51,Yes
Male,0,No,No,40.0,Yes,No,Fiber optic,No,Yes,No,No,No,No,Month-to-month,Yes,Electronic check,74.08,3395.52,No
Female,1,Yes,No,22.0,Yes,Yes,Fiber optic,No,No,Yes,No,No,No,Month-to-month,Yes,Electronic check,71.94,1687.07,Yes
Female,0,No,No,26.0,Yes,Yes,Fiber optic,No,No,No,No,No,Yes,Month-to-month,Yes,Electronic check,77.88,2195.57,Yes
Male,0,No,No,13.0,Yes,Yes,Fiber optic,No,Yes,No,No,No,Yes,Month-to-month,Yes,Electronic check,86.42,1278.47,Yes
Female,0,Yes,No,8.0,Yes,Yes,Fiber optic,No,No,No,No,No,No,Month-to-month,Yes,Electronic check,76.79,530.64,No
Female,0,Yes,No,31.0,Yes,No,Fiber optic,No,No,No,No,No,No,Month-to-month,Yes,Electronic check,80.97,2552.87,Yes
Female,1,No,No,0.0,Yes,Yes,Fiber optic,No,Yes,No,No,No,No,Month-to-month,Yes,Electronic check,81.61,0.0,No
Male,0,Yes,No,22.0,Yes,No,Fiber optic,Yes,No,Yes,Yes,No,Yes,Month-to-month,No,Electronic check,92.4,2030.84,Yes
Female,1,Yes,No,45.0,Yes,Yes,Fiber optic,No,Yes,Yes,No,No,No,Month-to-month,No,Electronic check,95.15,4068.19,No
Male,0,No,No,3.0,Yes,Yes,Fiber optic,No,No,No,No,No,No,Month-to-month,Yes,Electronic check,75.08,184.68,Yes
Female,1,No,No,0.0,Yes,No,Fiber optic,No,No,No,No,No,No,Month-to-month,Yes,Mailed check,74.05,0.0,Yes
Female,1,Yes,No,59.0,Yes,No,Fiber optic,No,No,No,No,No,No,Month-to-month,Yes,Bank transfer (automatic),72.75,4604.83,Yes
Male,0,No,No,2.0,Yes,No,Fiber optic,No,No,No,Yes,No,No,Month-to-month,Yes,Bank transfer (automatic),74.76,122.6,No
Female,1,No,No,4.0,Yes,Yes,Fiber optic,Yes,No,No,No,No,No,Month-to-month,Yes,Mailed check,71.35,234.0,Yes
Male,0,Yes,No,28.0,Yes,No,Fiber optic,Yes,No,Yes,No,No,No,Month-to-month,Yes,Electronic check,79.4,2228.71,No
Female,0,No,Yes,4.0,Yes,No,Fiber optic,Yes,No,Yes,No,No,No,Month-to-month,Yes,Electronic check,78.05,375.73,No
Female,0,No,No,8.0,Yes,No,Fiber optic,No,Yes,No,No,No,No,Month-to-month,No,Bank transfer (automatic),75.02,492.07,Yes
Female,0,No,No,0.0,Yes,No,Fiber optic,No,Yes,No,No,No,Yes,Month-to-month,No,Electronic check,77.17,0.0,No
Female,0,No,Yes,8.0,Yes,No,Fiber optic,Yes,No,No,No,No,No,Month-to-month,Yes,Electronic check,77.43,507.91,Yes
Female,0,No,No,11.0,Yes,No,Fiber optic,No,Yes,No,Yes,No,No,Month-to-month,Yes,Electronic check,75.49,757.13,No
Male,0,Yes,Yes,11.0,Yes,No,Fiber optic,No,No,Yes,Yes,No,Yes,Month-to-month,Yes,Electronic check,88.53,933.76,No
Male,0,No,No,11.0,Yes,Yes,Fiber optic,No,No,No,No,No,No,Month-to-month,No,Electronic check,73.12,708.29,No
Male,0,Yes,No,24.0,Yes,No,Fiber optic,No,No,Yes,Yes,No,No,Month-to-month,Yes,Mailed check,79.3,2004.88,No
Male,0,No,No,0.0,Yes,No,Fiber optic,No,No,No,No,No,No,Month-to-month,Yes,Mailed check,77.37,0.0,Yes
Female,1,Yes,Yes,35.0,Yes,Yes,Fiber optic,Yes,Yes,Yes,No,No,No,Month-to-month,Yes,Electronic check,82.5,3076.38,No
Female,1,No,No,0.0,Yes,No,Fiber optic,No,Yes,No,No,No,Yes,Month-to-month,Yes,Electronic check,80.18,0.0,No
Female,0,Yes,No,22.0,Yes,Yes,Fiber optic,Yes,No,No,No,No,Yes,Month-to-month,No,Electronic check,88.69,2049.59,Yes
Female,1,No,No,8.0,Yes,Yes,Fiber optic,No,No,No,No,No,Yes,Month-to-month,Yes,Electronic check,76.53,656.82,Yes
Female,1,No,No,26.0,Yes,No,Fiber optic,No,No,No,No,No,Yes,Month-to-month,Yes,Electronic check,80.65,2330.42,Yes
Female,0,Yes,No,30.0,Yes,Yes,Fiber optic,No,Yes,No,Yes,No,Yes,Month-to-month,Yes,Bank transfer (automatic),92.56,2987.96,No
Female,0,Yes,Yes,30.0,Yes,Yes,Fiber optic,No,No,No,No,No,Yes,Month-to-month,Yes,Bank transfer (automatic),82.25,2514.64,No
Female,0,No,No,1.0,Yes,No,Fiber optic,No,No,No,No,No,No,Month-to-month,Yes,Electronic check,65.34,53.58,Yes
Male,0,Yes,No,30.0,Yes,No,Fiber optic,No,Yes,Yes,No,No,No,Month-to-month,No,Bank transfer (automatic),81.27,2641.45,No
Female,0,No,Yes,0.0,Yes,No,Fiber optic,Yes,Yes,No,No,No,No,Month-to-month,No,Mailed check,75.9,0.0,No
Female,0,Yes,Yes,4.0,Yes,No,Fiber optic,No,No,No,No,No,No,Month-to-month,Yes,Bank transfer (automatic),65.34,214.29,No
Female,1,No,No,37.0,Yes,No,Fiber optic,No,No,No,No,No,Yes,Month-to-month,Yes,Bank transfer (automatic),80.24,3211.69,Yes
Male,0,No,No,0.0,Yes,Yes,Fiber optic,No,No,Yes,No,No,No,Month-to-month,Yes,Electronic check,80.34,0.0,Yes
Male,0,No,No,11.0,Yes,No,Fiber optic,No,No,Yes,No,No,No,Month-to-month,No,Electronic check,75.93,868.19,Yes
Female,0,No,No,0.0,Yes,No,Fiber optic,Yes,No,No,No,No,No,Month-to-month,Yes,Electronic check,75.89,0.0,Yes
Female,0,Yes,No,40.0,Yes,Yes,Fiber optic,No,Yes,No,No,No,No,Month-to-month,Yes,Electronic check,87.42,3202.07,No
Female,1,No,No,18.0,Yes,Yes,Fiber optic,No,No,No,No,No,Yes,Month-to-month,Yes,Electronic check,75.56,1468.8,No
Female,1,Yes,No,42.0,Yes,No,Fiber optic,No,No,No,No,No,Yes,Month-to-month,Yes,Electronic check,81.4,3693.84,Yes
Male,0,No,No,27.0,Yes,No,Fiber optic,No,Yes,No,No,No,Yes,Month-to-month,No,Electronic check,89.51,2350.21,No
Male,1,Yes,No,38.0,Yes,Yes,Fiber optic,Yes,No,Yes,No,No,No,Month-to-month,No,Mailed check,78.59,2918.36,No
Female,1,No,No,6.0,Yes,No,Fiber optic,No,No,No,No,No,Yes,Month-to-month,Yes,Electronic check,77.17,379.66,Yes
Female,0,No,No,0.0,Yes,No,Fiber optic,No,No,No,No,No,No,Month-to-month,Yes,Bank transfer (automatic),75.33,0.0,Yes
Male,1,Yes,Yes,9.0,Yes,No,Fiber optic,No,No,No,No,No,Yes,Month-to-month,Yes,Bank transfer (automatic),65.43,708.67,No
Male,0,Yes,No,10.0,Yes,No,Fiber optic,No,No,No,No,No,No,Month-to-month,Yes,Electronic check,77.18,928.57,Yes
Female,0,No,No,5.0,Yes,Yes,Fiber optic,No,Yes,No,No,No,Yes,Month-to-month,Yes,Electronic check,82.55,496.78,No
Female,0,Yes,No,12.0,Yes,No,Fiber optic,No,No,No,No,No,Yes,Month-to-month,Yes,Electronic check,69.54,724.7,Yes
Female,1,No,No,30.0,Yes,Yes,Fiber optic,No,Yes,Yes,No,No,No,Month-to-month,Yes,Electronic check,80.49,2672.6,No
Male,1,No,No,18.0,Yes,Yes,Fiber optic,No,No,No,No,No,Yes,Month-to-month,Yes,Electronic check,80.75,1433.06,Yes
Male,0,No,Yes,20.0,Yes,No,Fiber optic,No,Yes,No,Yes,No,No,Month-to-month,No,Bank transfer (automatic),80.66,1493.94,No
Male,0,Yes,No,0.0,Yes,No,Fiber optic,No,No,No,No,No,No,Month-to-month,No,Electronic check,65.44,0.0,Yes
Female,0,No,No,0.0,Yes,No,Fiber optic,No,No,No,No,No,Yes,Month-to-month,No,Electronic check,76.16,0.0,Yes
Female,0,Yes,No,23.0,Yes,Yes,Fiber optic,No,No,Yes,No,No,Yes,Month-to-month,Yes,Mailed check,86.98,1877.33,No
Male,0,No,Yes,8.0,Yes,No,Fiber optic,No,No,No,No,No,Yes,Month-to-month,No,Electronic check,80.82,778.11,No
Female,0,Yes,No,17.0,Yes,No,Fiber optic,No,No,Yes,No,No,No,Month-to-month,No,Bank transfer (automatic),77.98,1504.09,No
Male,0,No,No,26.0,Yes,No,Fiber optic,No,Yes,No,No,No,No,Month-to-month,No,Electronic check,78.1,2244.67,Yes
Female,0,No,No,43.0,Yes,Yes,Fiber optic,No,Yes,No,No,No,No,Month-to-month,Yes,Electronic check,76.23,3886.18,No
Male,1,Yes,No,37.0,Yes,Yes,Fiber optic,No,Yes,No,No,No,Yes,Month-to-month,Yes,Electronic check,85.39,3130.46,No
Male,0,No,No,9.0,Yes,Yes,Fiber optic,No,Yes,No,No,No,No,Month-to-month,Yes,Mailed check,74.37,805.52,Yes
Male,0,No,No,0.0,Yes,Yes,Fiber optic,No,No,No,No,No,No,Month-to-month,No,Electronic check,77.06,0.0,Yes
Female,0,No,No,23.0,Yes,Yes,Fiber optic,No,Yes,No,No,No,No,Month-to-month,Yes,Electronic check,78.32,1823.02,No
Male,0,No,No,28.0,Yes,Yes,Fiber optic,No,No,No,No,No,Yes,Month-to-month,Yes,Mailed check,83.66,2473.08,Yes
Male,0,No,Yes,7.0,Yes,No,Fiber optic,No,No,No,No,No,Yes,Month-to-month,Yes,Electronic check,72.91,418.46,No
Female,0,Yes,Yes,2.0,Yes,Yes,Fiber optic,No,No,No,No,No,Yes,Month-to-month,Yes,Electronic check,82.49,135.27,Yes
Female,0,No,No,26.0,Yes,No,Fiber optic,No,No,No,No,No,No,Month-to-month,No,Mailed check,66.54,1986.78,No
Female,1,No,No,9.0,Yes,Yes,Fiber optic,No,No,Yes,No,No,No,Month-to-month,Yes,Electronic check,84.86,754.85,Yes
Female,0,No,No,4.0,Yes,No,Fiber optic,Yes,No,No,No,No,No,Month-to-month,Yes,Bank transfer (automatic),78.97,258.99,No
Female,0,No,No,30.0,Yes,No,Fiber optic,No,No,No,No,No,Yes,Month-to-month,No,Mailed check,80.82,2917.51,No
Female,0,Yes,Yes,5.0,Yes,No,Fiber optic,No,No,Yes,No,No,Yes,Month-to-month,No,Electronic check,81.59,490.99,Yes
Female,1,No,No,0.0,Yes,No,Fiber optic,No,Yes,No,No,No,No,Month-to-month,Yes,Electronic check,74.07,0.0,Yes
Male,0,No,No,11.0,Yes,Yes,Fiber optic,Yes,No,No,No,No,No,Month-to-month,Yes,Electronic check,78.5,747.3,Yes
Male,0,No,Yes,64.0,Yes,Yes,Fiber optic,No,Yes,Yes,No,No,No,Month-to-month,Yes,Electronic check,88.13,5250.91,No
Male,0,Yes,No,34.0,Yes,No,Fiber optic,Yes,Yes,No,Yes,No,Yes,Month-to-month,No,Bank transfer (automatic),89.57,3021.86,No
Male,0,No,No,23.0,Yes,No,Fiber optic,No,No,No,Yes,No,Yes,Month-to-month,Yes,Electronic check,80.89,1976.84,Yes
Male,0,No,No,19.0,Yes,No,Fiber optic,No,No,No,No,No,Yes,Month-to-month,Yes,Electronic check,79.35,1814.46,Yes
Male,1,No,No,22.0,Yes,Yes,Fiber optic,No,Yes,No,No,No,Yes,Month-to-month,No,Electronic check,92.17,1900.0,Yes
Female,1,No,No,5.0,Yes,No,Fiber optic,No,No,No,No,No,No,Month-to-month,Yes,Electronic check,70.76,290.07,No
Female,0,No,No,0.0,Yes,No,Fiber optic,No,No,No,Yes,No,No,Month-to-month,Yes,Electronic check,68.96,0.0,Yes
Male,0,No,No,0.0,Yes,No,Fiber optic,No,No,No,Yes,No,Yes,Month-to-month,Yes,Bank transfer (automatic),82.79,0.0,No
Female,0,No,No,54.0,Yes,Yes,Fiber optic,Yes,Yes,No,No,No,No,Month-to-month,Yes,Electronic check,87.57,4430.49,No
Male,0,Yes,No,24.0,Yes,No,Fiber optic,No,Yes,No,No,No,No,Month-to-month,Yes,Electronic check,65.9,1530.06,No
Male,1,Yes,No,32.0,Yes,Yes,Fiber optic,No,No,No,No,No,No,Month-to-month,Yes,Mailed check,66.81,2573.03,No
Female,0,No,No,30.0,Yes,Yes,Fiber optic,No,No,No,No,No,No,Month-to-month,No,Mailed check,71.98,2360.8,No
Male,1,No,No,4.0,Yes,No,Fiber optic,No,Yes,No,No,No,No,Month-to-month,No,Bank transfer (automatic),80.17,385.93,Yes
Male,0,No,No,0.0,Yes,No,Fiber optic,No,No,No,No,No,No,Month-to-month,Yes,Electronic check,58.82,0.0,Yes
Female,0,Yes,Yes,7.0,Yes,No,Fiber optic,No,No,No,No,No,No,Month-to-month,No,Bank transfer (automatic),75.87,435.45,No
Female,0,Yes,Yes,12.0,Yes,Yes,Fiber optic,No,No,No,No,No,Yes,Month-to-month,No,Bank transfer (automatic),84.52,831.57,No
Male,1,Yes,No,45.0,Yes,Yes,Fiber optic,No,No,Yes,No,No,No,Month-to-month,Yes,Electronic check,83.41,3611.45,No
Female,0,Yes,Yes,22.0,Yes,Yes,Fiber optic,No,Yes,No,Yes,No,No,Month-to-month,No,Electronic check,78.35,1529.83,Yes
Male,1,Yes,No,0.0,Yes,No,Fiber optic,No,No,No,No,No,No,Month-to-month,No,Electronic check,65.61,0.0,No
Male,1,No,No,0.0,Yes,Yes,Fiber optic,No,Yes,No,Yes,No,No,Month-to-month,Yes,Mailed check,74.04,0.0,No
Male,1,Yes,No,30.0,Yes,No,Fiber optic,No,No,No,No,No,No,Month-to-month,Yes,Electronic check,73.62,2230.47,No
Female,0,Yes,No,10.0,Yes,No,Fiber optic,No,Yes,No,No,No,Yes,Month-to-month,Yes,Electronic check,84.99,912.48,No
Male,1,Yes,No,31.0,Yes,Yes,Fiber optic,Yes,No,Yes,No,No,No,Month-to-month,Yes,Mailed check,82.7,2832.92,Yes
Female,0,No,No,0.0,Yes,No,Fiber optic,No,No,No,No,No,Yes,Month-to-month,Yes,Electronic check,76.96,0.0,Yes
Male,0,Yes,Yes,57.0,Yes,Yes,Fiber optic,Yes,No,Yes,No,No,Yes,Month-to-month,No,Bank transfer (automatic),93.94,5089.23,No
Female,1,No,No,6.0,Yes,No,Fiber optic,No,No,No,No,No,Yes,Month-to-month,No,Electronic check,77.15,557.08,Yes
Female,0,Yes,Yes,18.0,Yes,No,Fiber optic,No,Yes,No,No,No,No,Month-to-month,No,Bank transfer (automatic),79.27,1717.21,No
Female,1,Yes,No,0.0,Yes,Yes,Fiber optic,No,No,Yes,Yes,No,No,Month-to-month,Yes,Mailed check,74.51,0.0,No
Male,1,No,Yes,16.0,Yes,No,Fiber optic,No,No,No,No,No,No,Month-to-month,Yes,Mailed check,75.51,1268.15,Yes
Female,0,Yes,No,18.0,Yes,No,Fiber optic,Yes,No,No,No,No,Yes,Month-to-month,No,Mailed check,85.77,1702.5,No
Female,0,No,No,0.0,Yes,No,Fiber optic,No,No,No,No,No,No,Month-to-month,Yes,Electronic check,70.49,0.0,Yes
Male,0,No,No,0.0,Yes,Yes,Fiber optic,No,No,Yes,No,No,No,Month-to-month,Yes,Electronic check,79.71,0.0,Yes
Male,0,No,No,5.0,Yes,No,Fiber optic,No,No,No,No,No,Yes,Month-to-month,No,Bank transfer (automatic),80.86,343.04,No
Female,1,No,No,0.0,Yes,No,Fiber optic,No,No,No,No,No,Yes,Month-to-month,No,Electronic check,81.84,0.0,No
Male,1,No,No,40.0,Yes,Yes,Fiber optic,Yes,No,Yes,No,No,Yes,Month-to-month,Yes,Electronic check,83.96,3334.66,No
Male,0,Yes,No,26.0,Yes,Yes,Fiber optic,No,No,No,No,No,Yes,Month-to-month,Yes,Electronic check,83.14,2500.13,No
Male,0,No,No,33.0,Yes,No,Fiber optic,No,No,No,No,No,Yes,Month-to-month,No,Bank transfer (automatic),84.6,2372.27,No
Male,1,Yes,No,16.0,Yes,No,Fiber optic,No,No,Yes,No,No,No,Month-to-month,No,Bank transfer (automatic),75.29,1360.93,No
Female,0,No,No,10.0,Yes,No,Fiber optic,No,Yes,Yes,No,No,Yes,Month-to-month,No,Electronic check,83.55,685.01,Yes
Male,0,No,No,23.0,Yes,No,Fiber optic,No,Yes,No,No,No,Yes,Month-to-month,Yes,Electronic check,84.66,1882.64,No
Male,1,No,No,31.0,Yes,No,Fiber optic,No,No,No,No,No,No,Month-to-month,Yes,Mailed check,61.35,2235.34,Yes
Male,0,No,No,21.0,Yes,No,Fiber optic,No,Yes,Yes,No,No,Yes,Month-to-month,Yes,Electronic check,85.34,1918.69,No
Male,0,No,No,29.0,Yes,No,Fiber optic,No,Yes,Yes,No,No,No,Month-to-month,Yes,Electronic check,75.35,2345.1,No
Male,1,No,No,0.0,Yes,Yes,Fiber optic,No,No,No,No,No,No,Month-to-month,No,Mailed check,65.85,0.0,Yes
Female,1,No,No,0.0,Yes,Yes,Fiber optic,No,No,No,No,No,No,Month-to-month,Yes,Electronic check,73.69,0.0,Yes
Male,1,No,No,14.0,Yes,Yes,Fiber optic,No,No,No,No,No,No,Month-to-month,Yes,Electronic check,70.4,1186.12,No
Female,0,Yes,Yes,0.0,Yes,No,Fiber optic,No,Yes,No,No,No,No,Month-to-month,Yes,Electronic check,73.86,0.0,Yes
Female,0,No,No,13.0,Yes,No,Fiber optic,No,No,No,Yes,No,No,Month-to-month,Yes,Electronic check,81.98,1282.6,Yes
Female,0,Yes,Yes,27.0,Yes,No,Fiber optic,No,Yes,No,No,No,No,Month-to-month,Yes,Electronic check,82.38,2223.1,No
Male,0,No,No,4.0,Yes,No,Fiber optic,No,No,No,No,No,Yes,Month-to-month,No,Electronic check,82.91,271.92,No
Female,0,No,No,12.0,Yes,No,Fiber optic,No,Yes,No,No,No,No,Month-to-month,Yes,Electronic check,76.94,1091.44,Yes
Female,0,No,No,19.0,Yes,Yes,Fiber optic,No,Yes,No,No,No,Yes,Month-to-month,Yes,Electronic check,84.14,1645.07,Yes
Male,0,No,No,13.0,Yes,No,Fiber optic,No,No,No,No,No,Yes,Month-to-month,Yes,Mailed check,82.42,1289.57,Yes
Female,0,No,No,11.0,Yes,Yes,Fiber optic,No,No,No,No,No,No,Month-to-month,Yes,Electronic check,71.08,940.98,Yes
Male,1,No,Yes,14.0,Yes,No,Fiber optic,No,No,No,No,No,No,Month-to-month,Yes,Bank transfer (automatic),55.99,642.75,No
Female,0,Yes,Yes,23.0,Yes,Yes,Fiber optic,No,No,No,No,No,No,Month-to-month,No,Bank transfer (automatic),77.74,1961.36,No
Male,0,No,No,0.0,Yes,No,Fiber optic,No,Yes,No,No,No,No,Month-to-month,Yes,Bank transfer (automatic),75.82,0.0,Yes
Male,0,No,No,14.0,Yes,Yes,Fiber optic,No,No,No,No,No,No,Month-to-month,Yes,Electronic check,81.85,941.46,Yes
Female,0,No,No,29.0,Yes,No,Fiber optic,Yes,No,No,No,No,No,Month-to-month,Yes,Electronic check,78.16,2318.96,No
Male,1,Yes,No,31.0,Yes,No,Fiber optic,No,No,Yes,No,No,No,Month-to-month,Yes,Bank transfer (automatic),70.0,2241.46,No
Male,0,No,Yes,16.0,Yes,Yes,Fiber optic,No,No,No,No,No,No,Month-to-month,Yes,Bank transfer (automatic),69.73,1164.47,Yes
Female,0,No,No,5.0,Yes,Yes,Fiber optic,No,No,No,No,No,No,Month-to-month,No,Mailed check,76.07,457.74,Yes
Male,0,No,No,0.0,Yes,Yes,Fiber optic,No,No,No,No,No,No,Month-to-month,Yes,Electronic check,75.11,0.0,No
Female,0,No,No,17.0,Yes,Yes,Fiber optic,Yes,Yes,No,No,No,Yes,Month-to-month,Yes,Electronic check,93.65,1793.53,Yes
Female,0,Yes,Yes,31.0,Yes,No,Fiber optic,No,No,Yes,Yes,No,Yes,Month-to-month,Yes,Electronic check,83.29,2480.76,Yes
Female,1,Yes,Yes,3.0,Yes,No,Fiber optic,No,No,No,No,No,Yes,Month-to-month,Yes,Electronic check,76.46,188.08,No
Female,0,Yes,No,28.0,Yes,Yes,Fiber optic,No,No,Yes,No,No,No,Month-to-month,No,Bank transfer (automatic),84.94,2505.71,No
Female,1,No,No,19.0,Yes,Yes,Fiber optic,Yes,No,No,No,No,No,Month-to-month,No,Electronic check,79.85,1441.01,Yes
Male,1,Yes,No,12.0,Yes,Yes,Fiber optic,No,No,No,No,No,Yes,Month-to-month,Yes,Electronic check,85.44,1233.9,Yes
Female,0,Yes,No,13.0,Yes,No,Fiber optic,No,No,Yes,No,No,No,Month-to-month,Yes,Mailed check,77.6,901.09,Yes
Male,0,Yes,Yes,26.0,Yes,Yes,Fiber optic,No,No,No,No,No,No,Month-to-month,Yes,Electronic check,77.61,2128.75,No
Female,0,No,No,8.0,Yes,No,Fiber optic,No,No,Yes,Yes,No,No,Month-to-month,Yes,Electronic check,81.02,780.11,No
Male,0,Yes,No,0.0,Yes,No,Fiber optic,No,No,No,No,No,Yes,Month-to-month,Yes,Electronic check,72.51,0.0,No
Female,0,No,No,0.0,Yes,Yes,Fiber optic,No,No,No,No,No,No,Month-to-month,Yes,Electronic check,75.91,0.0,Yes
Male,0,No,No,0.0,Yes,No,Fiber optic,No,No,No,No,No,No,Month-to-month,Yes,Electronic check,56.82,0.0,Yes
Female,0,No,No,18.0,Yes,No,Fiber optic,No,No,No,No,No,No,Month-to-month,Yes,Electronic check,75.38,1233.04,No
Female,0,No,No,16.0,Yes,No,Fiber optic,Yes,No,Yes,No,No,No,Month-to-month,Yes,Mailed check,80.58,1386.72,Yes
Male,0,No,No,30.0,Yes,No,Fiber optic,Yes,Yes,No,No,No,No,Month-to-month,Yes,Electronic check,80.17,2459.87,Yes
Male,0,No,Yes,23.0,Yes,No,Fiber optic,No,No,No,No,No,No,Month-to-month,No,Electronic check,67.68,1692.58,Yes
Female,0,No,No,9.0,Yes,No,Fiber optic,Yes,No,No,No,No,No,Month-to-month,Yes,Bank transfer (automatic),71.98,531.16,Yes
Female,0,No,No,25.0,Yes,No,Fiber optic,Yes,Yes,No,No,No,No,Month-to-month,Yes,Bank transfer (automatic),85.09,1968.02,No
Female,1,No,No,31.0,Yes,No,Fiber optic,No,Yes,Yes,Yes,No,No,Month-to-month,Yes,Electronic check,87.84,2513.64,No
Male,1,No,Yes,41.0,Yes,Yes,Fiber optic,No,Yes,No,No,No,Yes,Month-to-month,Yes,Electronic check,85.46,3592.04,Yes
Male,1,Yes,Yes,34.0,Yes,Yes,Fiber optic,No,Yes,No,No,No,Yes,Month-to-month,Yes,Electronic check,84.75,2994.11,Yes
Female,1,Yes,No,0.0,Yes,No,Fiber optic,No,No,No,No,No,No,Month-to-month,Yes,Electronic check,79.31,0.0,Yes
Male,0,Yes,No,46.0,Yes,Yes,Fiber optic,Yes,No,Yes,Yes,No,No,Month-to-month,No,Bank transfer (automatic),86.1,4001.72,No
Male,0,No,No,29.0,Yes,Yes,Fiber optic,No,Yes,Yes,No,No,Yes,Month-to-month,Yes,Electronic check,96.67,3089.16,Yes
Male,0,No,No,-0.0,Yes,No,Fiber optic,Yes,No,No,No,No,Yes,Month-to-month,Yes,Electronic check,80.44,0.0,Yes
Female,0,Yes,Yes,20.0,Yes,Yes,Fiber optic,No,No,No,No,No,No,Month-to-month,Yes,Electronic check,78.22,1814.07,Yes
Female,1,No,No,30.0,Yes,Yes,Fiber optic,Yes,No,No,No,No,No,Month-to-month,No,Electronic check,84.11,2595.94,No
Male,0,Yes,No,44.0,Yes,Yes,Fiber optic,Yes,No,No,No,No,Yes,Month-to-month,Yes,Electronic check,82.64,3695.52,No
Male,1,No,No,20.0,Yes,Yes,Fiber optic,No,No,No,No,No,No,Month-to-month,No,Bank transfer (automatic),65.83,1348.61,Yes
Female,1,No,No,37.0,Yes,No,Fiber optic,No,Yes,No,Yes,No,No,Month-to-month,No,Electronic check,78.15,3138.1,Yes
Male,0,Yes,Yes,14.0,Yes,Yes,Fiber optic,No,No,No,No,No,No,Month-to-month,Yes,Electronic check,77.18,1119.03,Yes
Male,1,Yes,No,26.0,Yes,No,Fiber optic,No,No,No,No,No,No,Month-to-month,Yes,Bank transfer (automatic),75.37,2293.09,No
Male,1,No,No,0.0,Yes,No,Fiber optic,No,No,No,No,No,No,Month-to-month,No,Electronic check,65.65,0.0,Yes
Female,0,No,No,10.0,Yes,No,Fiber optic,No,No,Yes,Yes,No,No,Month-to-month,Yes,Electronic check,82.56,993.61,Yes
Male,0,Yes,No,23.0,Yes,No,Fiber optic,No,No,No,No,No,No,Month-to-month,Yes,Bank transfer (automatic),77.17,1857.62,No
Female,1,No,No,19.0,Yes,No,Fiber optic,No,No,Yes,No,No,No,Month-to-month,Yes,Electronic check,83.91,1716.85,No
Male,1,No,No,50.0,Yes,Yes,Fiber optic,No,Yes,No,No,No,Yes,Month-to-month,Yes,Electronic check,88.42,4228.43,No
Female,1,Yes,No,10.0,Yes,No,Fiber optic,No,No,No,No,No,Yes,Month-to-month,Yes,Electronic check,74.75,641.21,Yes
Male,0,No,Yes,21.0,Yes,No,Fiber optic,No,No,Yes,No,No,Yes,Month-to-month,Yes,Bank transfer (automatic),83.68,2093.01,Yes
Female,1,No,No,32.0,Yes,No,Fiber optic,No,Yes,No,No,No,No,Month-to-month,No,Electronic check,73.97,2848.76,Yes
Female,1,No,No,0.0,Yes,No,Fiber optic,No,No,No,No,No,No,Month-to-month,Yes,Electronic check,73.06,0.0,Yes
Male,0,No,No,20.0,Yes,No,Fiber optic,Yes,No,No,No,No,Yes,Month-to-month,No,Electronic check,78.29,1483.89,Yes
Female,0,Yes,Yes,13.0,Yes,Yes,Fiber optic,No,Yes,Yes,No,No,Yes,Month-to-month,Yes,Electronic check,97.62,1452.44,No
Female,0,Yes,No,0.0,Yes,Yes,Fiber optic,Yes,No,No,No,No,No,Month-to-month,Yes,Bank transfer (automatic),76.02,0.0,Yes
Female,0,No,No,14.0,Yes,No,Fiber optic,No,Yes,Yes,No,No,Yes,Month-to-month,Yes,Mailed check,83.63,1260.58,Yes
Female,0,No,No,4.0,Yes,No,Fiber optic,No,Yes,No,No,No,No,Month-to-month,No,Electronic check,76.4,367.81,No
Female,0,Yes,Yes,16.0,Yes,Yes,Fiber optic,No,No,Yes,No,No,Yes,Month-to-month,Yes,Mailed check,94.19,1502.32,No
Female,0,No,No,6.0,Yes,No,Fiber optic,No,Yes,No,No,No,No,Month-to-month,No,Mailed check,73.87,533.43,No
Male,0,Yes,No,9.0,Yes,No,Fiber optic,No,No,No,Yes,No,No,Month-to-month,No,Electronic check,81.36,865.65,Yes
Female,0,Yes,Yes,27.0,Yes,No,Fiber optic,No,No,Yes,No,No,Yes,Month-to-month,No,Electronic check,88.69,2490.13,No
Male,1,Yes,Yes,23.0,Yes,No,Fiber optic,No,No,No,No,No,No,Month-to-month,No,Bank transfer (automatic),71.87,1825.77,No
Male,0,No,No,42.0,Yes,Yes,Fiber optic,No,No,Yes,No,No,Yes,Month-to-month,Yes,Mailed check,86.18,3883.48,No
Male,1,No,No,0.0,Yes,No,Fiber optic,No,No,No,No,No,Yes,Month-to-month,Yes,Electronic check,80.79,0.0,Yes
Female,0,No,No,23.0,Yes,Yes,Fiber optic,Yes,Yes,No,No,No,No,Month-to-month,No,Electronic check,78.04,1742.81,No
Male,0,No,No,0.0,Yes,No,Fiber optic,No,No,No,No,No,No,Month-to-month,Yes,Electronic check,63.44,0.0,No
Female,0,No,No,6.0,Yes,No,Fiber optic,No,No,No,No,No,Yes,Month-to-month,No,Mailed check,87.22,629.8,No
Female,0,No,No,0.0,Yes,No,Fiber optic,Yes,No,No,No,No,Yes,Month-to-month,Yes,Mailed check,82.4,0.0,No
Male,0,No,No,11.0,Yes,No,Fiber optic,No,Yes,Yes,No,No,No,Month-to-month,Yes,Bank transfer (automatic),69.44,912.3,Yes
Male,0,Yes,No,11.0,Yes,Yes,Fiber optic,No,No,No,No,No,Yes,Month-to-month,No,Mailed check,75.92,684.73,No
Male,0,Yes,No,9.0,Yes,No,Fiber optic,No,No,Yes,No,No,No,Month-to-month,Yes,Electronic check,80.96,821.02,No
Male,0,No,No,13.0,Yes,Yes,Fiber optic,No,Yes,No,No,No,Yes,Month-to-month,Yes,Electronic check,92.7,1450.31,Yes
Male,0,No,No,0.0,Yes,No,Fiber optic,No,No,No,Yes,No,No,Month-to-month,Yes,Mailed check,71.71,0.0,Yes
Female,0,Yes,Yes,14.0,Yes,No,Fiber optic,No,No,No,No,No,No,Month-to-month,Yes,Electronic check,65.96,1030.86,Yes
Female,1,No,No,21.0,Yes,Yes,Fiber optic,No,Yes,Yes,Yes,No,Yes,Month-to-month,Yes,Bank transfer (automatic),92.33,1932.89,Yes
Male,0,No,Yes,30.0,Yes,Yes,Fiber optic,No,No,No,No,No,No,Month-to-month,No,Electronic check,83.25,2697.74,No
Female,1,Yes,No,21.0,Yes,Yes,Fiber optic,No,No,Yes,No,No,Yes,Month-to-month,Yes,Bank transfer (automatic),96.13,1874.51,No
Female,1,No,No,14.0,Yes,No,Fiber optic,No,Yes,No,No,No,Yes,Month-to-month,Yes,Electronic check,85.96,1071.95,Yes
Female,0,Yes,Yes,57.0,Yes,Yes,Fiber optic,No,Yes,No,No,No,No,Month-to-month,Yes,Electronic check,84.16,4746.2,Yes
Female,0,Yes,Yes,36.0,Yes,No,Fiber optic,No,No,Yes,No,No,No,Month-to-month,Yes,Electronic check,83.45,2943.5,Yes
Male,0,No,No,40.0,Yes,No,Fiber optic,No,No,No,No,No,No,Month-to-month,No,Mailed check,70.22,3181.0,No
Male,1,No,Yes,0.0,Yes,Yes,Fiber optic,No,No,Yes,No,No,No,Month-to-month,Yes,Electronic check,67.58,0.0,Yes
Female,0,Yes,No,60.0,Yes,Yes,Fiber optic,No,No,No,No,No,Yes,Month-to-month,Yes,Electronic check,84.88,4754.44,No
Female,0,Yes,No,58.0,Yes,Yes,Fiber optic,No,No,No,No,No,Yes,Month-to-month,Yes,Electronic check,81.43,4586.29,No
Male,0,Yes,Yes,14.0,Yes,No,Fiber optic,Yes,No,Yes,No,No,No,Month-to-month,No,Mailed check,75.38,1085.51,No
Male,1,No,No,6.0,Yes,Yes,Fiber optic,No,No,No,No,No,No,Month-to-month,Yes,Electronic check,71.66,352.55,Yes
Male,0,No,No,0.0,Yes,Yes,Fiber optic,Yes,No,No,No,No,Yes,Month-to-month,Yes,Electronic check,86.25,0.0,No
Female,0,No,No,0.0,Yes,No,Fiber optic,No,No,Yes,No,No,Yes,Month-to-month,Yes,Electronic check,83.77,0.0,Yes
Female,1,No,No,29.0,Yes,Yes,Fiber optic,No,No,Yes,No,No,No,Month-to-month,Yes,Electronic check,82.76,2620.65,Yes
Male,0,Yes,Yes,22.0,Yes,Yes,Fiber optic,No,No,No,No,No,Yes,Month-to-month,Yes,Bank transfer (automatic),85.49,2098.65,Yes
Female,1,Yes,Yes,25.0,Yes,Yes,Fiber optic,No,No,No,No,No,No,Month-to-month,Yes,Electronic check,83.28,2113.34,Yes
Male,1,No,No,10.0,Yes,No,Fiber optic,No,No,No,No,No,No,Month-to-month,Yes,Electronic check,72.26,869.72,No
Female,0,No,No,12.0,Yes,No,Fiber optic,No,No,No,No,No,No,Month-to-month,Yes,Electronic check,71.79,983.34,Yes
Female,0,No,No,33.0,Yes,Yes,Fiber optic,No,Yes,Yes,No,No,No,Month-to-month,No,Electronic check,94.02,3061.56,No
Male,1,No,No,27.0,Yes,Yes,Fiber optic,No,Yes,No,No,No,No,Month-to-month,No,Electronic check,79.69,1989.74,No
Female,0,Yes,No,32.0,Yes,No,Fiber optic,No,Yes,No,No,No,No,Month-to-month,No,Electronic check,77.77,2832.23,No
Male,1,Yes,No,48.0,Yes,Yes,Fiber optic,Yes,Yes,No,No,No,Yes,Month-to-month,Yes,Electronic check,91.75,4227.84,No
Female,0,Yes,No,23.0,Yes,Yes,Fiber optic,No,No,Yes,No,No,Yes,Month-to-month,Yes,Electronic check,88.47,2187.98,Yes
Female,0,No,No,0.0,Yes,No,Fiber optic,No,No,No,No,No,No,Month-to-month,Yes,Mailed check,75.08,0.0,Yes
Male,0,No,Yes,25.0,Yes,No,Fiber optic,No,No,No,No,No,Yes,Month-to-month,No,Electronic check,75.66,1897.22,No
Female,0,No,No,6.0,Yes,Yes,Fiber optic,No,No,No,No,No,No,Month-to-month,No,Bank transfer (automatic),80.45,578.06,Yes
Female,1,No,No,0.0,Yes,No,Fiber optic,No,No,No,No,No,Yes,Month-to-month,Yes,Electronic check,82.51,0.0,Yes
Male,0,No,No,0.0,Yes,No,Fiber optic,No,No,No,No,No,No,Month-to-month,No,Electronic check,65.55,0.0,Yes
Female,0,No,No,0.0,Yes,No,Fiber optic,No,No,No,No,No,Yes,Month-to-month,Yes,Electronic check,75.22,0.0,No
Female,0,No,No,11.0,Yes,No,Fiber optic,No,No,No,No,No,Yes,Month-to-month,No,Electronic check,84.21,889.42,No
Female,0,Yes,No,35.0,Yes,Yes,Fiber optic,No,Yes,Yes,Yes,No,Yes,Month-to-month,Yes,Bank transfer (automatic),90.94,2992.35,Yes
Male,0,No,No,0.0,Yes,No,Fiber optic,No,No,No,No,No,No,Month-to-month,No,Electronic check,72.97,0.0,Yes
Female,0,No,No,2.0,Yes,No,Fiber optic,No,No,Yes,No,No,No,Month-to-month,Yes,Mailed check,79.19,129.86,Yes
Female,1,No,No,6.0,Yes,No,Fiber optic,No,No,No,No,No,No,Month-to-month,Yes,Electronic check,69.35,341.16,No
Male,1,Yes,No,0.0,Yes,No,Fiber optic,No,No,No,No,No,Yes,Month-to-month,No,Mailed check,72.7,0.0,Yes
Male,0,No,No,33.0,Yes,No,Fiber optic,No,No,No,Yes,No,Yes,Month-to-month,Yes,Bank transfer (automatic),85.08,2563.73,No
Female,0,No,No,0.0,Yes,No,Fiber optic,No,No,No,No,No,No,Month-to-month,Yes,Electronic check,63.49,0.0,Yes
Female,0,No,No,25.0,Yes,Yes,Fiber optic,No,Yes,No,No,No,No,Month-to-month,Yes,Bank transfer (automatic),80.88,2138.04,No
Male,1,No,No,35.0,Yes,No,Fiber optic,No,No,No,No,No,Yes,Month-to-month,Yes,Bank transfer (automatic),75.62,2830.52,No
Female,1,No,No,6.0,Yes,No,Fiber optic,No,No,No,Yes,No,Yes,Month-to-month,No,Mailed check,79.83,454.95,Yes
Female,0,No,No,17.0,Yes,No,Fiber optic,No,No,Yes,No,No,No,Month-to-month,Yes,Bank transfer (automatic),75.09,1046.61,No
Female,1,No,No,7.0,Yes,Yes,Fiber optic,Yes,No,No,No,No,No,Month-to-month,Yes,Electronic check,79.3,668.11,Yes
Female,0,No,Yes,3.0,Yes,No,Fiber optic,No,No,No,Yes,No,No,Month-to-month,Yes,Electronic check,71.72,176.41,Yes
Female,0,No,No,5.0,Yes,No,Fiber optic,No,Yes,Yes,No,No,Yes,Month-to-month,No,Electronic check,84.11,344.83,No
Female,0,No,No,0.0,Yes,Yes,Fiber optic,No,No,No,No,No,No,Month-to-month,No,Bank transfer (automatic),77.91,0.0,No
Male,1,No,No,13.0,Yes,Yes,Fiber optic,Yes,No,No,Yes,No,No,Month-to-month,Yes,Bank transfer (automatic),76.36,888.01,No
Female,1,No,No,0.0,Yes,No,Fiber optic,No,Yes,No,No,No,Yes,Month-to-month,Yes,Electronic check,80.63,0.0,Yes
Male,0,No,Yes,34.0,Yes,Yes,Fiber optic,No,No,No,No,No,Yes,Month-to-month,Yes,Electronic check,84.26,2549.3,No
Female,1,No,No,8.0,Yes,No,Fiber optic,Yes,No,No,No,No,Yes,Month-to-month,Yes,Electronic check,84.53,813.88,Yes
Female,1,Yes,No,25.0,Yes,No,Fiber optic,No,No,No,No,No,Yes,Month-to-month,Yes,Electronic check,85.07,1810.13,Yes
Female,1,Yes,No,15.0,Yes,No,Fiber optic,No,No,No,No,No,Yes,Month-to-month,Yes,Electronic check,72.58,892.68,Yes
Male,1,No,No,0.0,Yes,Yes,Fiber optic,No,No,No,No,No,No,Month-to-month,Yes,Electronic check,78.44,0.0,Yes
Female,0,No,No,44.0,Yes,Yes,Fiber optic,Yes,Yes,No,No,No,No,Month-to-month,No,Electronic check,88.89,3591.56,No
Male,0,Yes,No,16.0,Yes,No,Fiber optic,No,No,Yes,No,No,Yes,Month-to-month,Yes,Bank transfer (automatic),81.39,1256.84,No
Female,0,No,No,0.0,Yes,Yes,Fiber optic,No,No,Yes,No,No,No,Month-to-month,No,Mailed check,84.38,0.0,Yes
Female,0,No,No,12.0,Yes,Yes,Fiber optic,No,No,No,No,No,No,Month-to-month,No,Mailed check,74.93,742.74,Yes
Male,1,No,No,3.0,Yes,Yes,Fiber optic,No,No,No,No,No,Yes,Month-to-month,Yes,Electronic check,87.39,226.81,Yes
Male,1,No,No,0.0,Yes,No,Fiber optic,No,Yes,No,No,No,No,Month-to-month,Yes,Electronic check,73.86,0.0,Yes
Male,0,No,No,15.0,Yes,No,Fiber optic,No,No,No,No,No,Yes,Month-to-month,Yes,Electronic check,75.6,1264.0,Yes
Female,0,Yes,Yes,41.0,Yes,Yes,Fiber optic,No,No,Yes,No,No,Yes,Month-to-month,Yes,Electronic check,83.55,3577.36,No
Female,1,No,No,32.0,Yes,Yes,Fiber optic,Yes,No,No,No,No,No,Month-to-month,No,Electronic check,80.74,2455.93,No
Male,1,No,No,1.0,Yes,No,Fiber optic,No,Yes,Yes,No,No,Yes,Month-to-month,Yes,Electronic check,91.27,109.84,Yes
Female,0,Yes,No,0.0,Yes,Yes,Fiber optic,No,No,No,No,No,No,Month-to-month,No,Electronic check,71.64,0.0,No
Female,0,No,No,0.0,Yes,No,Fiber optic,No,Yes,No,No,No,No,Month-to-month,Yes,Mailed check,72.08,0.0,Yes
Female,1,Yes,No,42.0,Yes,Yes,Fiber optic,Yes,Yes,No,No,No,No,Month-to-month,Yes,Electronic check,78.21,3457.7,No
Male,0,No,No,0.0,Yes,Yes,Fiber optic,No,No,No,No,No,Yes,Month-to-month,No,Mailed check,82.47,0.0,Yes
Male,0,Yes,No,45.0,Yes,No,Fiber optic,No,No,No,No,No,Yes,Month-to-month,Yes,Mailed check,73.87,3626.01,No
Male,0,No,No,8.0,Yes,Yes,Fiber optic,No,No,Yes,No,No,No,Month-to-month,Yes,Electronic check,81.27,782.46,Yes
Female,0,No,No,33.0,Yes,Yes,Fiber optic,No,No,No,No,No,No,Month-to-month,No,Mailed check,75.39,2582.61,No
Female,1,No,No,0.0,Yes,Yes,Fiber optic,No,No,No,No,No,No,Month-to-month,No,Mailed check,77.44,0.0,Yes
Female,0,Yes,No,27.0,Yes,No,Fiber optic,No,No,No,No,No,Yes,Month-to-month,Yes,Bank transfer (automatic),84.97,2503.02,No
Female,1,Yes,No,13.0,Yes,No,Fiber optic,No,No,No,No,No,No,Month-to-month,No,Electronic check,68.24,951.49,No
Female,0,No,No,14.0,Yes,No,Fiber optic,No,Yes,Yes,No,No,No,Month-to-month,No,Electronic check,81.81,1116.41,No
Male,0,No,No,4.0,Yes,Yes,Fiber optic,No,No,No,No,No,No,Month-to-month,No,Electronic check,70.61,231.58,No
Female,0,No,No,9.0,Yes,No,Fiber optic,No,No,No,No,No,No,Month-to-month,No,Electronic check,76.16,562.0,Yes
Female,0,No,Yes,19.0,Yes,Yes,Fiber optic,Yes,No,No,No,No,Yes,Month-to-month,Yes,Electronic check,87.52,1417.88,No
Male,1,Yes,No,19.0,Yes,No,Fiber optic,No,Yes,Yes,No,No,No,Month-to-month,No,Bank transfer (automatic),70.97,1622.84,No
Male,0,No,No,5.0,Yes,No,Fiber optic,Yes,No,Yes,No,No,No,Month-to-month,Yes,Electronic check,85.16,512.44,Yes
Male,1,No,No,32.0,Yes,Yes,Fiber optic,No,No,Yes,No,No,No,Month-to-month,Yes,Bank transfer (automatic),84.23,2576.74,No
Female,1,Yes,No,31.0,Yes,No,Fiber optic,No,No,No,No,No,No,Month-to-month,No,Bank transfer (automatic),75.27,2469.59,Yes
Female,0,Yes,Yes,15.0,Yes,No,Fiber optic,No,No,No,No,No,No,Month-to-month,Yes,Bank transfer (automatic),65.33,1179.34,No
Male,0,Yes,No,35.0,Yes,No,Fiber optic,Yes,No,No,No,No,Yes,Month-to-month,No,Electronic check,75.88,2671.32,No
Male,1,Yes,No,70.0,Yes,Yes,Fiber optic,Yes,Yes,Yes,No,No,No,Month-to-month,No,Bank transfer (automatic),91.53,5980.87,No
Female,1,No,No,25.0,Yes,No,Fiber optic,No,No,No,No,No,No,Month-to-month,No,Bank transfer (automatic),66.93,1699.29,No
Female,0,No,Yes,8.0,Yes,Yes,Fiber optic,No,No,No,No,No,Yes,Month-to-month,No,Electronic check,82.48,794.16,No
Female,0,No,No,10.0,Yes,Yes,Fiber optic,No,No,No,No,No,No,Month-to-month,Yes,Mailed check,79.58,799.09,No
Male,0,No,No,21.0,Yes,Yes,Fiber optic,No,No,No,No,No,No,Month-to-month,Yes,Electronic check,70.13,1430.0,No
Female,0,Yes,No,0.0,Yes,No,Fiber optic,No,No,Yes,No,No,No,Month-to-month,No,Electronic check,73.22,0.0,Yes
Female,1,Yes,Yes,67.0,Yes,No,Fiber optic,No,Yes,No,Yes,No,No,Month-to-month,Yes,Bank transfer (automatic),82.9,5701.49,No
Female,0,No,No,0.0,Yes,No,Fiber optic,No,No,No,No,No,No,Month-to-month,Yes,Electronic check,76.61,0.0,Yes
Male,0,No,Yes,4.0,Yes,Yes,Fiber optic,No,No,No,No,No,No,Month-to-month,No,Bank transfer (automatic),76.45,250.72,Yes
Male,1,No,No,15.0,Yes,Yes,Fiber optic,No,No,No,No,No,No,Month-to-month,Yes,Electronic check,74.45,1167.83,Yes
Female,0,Yes,No,17.0,Yes,No,Fiber optic,No,No,Yes,No,No,No,Month-to-month,Yes,Bank transfer (automatic),71.91,1333.22,Yes
Male,0,Yes,Yes,48.0,Yes,Yes,Fiber optic,No,Yes,No,No,No,No,Month-to-month,Yes,Electronic check,88.81,3985.67,No
Female,1,No,No,1.0,Yes,Yes,Fiber optic,No,No,No,No,No,No,Month-to-month,No,Bank transfer (automatic),75.37,61.8,No
Male,0,No,No,8.0,Yes,Yes,Fiber optic,No,Yes,Yes,No,No,No,Month-to-month,Yes,Bank transfer (automatic),82.46,664.7,Yes
Female,0,No,No,41.0,Yes,No,Fiber optic,Yes,No,No,No,No,No,Month-to-month,Yes,Mailed check,74.09,3397.78,Yes
Male,0,Yes,No,28.0,Yes,No,Fiber optic,No,Yes,No,No,No,No,Month-to-month,No,Electronic check,81.59,2279.44,No
Male,0,Yes,No,33.0,Yes,Yes,Fiber optic,No,No,No,No,No,Yes,Month-to-month,Yes,Bank transfer (automatic),82.8,2870.4,Yes
Female,0,No,No,2.0,Yes,No,Fiber optic,No,No,No,No,No,No,Month-to-month,Yes,Mailed check,71.79,158.06,No
Male,0,No,No,0.0,Yes,No,Fiber optic,Yes,No,No,No,No,No,Month-to-month,Yes,Electronic check,71.69,0.0,No
Female,0,Yes,No,18.0,Yes,No,Fiber optic,Yes,Yes,No,No,No,No,Month-to-month,Yes,Bank transfer (automatic),80.47,1629.68,Yes
Male,1,Yes,No,20.0,Yes,Yes,Fiber optic,No,No,Yes,No,No,No,Month-to-month,Yes,Electronic check,74.67,1513.66,Yes
Female,1,Yes,No,23.0,Yes,No,Fiber optic,No,Yes,Yes,No,No,No,Month-to-month,Yes,Electronic check,82.58,1744.55,Yes
Male,0,No,No,0.0,Yes,No,Fiber optic,No,No,Yes,No,No,No,Month-to-month,Yes,Electronic check,73.34,0.0,Yes
Female,0,No,Yes,2.0,Yes,No,Fiber optic,Yes,No,No,No,No,No,Month-to-month,Yes,Bank transfer (automatic),70.19,168.94,No
Male,1,No,No,57.0,Yes,Yes,Fiber optic,No,No,No,No,No,No,Month-to-month,Yes,Electronic check,84.19,4482.9,No
Male,1,No,No,42.0,Yes,No,Fiber optic,No,Yes,No,No,No,No,Month-to-month,No,Electronic check,72.65,3013.58,Yes
Female,0,No,No,23.0,Yes,No,Fiber optic,Yes,No,No,No,No,No,Month-to-month,Yes,Electronic check,80.23,1817.26,No
Male,1,No,No,15.0,Yes,No,Fiber optic,Yes,Yes,No,No,No,No,Month-to-month,Yes,Electronic check,76.05,1123.73,No
Male,0,No,Yes,42.0,Yes,No,Fiber optic,Yes,Yes,No,No,No,No,Month-to-month,No,Electronic check,76.97,3432.4,No
Male,1,No,No,9.0,Yes,No,Fiber optic,No,Yes,No,No,No,No,Month-to-month,Yes,Electronic check,74.26,792.18,Yes
Male,0,No,No,0.0,Yes,No,Fiber optic,No,No,No,No,No,Yes,Month-to-month,Yes,Electronic check,74.56,0.0,No
Male,0,Yes,Yes,18.0,Yes,Yes,Fiber optic,No,Yes,No,No,No,Yes,Month-to-month,Yes,Electronic check,90.64,1963.62,Yes
Male,1,Yes,No,18.0,Yes,Yes,Fiber optic,No,No,No,No,No,No,Month-to-month,Yes,Electronic check,70.93,1110.02,No
Male,1,No,No,35.0,Yes,No,Fiber optic,No,Yes,Yes,No,No,No,Month-to-month,Yes,Bank transfer (automatic),85.74,3429.41,No
Female,0,No,No,0.0,Yes,No,Fiber optic,No,No,No,No,No,No,Month-to-month,No,Electronic check,71.41,0.0,Yes
Female,0,No,No,0.0,Yes,No,Fiber optic,No,No,Yes,No,No,No,Month-to-month,No,Electronic check,77.39,0.0,Yes
Female,1,Yes,No,0.0,Yes,No,Fiber optic,No,Yes,No,No,No,No,Month-to-month,Yes,Mailed check,71.0,0.0,No
Female,0,No,No,0.0,Yes,No,Fiber optic,No,No,Yes,No,No,No,Month-to-month,Yes,Electronic check,70.09,0.0,Yes
Female,0,Yes,Yes,20.0,Yes,No,Fiber optic,Yes,No,Yes,No,No,Yes,Month-to-month,No,Electronic check,83.04,1998.84,No
Male,0,No,No,39.0,Yes,Yes,Fiber optic,No,No,No,No,No,No,Month-to-month,Yes,Electronic check,73.46,2979.82,Yes
Male,1,Yes,No,20.0,Yes,Yes,Fiber optic,No,Yes,No,No,No,Yes,Month-to-month,Yes,Electronic check,89.01,1742.3,Yes
Female,0,Yes,No,30.0,Yes,No,Fiber optic,Yes,No,Yes,No,No,No,Month-to-month,No,Bank transfer (automatic),77.94,2673.3,No
Female,1,No,Yes,32.0,Yes,Yes,Fiber optic,Yes,No,No,No,No,No,Month-to-month,No,Bank transfer (automatic),83.99,2716.69,Yes
Male,0,No,No,0.0,Yes,No,Fiber optic,No,No,No,No,No,Yes,Month-to-month,Yes,Bank transfer (automatic),77.4,0.0,No
Female,0,No,No,0.0,Yes,No,Fiber optic,No,No,No,Yes,No,Yes,Month-to-month,No,Mailed check,86.9,0.0,Yes
Male,0,No,No,35.0,Yes,No,Fiber optic,Yes,Yes,Yes,No,No,No,Month-to-month,No,Bank transfer (automatic),84.33,2837.47,Yes
Female,0,No,No,21.0,Yes,No,Fiber optic,No,No,No,No,No,No,Month-to-month,Yes,Mailed check,54.47,1376.77,No
Male,0,Yes,No,39.0,Yes,Yes,Fiber optic,Yes,No,No,No,No,No,Month-to-month,No,Electronic check,73.84,2888.33,No
Male,0,Yes,Yes,17.0,Yes,No,Fiber optic,No,No,No,No,No,No,Month-to-month,No,Electronic check,82.59,1483.29,No
Male,0,Yes,No,18.0,Yes,Yes,Fiber optic,No,Yes,No,No,No,No,Month-to-month,Yes,Electronic check,82.33,1683.53,No
Female,1,Yes,No,19.0,Yes,Yes,Fiber optic,No,No,Yes,No,No,Yes,Month-to-month,No,Electronic check,82.26,1598.25,Yes
Female,0,No,No,1.0,Yes,Yes,Fiber optic,No,No,No,No,No,No,Month-to-month,Yes,Electronic check,68.29,82.19,Yes
Male,0,No,No,0.0,Yes,No,Fiber optic,No,Yes,Yes,No,No,No,Month-to-month,No,Electronic check,77.51,0.0,Yes
Male,0,Yes,No,22.0,Yes,Yes,Fiber optic,No,No,Yes,No,No,Yes,Month-to-month,No,Electronic check,87.02,2190.11,No
Male,0,No,No,0.0,Yes,No,Fiber optic,No,No,No,No,No,No,Month-to-month,Yes,Mailed check,74.25,0.0,Yes
Female,0,No,No,19.0,Yes,Yes,Fiber optic,No,No,No,No,No,No,Month-to-month,Yes,Electronic check,75.63,1484.78,Yes
Male,1,No,No,18.0,Yes,No,Fiber optic,No,No,Yes,No,No,No,Month-to-month,No,Electronic check,76.42,1375.51,Yes
Female,0,No,No,0.0,Yes,No,Fiber optic,Yes,No,No,No,No,No,Month-to-month,No,Mailed check,68.44,0.0,Yes
Male,0,No,No,18.0,Yes,No,Fiber optic,No,No,Yes,No,No,Yes,Month-to-month,Yes,Electronic check,87.66,1786.57,No
Female,1,No,No,17.0,Yes,Yes,Fiber optic,No,Yes,No,No,No,No,Month-to-month,Yes,Electronic check,79.53,1429.48,No
Male,0,No,No,3.0,Yes,Yes,Fiber optic,No,No,Yes,No,No,No,Month-to-month,No,Mailed check,79.52,287.1,No
Male,1,No,No,0.0,Yes,Yes,Fiber optic,No,No,No,No,No,No,Month-to-month,Yes,Electronic check,72.02,0.0,Yes
Male,0,No,No,38.0,Yes,No,Fiber optic,No,No,No,Yes,No,No,Month-to-month,No,Electronic check,75.86,2888.11,No
Female,1,No,No,13.0,Yes,Yes,Fiber optic,No,No,Yes,No,No,No,Month-to-month,Yes,Electronic check,76.96,990.98,Yes
Male,0,No,No,30.0,Yes,Yes,Fiber optic,No,Yes,No,No,No,Yes,Month-to-month,Yes,Bank transfer (automatic),90.77,2635.54,Yes
Female,0,No,No,39.0,Yes,No,Fiber optic,No,Yes,No,No,No,Yes,Month-to-month,No,Electronic check,82.68,3140.21,Yes
Female,1,No,No,11.0,Yes,No,Fiber optic,Yes,Yes,No,No,No,Yes,Month-to-month,No,Electronic check,84.26,883.83,Yes
Female,1,No,No,42.0,Yes,Yes,Fiber optic,Yes,No,No,No,No,No,Month-to-month,Yes,Bank transfer (automatic),81.5,3479.45,Yes
Female,1,No,No,29.0,Yes,Yes,Fiber optic,No,No,No,No,No,No,Month-to-month,Yes,Electronic check,65.3,2279.11,No
Male,1,Yes,No,3.0,Yes,Yes,Fiber optic,No,No,No,No,No,No,Month-to-month,No,Electronic check,70.8,255.61,Yes
Female,0,No,No,24.0,Yes,Yes,Fiber optic,No,No,Yes,No,No,Yes,Month-to-month,Yes,Electronic check,83.45,2093.07,Yes
Male,0,Yes,No,6.0,Yes,Yes,Fiber optic,No,No,Yes,No,No,Yes,Month-to-month,No,Electronic check,84.42,554.77,Yes
Female,0,No,No,46.0,Yes,No,Fiber optic,No,Yes,Yes,No,No,Yes,Month-to-month,Yes,Electronic check,90.02,4189.42,Yes
Male,0,No,No,31.0,Yes,No,Fiber optic,No,No,No,No,No,Yes,Month-to-month,No,Electronic check,90.19,2703.09,No
Female,1,Yes,No,10.0,Yes,No,Fiber optic,Yes,Yes,No,No,No,No,Month-to-month,Yes,Electronic check,81.51,688.4,Yes
Male,0,No,No,0.0,Yes,No,Fiber optic,No,No,No,No,No,No,Month-to-month,Yes,Electronic check,60.98,0.0,Yes
Male,0,No,No,37.0,Yes,Yes,Fiber optic,No,Yes,No,No,No,No,Month-to-month,Yes,Bank transfer (automatic),85.05,3098.86,No
Female,0,No,No,27.0,Yes,No,Fiber optic,No,No,No,No,No,Yes,Month-to-month,Yes,Mailed check,78.98,2059.55,No
Female,0,Yes,No,19.0,Yes,Yes,Fiber optic,No,No,No,No,No,No,Month-to-month,No,Bank transfer (automatic),77.22,1594.9,Yes
Male,0,Yes,No,4.0,Yes,Yes,Fiber optic,No,No,No,No,No,No,Month-to-month,Yes,Bank transfer (automatic),75.04,358.06,Yes
Female,0,No,No,11.0,Yes,No,Fiber optic,No,Yes,No,No,No,No,Month-to-month,Yes,Electronic check,78.21,724.25,No
Male,1,Yes,No,19.0,Yes,No,Fiber optic,No,No,No,No,No,No,Month-to-month,Yes,Electronic check,72.17,1287.03,No
Female,1,No,No,5.0,Yes,Yes,Fiber optic,Yes,No,No,No,No,Yes,Month-to-month,Yes,Electronic check,89.26,537.12,No
Female,0,Yes,Yes,44.0,Yes,Yes,Fiber optic,No,No,No,No,No,Yes,Month-to-month,Yes,Electronic check,84.22,3562.48,No
Female,0,No,No,0.0,Yes,No,Fiber optic,Yes,No,No,No,No,Yes,Month-to-month,No,Electronic check,74.18,0.0,Yes
Male,1,Yes,No,24.0,Yes,No,Fiber optic,Yes,No,No,No,No,No,Month-to-month,Yes,Bank transfer (automatic),82.63,1811.72,No
Female,0,No,No,3.0,Yes,No,Fiber optic,No,No,No,No,No,Yes,Month-to-month,No,Electronic check,79.83,288.23,No
Female,0,Yes,No,23.0,Yes,Yes,Fiber optic,No,No,Yes,No,No,No,Month-to-month,Yes,Electronic check,78.81,2136.13,Yes
Female,0,No,No,19.0,Yes,Yes,Fiber optic,No,No,No,No,No,No,Month-to-month,Yes,Electronic check,73.88,1448.26,Yes
Male,0,No,Yes,47.0,Yes,Yes,Fiber optic,No,No,Yes,No,No,No,Month-to-month,Yes,Bank transfer (automatic),82.97,3809.92,Yes
Male,0,Yes,No,0.0,Yes,No,Fiber optic,No,No,No,No,No,No,Month-to-month,Yes,Electronic check,72.04,0.0,No
Male,0,Yes,No,27.0,Yes,Yes,Fiber optic,No,Yes,No,No,No,No,Month-to-month,Yes,Electronic check,79.59,2181.76,Yes
Male,1,No,No,34.0,Yes,Yes,Fiber optic,No,Yes,No,No,No,Yes,Month-to-month,Yes,Electronic check,79.85,2915.25,No
Male,0,No,Yes,3.0,Yes,Yes,Fiber optic,No,Yes,No,No,No,No,Month-to-month,Yes,Bank transfer (automatic),87.44,229.45,Yes
Female,0,Yes,No,0.0,Yes,No,Fiber optic,No,No,No,No,No,No,Month-to-month,Yes,Electronic check,70.71,0.0,Yes
Female,1,No,No,7.0,Yes,No,Fiber optic,Yes,No,No,No,No,Yes,Month-to-month,Yes,Mailed check,78.97,507.81,No
Male,0,No,No,17.0,Yes,Yes,Fiber optic,No,Yes,No,Yes,No,No,Month-to-month,Yes,Electronic check,81.75,1283.74,No
Female,0,No,No,29.0,Yes,Yes,Fiber optic,No,No,Yes,Yes,No,No,Month-to-month,Yes,Bank transfer (automatic),75.25,2027.35,No
Male,1,Yes,No,35.0,Yes,Yes,Fiber optic,No,No,No,No,No,No,Month-to-month,Yes,Electronic check,70.31,2454.65,No
Male,1,Yes,No,26.0,Yes,No,Fiber optic,No,Yes,No,No,No,No,Month-to-month,No,Bank transfer (automatic),77.45,2072.18,No
Male,0,No,No,17.0,Yes,No,Fiber optic,No,No,No,No,No,Yes,Month-to-month,No,Electronic check,75.95,1111.87,No
Male,0,Yes,Yes,39.0,Yes,No,Fiber optic,Yes,Yes,Yes,Yes,No,Yes,Month-to-month,Yes,Electronic check,94.66,3597.8,No
Male,0,No,Yes,21.0,Yes,Yes,Fiber optic,No,Yes,No,No,No,No,Month-to-month,Yes,Electronic check,76.3,1680.7,Yes
Female,0,No,No,16.0,Yes,No,Fiber optic,No,No,No,Yes,No,Yes,Month-to-month,Yes,Mailed check,80.64,1260.58,Yes
Female,0,No,No,67.0,Yes,Yes,Fiber optic,No,Yes,No,No,No,Yes,Month-to-month,No,Bank transfer (automatic),98.32,5405.4,No
Female,0,No,No,29.0,Yes,Yes,Fiber optic,No,No,No,No,No,No,Month-to-month,Yes,Electronic check,75.34,2108.5,Yes
Female,0,No,No,7.0,Yes,No,Fiber optic,No,Yes,No,No,No,No,Month-to-month,Yes,Electronic check,69.7,488.71,No
Female,0,No,Yes,35.0,Yes,No,Fiber optic,No,No,No,No,No,Yes,Month-to-month,Yes,Mailed check,81.38,3258.32,Yes
Female,0,Yes,No,53.0,Yes,Yes,Fiber optic,No,Yes,Yes,No,No,Yes,Month-to-month,Yes,Electronic check,88.33,4472.39,No
Female,0,Yes,No,17.0,Yes,Yes,Fiber optic,No,Yes,No,No,No,No,Month-to-month,Yes,Electronic check,90.46,1590.64,Yes
Female,1,Yes,No,19.0,Yes,Yes,Fiber optic,No,Yes,No,No,No,No,Month-to-month,Yes,Bank transfer (automatic),81.1,1808.77,Yes
Female,0,Yes,No,21.0,Yes,No,Fiber optic,No,No,No,No,No,No,Month-to-month,No,Bank transfer (automatic),70.73,1563.33,No
Female,1,No,No,5.0,Yes,Yes,Fiber optic,No,No,No,Yes,No,No,Month-to-month,Yes,Mailed check,76.73,435.99,Yes
Female,0,No,Yes,41.0,Yes,Yes,Fiber optic,No,No,No,No,No,No,Month-to-month,Yes,Electronic check,80.76,3341.36,No
Female,0,No,Yes,20.0,Yes,No,Fiber optic,No,No,Yes,No,No,No,Month-to-month,No,Mailed check,77.49,1792.05,No
Male,0,Yes,No,17.0,Yes,No,Fiber optic,No,No,No,No,No,No,Month-to-month,Yes,Electronic check,69.17,1114.81,Yes
Female,0,No,No,6.0,Yes,No,Fiber optic,No,No,No,No,No,No,Month-to-month,Yes,Electronic check,78.81,446.48,Yes
Female,0,Yes,No,32.0,Yes,No,Fiber optic,Yes,No,Yes,No,No,No,Month-to-month,No,Bank transfer (automatic),71.9,2568.87,Yes
Male,1,No,No,0.0,Yes,Yes,Fiber optic,No,No,No,No,No,No,Month-to-month,Yes,Mailed check,76.56,0.0,Yes
Male,0,No,No,5.0,Yes,Yes,Fiber optic,No,No,Yes,No,No,No,Month-to-month,Yes,Bank transfer (automatic),81.16,488.37,Yes
Female,1,Yes,No,40.0,Yes,No,Fiber optic,No,No,No,No,No,Yes,Month-to-month,No,Bank transfer (automatic),80.82,3504.22,Yes
Male,0,No,No,21.0,Yes,No,Fiber optic,No,Yes,No,No,No,No,Month-to-month,Yes,Electronic check,75.38,1602.91,Yes
Male,1,Yes,No,39.0,Yes,No,Fiber optic,No,Yes,No,Yes,No,Yes,Month-to-month,No,Mailed check,86.19,3639.91,Yes
Female,0,No,No,14.0,Yes,No,Fiber optic,Yes,Yes,No,No,No,No,Month-to-month,Yes,Bank transfer (automatic),76.82,1294.4,Yes
Female,0,Yes,Yes,6.0,Yes,No,Fiber optic,No,No,No,Yes,No,Yes,Month-to-month,No,Bank transfer (automatic),83.42,476.59,No
Female,1,No,No,18.0,Yes,Yes,Fiber optic,No,Yes,No,No,No,No,Month-to-month,No,Bank transfer (automatic),74.23,1387.09,Yes
Male,1,Yes,No,49.0,Yes,Yes,Fiber optic,Yes,Yes,No,No,No,Yes,Month-to-month,Yes,Electronic check,104.04,4343.02,No
Female,0,No,Yes,21.0,Yes,Yes,Fiber optic,Yes,No,No,No,No,No,Month-to-month,Yes,Mailed check,71.43,1420.09,Yes
Female,1,No,No,11.0,Yes,Yes,Fiber optic,No,No,No,No,No,No,Month-to-month,Yes,Electronic check,74.45,803.87,No
Male,0,No,No,36.0,Yes,No,Fiber optic,No,No,Yes,No,No,No,Month-to-month,Yes,Bank transfer (automatic),83.47,3413.36,Yes
Male,1,No,Yes,27.0,Yes,No,Fiber optic,No,Yes,No,No,No,No,Month-to-month,Yes,Electronic check,74.44,2093.25,No
Female,1,No,No,0.0,Yes,No,Fiber optic,No,Yes,Yes,No,No,No,Month-to-month,No,Mailed check,76.15,0.0,Yes
Female,0,Yes,Yes,18.0,Yes,No,Fiber optic,No,Yes,Yes,Yes,No,No,Month-to-month,Yes,Bank transfer (automatic),76.18,1487.24,No
Female,0,Yes,No,27.0,Yes,No,Fiber optic,Yes,No,No,No,No,Yes,Month-to-month,Yes,Electronic check,85.45,2258.56,No
Female,1,Yes,Yes,28.0,Yes,Yes,Fiber optic,Yes,No,No,No,No,No,Month-to-month,Yes,Electronic check,87.17,2792.54,Yes
Male,0,Yes,Yes,33.0,Yes,No,Fiber optic,No,No,No,No,No,Yes,Month-to-month,Yes,Electronic check,78.62,2760.97,No
Male,1,No,No,18.0,Yes,No,Fiber optic,No,No,No,No,No,No,Month-to-month,Yes,Electronic check,72.2,1199.03,Yes
Female,0,No,No,27.0,Yes,Yes,Fiber optic,No,Yes,Yes,Yes,No,Yes,Month-to-month,No,Electronic check,91.88,2358.63,No
Female,0,No,No,0.0,Yes,No,Fiber optic,No,Yes,No,No,No,Yes,Month-to-month,Yes,Electronic check,83.86,0.0,Yes
Male,0,Yes,No,25.0,Yes,Yes,Fiber optic,No,Yes,No,No,No,Yes,Month-to-month,Yes,Bank transfer (automatic),89.57,2307.98,Yes
Male,0,No,No,40.0,Yes,Yes,Fiber optic,No,Yes,No,No,No,No,Month-to-month,Yes,Electronic check,80.77,3122.34,No
Male,1,Yes,No,24.0,Yes,No,Fiber optic,No,Yes,Yes,No,No,Yes,Month-to-month,No,Bank transfer (automatic),99.77,2529.98,No
Male,0,No,No,0.0,Yes,Yes,Fiber optic,Yes,No,No,No,No,No,Month-to-month,Yes,Electronic check,73.3,0.0,Yes
Female,1,Yes,No,16.0,Yes,Yes,Fiber optic,No,Yes,Yes,No,No,Yes,Month-to-month,Yes,Electronic check,96.26,1853.63,No
Male,0,Yes,No,-0.0,Yes,No,Fiber optic,No,Yes,No,Yes,No,No,Month-to-month,Yes,Electronic check,76.15,0.0,Yes
Male,0,Yes,Yes,0.0,Yes,No,Fiber optic,No,No,Yes,No,No,No,Month-to-month,No,Mailed check,72.23,0.0,Yes
Female,1,Yes,No,63.0,Yes,Yes,Fiber optic,No,No,No,No,No,Yes,Month-to-month,Yes,Electronic check,85.71,4979.37,No
Female,1,Yes,No,23.0,Yes,No,Fiber optic,No,Yes,No,No,No,No,Month-to-month,Yes,Electronic check,68.26,1723.94,No
Female,0,No,No,0.0,Yes,Yes,Fiber optic,No,Yes,No,No,No,Yes,Month-to-month,No,Electronic check,87.94,0.0,No
Male,0,No,No,9.0,Yes,Yes,Fiber optic,No,No,No,No,No,Yes,Month-to-month,Yes,Electronic check,83.41,896.85,Yes
Male,1,Yes,No,20.0,Yes,Yes,Fiber optic,No,No,No,No,No,Yes,Month-to-month,Yes,Electronic check,81.83,1969.61,Yes
Male,0,No,No,57.0,Yes,Yes,Fiber optic,Yes,Yes,No,No,No,No,Month-to-month,No,Bank transfer (automatic),84.15,5173.06,No
Male,1,Yes,No,42.0,Yes,Yes,Fiber optic,No,Yes,Yes,No,No,No,Month-to-month,Yes,Electronic check,82.0,3764.52,Yes
Female,0,No,No,0.0,Yes,No,Fiber optic,No,No,No,No,No,No,Month-to-month,Yes,Mailed check,67.34,0.0,No
Male,1,No,No,11.0,Yes,Yes,Fiber optic,No,No,No,No,No,No,Month-to-month,Yes,Electronic check,75.22,859.72,Yes
Female,0,No,No,24.0,Yes,Yes,Fiber optic,No,No,No,No,No,Yes,Month-to-month,Yes,Mailed check,83.39,2199.52,Yes
Male,1,No,No,40.0,Yes,No,Fiber optic,No,No,No,No,No,No,Month-to-month,No,Electronic check,78.6,2825.85,No
Male,1,No,No,23.0,Yes,Yes,Fiber optic,No,Yes,No,No,No,Yes,Month-to-month,Yes,Electronic check,88.32,1713.43,Yes
Male,0,Yes,Yes,49.0,Yes,Yes,Fiber optic,No,Yes,Yes,No,No,Yes,Month-to-month,No,Electronic check,88.94,4008.64,No
Female,0,No,No,30.0,Yes,No,Fiber optic,No,No,Yes,No,No,No,Month-to-month,Yes,Bank transfer (automatic),82.17,2540.22,No
Male,1,Yes,No,28.0,Yes,Yes,Fiber optic,No,Yes,No,No,No,No,Month-to-month,No,Electronic check,85.76,2282.73,Yes
Female,1,Yes,No,18.0,Yes,Yes,Fiber optic,Yes,No,No,No,No,No,Month-to-month,Yes,Electronic check,81.49,1415.42,No
Female,0,No,No,8.0,Yes,No,Fiber optic,No,No,No,No,No,Yes,Month-to-month,No,Mailed check,70.09,515.02,Yes
Female,1,Yes,No,15.0,Yes,Yes,Fiber optic,No,Yes,No,Yes,No,Yes,Month-to-month,Yes,Electronic check,85.85,1299.54,No
Female,1,No,No,36.0,Yes,No,Fiber optic,Yes,No,No,No,No,No,Month-to-month,Yes,Electronic check,75.6,2881.08,No
Male,0,Yes,No,45.0,Yes,Yes,Fiber optic,No,No,No,No,No,No,Month-to-month,Yes,Electronic check,77.64,3565.36,No
Male,0,No,No,13.0,Yes,Yes,Fiber optic,No,Yes,No,No,No,No,Month-to-month,Yes,Bank transfer (automatic),86.23,1349.09,Yes
Female,0,No,No,20.0,Yes,Yes,Fiber optic,Yes,Yes,No,No,No,No,Month-to-month,No,Mailed check,80.02,1572.01,No
Female,0,No,No,30.0,Yes,No,Fiber optic,Yes,No,Yes,No,No,No,Month-to-month,Yes,Mailed check,76.13,2411.51,No
Female,0,No,No,19.0,Yes,Yes,Fiber optic,Yes,No,No,No,No,No,Month-to-month,Yes,Mailed check,75.73,1613.39,No
Female,1,Yes,Yes,10.0,Yes,Yes,Fiber optic,No,No,No,No,No,No,Month-to-month,Yes,Electronic check,76.69,628.82,No
Male,1,No,No,31.0,Yes,No,Fiber optic,No,No,No,No,No,Yes,Month-to-month,Yes,Electronic check,78.43,2412.41,No
Male,0,No,No,21.0,Yes,Yes,Fiber optic,No,No,No,No,No,No,Month-to-month,No,Electronic check,68.95,1384.65,No
Male,0,No,Yes,45.0,Yes,No,Fiber optic,No,Yes,Yes,Yes,No,No,Month-to-month,Yes,Bank transfer (automatic),89.27,4200.59,No
Female,0,No,No,46.0,Yes,Yes,Fiber optic,Yes,Yes,Yes,No,No,No,Month-to-month,Yes,Electronic check,82.63,3623.88,No
Female,1,Yes,No,24.0,Yes,Yes,Fiber optic,No,Yes,Yes,No,No,Yes,Month-to-month,Yes,Electronic check,90.61,2480.17,Yes
Male,0,No,No,9.0,Yes,No,Fiber optic,No,No,No,No,No,Yes,Month-to-month,No,Electronic check,73.92,545.48,Yes
Female,0,No,Yes,33.0,Yes,Yes,Fiber optic,Yes,No,No,No,No,Yes,Month-to-month,Yes,Bank transfer (automatic),89.3,2679.35,No
Female,0,Yes,No,29.0,Yes,No,Fiber optic,Yes,Yes,No,No,No,No,Month-to-month,Yes,Mailed check,80.66,2311.59,No
Male,1,No,Yes,22.0,Yes,No,Fiber optic,No,Yes,No,No,No,No,Month-to-month,Yes,Electronic check,82.24,2010.71,No
Male,0,Yes,No,38.0,Yes,No,Fiber optic,No,No,No,No,No,Yes,Month-to-month,No,Electronic check,80.17,3043.21,Yes
Female,0,No,No,55.0,Yes,No,Fiber optic,No,No,Yes,No,No,Yes,Month-to-month,No,Electronic check,94.06,5030.7,No
Male,0,No,No,31.0,Yes,No,Fiber optic,No,Yes,Yes,No,No,Yes,Month-to-month,Yes,Electronic check,87.48,2815.05,No
Female,0,No,No,23.0,Yes,Yes,Fiber optic,No,No,No,No,No,Yes,Month-to-month,Yes,Electronic check,91.43,2229.88,No
Male,0,No,No,19.0,Yes,Yes,Fiber optic,Yes,Yes,No,No,No,No,Month-to-month,Yes,Bank transfer (automatic),85.72,1839.83,Yes
Male,1,No,No,0.0,Yes,No,Fiber optic,No,Yes,Yes,No,No,No,Month-to-month,Yes,Electronic check,81.3,0.0,Yes
Male,0,Yes,Yes,32.0,Yes,Yes,Fiber optic,No,No,No,No,No,Yes,Month-to-month,Yes,Bank transfer (automatic),83.72,2827.3,Yes
Male,0,Yes,No,0.0,Yes,Yes,Fiber optic,Yes,No,No,No,No,No,Month-to-month,Yes,Bank transfer (automatic),81.63,0.0,Yes
Male,0,No,No,39.0,Yes,No,Fiber optic,Yes,Yes,No,No,No,No,Month-to-month,Yes,Electronic check,84.66,3222.35,No
Male,0,No,Yes,0.0,Yes,Yes,Fiber optic,No,No,No,No,No,Yes,Month-to-month,Yes,Bank transfer (automatic),84.44,0.0,No
Male,0,Yes,No,10.0,Yes,No,Fiber optic,No,No,Yes,No,No,Yes,Month-to-month,Yes,Electronic check,87.19,1049.38,No
Female,0,Yes,Yes,31.0,Yes,Yes,Fiber optic,No,No,Yes,No,No,Yes,Month-to-month,Yes,Electronic check,86.06,2556.76,Yes
Female,0,No,No,16.0,Yes,No,Fiber optic,No,No,Yes,No,No,Yes,Month-to-month,Yes,Electronic check,87.55,1441.98,Yes
Female,1,No,No,12.0,Yes,Yes,Fiber optic,No,No,No,No,No,Yes,Month-to-month,Yes,Electronic check,76.97,757.31,Yes
Male,1,Yes,No,54.0,Yes,No,Fiber optic,Yes,Yes,Yes,No,No,No,Month-to-month,Yes,Bank transfer (automatic),77.71,4542.88,No
Female,1,No,No,2.0,Yes,No,Fiber optic,No,No,No,No,No,No,Month-to-month,Yes,Electronic check,78.2,188.23,Yes
Female,0,No,No,39.0,Yes,Yes,Fiber optic,Yes,No,No,No,No,No,Month-to-month,Yes,Electronic check,77.92,3196.08,Yes
Female,0,Yes,No,23.0,Yes,Yes,Fiber optic,No,Yes,Yes,No,No,No,Month-to-month,Yes,Electronic check,87.79,1794.76,No
Male,0,No,No,15.0,Yes,No,Fiber optic,No,No,Yes,No,No,No,Month-to-month,Yes,Electronic check,76.51,1226.59,No
Female,1,Yes,No,29.0,Yes,Yes,Fiber optic,No,Yes,No,No,No,Yes,Month-to-month,Yes,Electronic check,88.88,2541.0,Yes
Male,1,No,No,0.0,Yes,No,Fiber optic,Yes,No,No,No,No,No,Month-to-month,No,Electronic check,67.17,0.0,No
Male,0,No,No,21.0,Yes,No,Fiber optic,No,No,Yes,No,No,Yes,Month-to-month,No,Bank transfer (automatic),80.01,1623.7,Yes
Female,0,No,No,0.0,Yes,No,Fiber optic,No,No,No,No,No,No,Month-to-month,Yes,Electronic check,71.94,0.0,Yes
Female,0,Yes,No,30.0,Yes,No,Fiber optic,No,No,No,No,No,Yes,Month-to-month,No,Electronic check,82.14,2144.1,No
Male,0,No,No,0.0,Yes,No,Fiber optic,No,No,Yes,No,No,No,Month-to-month,Yes,Electronic check,76.15,0.0,Yes
Female,0,No,No,7.0,Yes,No,Fiber optic,No,Yes,No,No,No,No,Month-to-month,Yes,Mailed check,82.37,570.95,Yes
Male,0,Yes,No,38.0,Yes,No,Fiber optic,No,Yes,Yes,No,No,Yes,Month-to-month,Yes,Electronic check,84.31,3097.6,No
Male,0,No,No,0.0,Yes,Yes,Fiber optic,No,No,Yes,Yes,No,Yes,Month-to-month,Yes,Electronic check,80.74,0.0,No
Female,0,No,No,0.0,Yes,Yes,Fiber optic,No,No,No,No,No,No,Month-to-month,Yes,Bank transfer (automatic),67.81,0.0,Yes
Female,0,No,No,3.0,Yes,Yes,Fiber optic,No,No,No,No,No,Yes,Month-to-month,Yes,Electronic check,81.78,295.26,Yes
Male,0,Yes,No,5.0,Yes,Yes,Fiber optic,No,No,No,No,No,Yes,Month-to-month,Yes,Mailed check,85.59,350.87,Yes
Male,1,No,No,0.0,Yes,Yes,Fiber optic,No,Yes,No,No,No,No,Month-to-month,Yes,Electronic check,82.17,0.0,Yes
Male,1,Yes,No,48.0,Yes,No,Fiber optic,No,No,Yes,Yes,No,Yes,Month-to-month,Yes,Electronic check,81.06,4145.17,No
Male,0,No,No,10.0,Yes,No,Fiber optic,No,No,No,No,No,No,Month-to-month,Yes,Electronic check,80.96,974.35,No
Male,0,No,No,46.0,Yes,Yes,Fiber optic,Yes,No,No,No,No,Yes,Month-to-month,No,Bank transfer (automatic),89.03,4033.86,No
Male,0,Yes,No,23.0,Yes,Yes,Fiber optic,No,No,No,Yes,No,No,Month-to-month,Yes,Electronic check,79.38,1891.33,Yes
Female,0,No,No,22.0,Yes,No,Fiber optic,No,No,No,No,No,No,Month-to-month,No,Electronic check,65.18,1725.76,Yes
Male,1,No,Yes,0.0,Yes,No,Fiber optic,Yes,No,No,Yes,No,No,Month-to-month,Yes,Electronic check,83.25,0.0,No
Female,0,No,No,0.0,Yes,Yes,Fiber optic,No,No,No,No,No,No,Month-to-month,Yes,Electronic check,77.44,0.0,Yes
Male,0,No,No,0.0,Yes,No,Fiber optic,No,Yes,No,Yes,No,No,Month-to-month,Yes,Electronic check,75.33,0.0,No
Male,1,No,No,0.0,Yes,Yes,Fiber optic,No,No,No,No,No,No,Month-to-month,No,Electronic check,78.85,0.0,Yes
Male,0,Yes,No,14.0,Yes,Yes,Fiber optic,No,No,Yes,No,No,Yes,Month-to-month,Yes,Electronic check,87.77,1478.92,Yes
Male,1,No,No,14.0,Yes,No,Fiber optic,Yes,No,No,No,No,Yes,Month-to-month,Yes,Electronic check,81.03,1365.33,No
Male,1,No,No,37.0,Yes,No,Fiber optic,No,Yes,No,No,No,No,Month-to-month,Yes,Electronic check,71.75,2881.57,No
Female,0,No,No,0.0,Yes,Yes,Fiber optic,No,No,No,No,No,No,Month-to-month,Yes,Electronic check,77.33,0.0,No
Female,0,No,No,0.0,Yes,Yes,Fiber optic,No,No,No,No,No,No,Month-to-month,Yes,Electronic check,82.49,0.0,Yes
Female,0,No,Yes,16.0,Yes,No,Fiber optic,No,Yes,No,No,No,Yes,Month-to-month,Yes,Bank transfer (automatic),88.29,1453.01,No
Male,1,Yes,Yes,15.0,Yes,No,Fiber optic,No,No,No,No,No,No,Month-to-month,Yes,Bank transfer (automatic),69.65,1257.34,No
Female,0,No,No,0.0,Yes,Yes,Fiber optic,No,No,No,No,No,Yes,Month-to-month,Yes,Mailed check,84.48,0.0,Yes
Male,0,No,No,24.0,Yes,Yes,Fiber optic,No,No,No,No,No,Yes,Month-to-month,Yes,Mailed check,79.37,2157.92,No
Female,0,No,No,7.0,Yes,No,Fiber optic,No,Yes,No,No,No,Yes,Month-to-month,No,Electronic check,82.45,473.22,Yes
Female,0,No,No,9.0,Yes,Yes,Fiber optic,No,Yes,No,No,No,Yes,Month-to-month,No,Electronic check,88.15,954.84,Yes
Male,1,Yes,No,55.0,Yes,Yes,Fiber optic,No,No,No,No,No,Yes,Month-to-month,Yes,Electronic check,82.43,4514.04,Yes
Male,1,Yes,No,0.0,Yes,Yes,Fiber optic,No,No,Yes,No,No,No,Month-to-month,Yes,Bank transfer (automatic),83.99,0.0,Yes
Male,0,No,No,23.0,Yes,No,Fiber optic,No,Yes,No,No,No,No,Month-to-month,Yes,Mailed check,79.03,1554.05,No
Female,0,No,No,17.0,Yes,Yes,Fiber optic,No,Yes,No,No,No,Yes,Month-to-month,No,Electronic check,96.98,1740.2,No
Female,0,Yes,No,9.0,Yes,No,Fiber optic,Yes,Yes,No,No,No,No,Month-to-month,Yes,Electronic check,80.61,594.82,Yes
Male,1,No,No,4.0,Yes,Yes,Fiber optic,No,No,No,No,No,No,Month-to-month,No,Electronic check,82.14,373.22,No
Male,0,No,Yes,7.0,Yes,No,Fiber optic,No,No,No,No,No,No,Month-to-month,Yes,Electronic check,75.51,636.11,Yes
Male,0,Yes,No,34.0,Yes,No,Fiber optic,No,Yes,Yes,No,No,No,Month-to-month,No,Bank transfer (automatic),75.03,2719.44,No
Male,1,Yes,Yes,26.0,Yes,Yes,Fiber optic,No,No,Yes,No,No,No,Month-to-month,No,Mailed check,78.71,2091.71,Yes
Female,0,No,No,3.0,Yes,Yes,Fiber optic,No,No,No,No,No,No,Month-to-month,Yes,Electronic check,70.21,172.69,Yes
Female,1,No,No,23.0,Yes,No,Fiber optic,No,No,No,No,No,No,Month-to-month,Yes,Electronic check,78.3,2116.28,Yes
Male,1,Yes,No,5.0,Yes,No,Fiber optic,Yes,No,No,No,No,No,Month-to-month,No,Electronic check,71.44,429.92,No
Female,0,No,No,4.0,Yes,No,Fiber optic,No,Yes,No,Yes,No,No,Month-to-month,No,Electronic check,78.66,297.46,Yes
Female,0,Yes,No,27.0,Yes,Yes,Fiber optic,No,Yes,No,Yes,No,No,Month-to-month,No,Electronic check,79.83,2091.17,Yes
Male,0,No,No,12.0,Yes,Yes,Fiber optic,Yes,Yes,Yes,No,No,No,Month-to-month,Yes,Electronic check,81.89,1182.68,No
Female,1,No,No,0.0,Yes,Yes,Fiber optic,No,Yes,No,No,No,Yes,Month-to-month,Yes,Electronic check,84.83,0.0,Yes
Male,0,Yes,No,34.0,Yes,Yes,Fiber optic,No,Yes,No,Yes,No,No,Month-to-month,No,Electronic check,82.12,2955.87,Yes
Male,0,No,No,0.0,Yes,No,Fiber optic,No,No,No,No,No,No,Month-to-month,Yes,Mailed check,70.8,0.0,No
Female,0,No,No,0.0,Yes,Yes,Fiber optic,No,No,No,No,No,No,Month-to-month,Yes,Mailed check,74.86,0.0,Yes
Female,0,No,No,30.0,Yes,Yes,Fiber optic,Yes,No,No,No,No,No,Month-to-month,No,Mailed check,70.75,2334.03,No
Female,1,No,No,8.0,Yes,Yes,Fiber optic,No,No,No,No,No,No,Month-to-month,Yes,Electronic check,74.78,490.54,Yes
Female,0,Yes,No,54.0,Yes,Yes,Fiber optic,No,Yes,No,No,No,Yes,Month-to-month,Yes,Electronic check,87.78,4512.07,No
Female,0,No,No,17.0,Yes,No,Fiber optic,No,No,No,No,No,No,Month-to-month,No,Electronic check,73.92,1447.23,No
Male,1,No,No,25.0,Yes,No,Fiber optic,No,No,No,No,No,No,Month-to-month,Yes,Electronic check,68.83,2057.22,No
Male,0,No,No,0.0,Yes,No,Fiber optic,No,No,No,No,No,No,Month-to-month,Yes,Electronic check,57.09,0.0,Yes
Male,0,No,No,39.0,Yes,Yes,Fiber optic,No,No,Yes,No,No,Yes,Month-to-month,Yes,Electronic check,88.78,3288.37,Yes
Male,1,Yes,No,16.0,Yes,No,Fiber optic,No,Yes,Yes,No,No,No,Month-to-month,Yes,Electronic check,84.41,1323.38,No
Male,1,Yes,No,19.0,Yes,No,Fiber optic,No,No,No,No,No,No,Month-to-month,Yes,Electronic check,75.24,1348.33,No
Male,0,Yes,No,25.0,Yes,Yes,Fiber optic,No,Yes,No,No,No,No,Month-to-month,No,Electronic check,81.43,1917.74,No
Male,0,No,No,15.0,Yes,Yes,Fiber optic,No,No,No,No,No,No,Month-to-month,Yes,Electronic check,81.1,1030.51,Yes
Female,1,No,No,8.0,Yes,Yes,Fiber optic,No,No,No,No,No,No,Month-to-month,Yes,Electronic check,74.29,551.33,Yes
Female,0,Yes,No,22.0,Yes,Yes,Fiber optic,Yes,No,No,No,No,No,Month-to-month,Yes,Bank transfer (automatic),74.99,1770.55,Yes
Female,0,No,No,9.0,Yes,Yes,Fiber optic,No,No,No,No,No,Yes,Month-to-month,Yes,Electronic check,79.11,583.74,No
Male,0,Yes,Yes,28.0,Yes,Yes,Fiber optic,No,Yes,No,No,No,No,Month-to-month,Yes,Mailed check,72.81,2164.05,No
Female,1,No,No,0.0,Yes,No,Fiber optic,Yes,Yes,No,No,No,Yes,Month-to-month,Yes,Electronic check,80.3,0.0,No
Female,0,No,No,24.0,Yes,Yes,Fiber optic,Yes,Yes,Yes,No,No,No,Month-to-month,Yes,Bank transfer (automatic),89.75,2394.08,Yes
Female,0,No,Yes,13.0,Yes,Yes,Fiber optic,No,Yes,Yes,No,No,No,Month-to-month,Yes,Bank transfer (automatic),86.77,1064.17,No
Female,0,No,No,6.0,Yes,Yes,Fiber optic,No,No,No,No,No,No,Month-to-month,Yes,Electronic check,78.22,384.78,Yes
Male,0,Yes,No,5.0,Yes,Yes,Fiber optic,No,No,No,No,No,Yes,Month-to-month,Yes,Electronic check,76.76,314.67,Yes
Female,0,No,No,0.0,Yes,Yes,Fiber optic,No,Yes,No,No,No,No,Month-to-month,No,Electronic check,81.16,0.0,No
Female,0,Yes,No,26.0,Yes,No,Fiber optic,No,Yes,Yes,No,No,No,Month-to-month,Yes,Electronic check,85.45,2460.07,Yes
Female,0,No,Yes,37.0,Yes,No,Fiber optic,Yes,No,No,No,No,No,Month-to-month,Yes,Electronic check,70.11,2682.32,No
Male,0,No,No,8.0,Yes,Yes,Fiber optic,No,No,No,No,No,No,Month-to-month,Yes,Mailed check,78.65,547.11,Yes
Male,0,Yes,No,0.0,Yes,No,Fiber optic,Yes,No,No,No,No,No,Month-to-month,No,Electronic check,64.0,0.0,Yes
Male,0,No,No,0.0,Yes,No,Fiber optic,No,No,No,No,No,Yes,Month-to-month,No,Electronic check,79.23,0.0,Yes
Male,0,No,No,11.0,Yes,No,Fiber optic,No,No,Yes,No,No,No,Month-to-month,No,Electronic check,86.22,984.05,Yes
Female,0,No,No,0.0,Yes,No,Fiber optic,No,No,Yes,No,No,No,Month-to-month,Yes,Electronic check,71.21,0.0,Yes
Female,0,No,No,0.0,Yes,No,Fiber optic,No,No,No,No,No,No,Month-to-month,No,Mailed check,64.64,0.0,Yes
Male,0,Yes,No,26.0,Yes,Yes,Fiber optic,Yes,Yes,Yes,No,No,No,Month-to-month,Yes,Mailed check,91.13,2189.81,Yes
Female,0,No,No,9.0,Yes,Yes,Fiber optic,Yes,No,No,No,No,No,Month-to-month,No,Mailed check,79.85,589.22,No
Male,0,Yes,Yes,33.0,Yes,No,Fiber optic,No,No,No,No,No,Yes,Month-to-month,Yes,Electronic check,79.78,2799.49,Yes
Female,0,Yes,Yes,47.0,Yes,Yes,Fiber optic,No,No,No,No,No,No,Month-to-month,Yes,Electronic check,86.72,3926.63,Yes
Male,0,No,Yes,0.0,Yes,No,Fiber optic,No,No,No,No,No,No,Month-to-month,Yes,Bank transfer (automatic),66.55,0.0,Yes
Female,0,No,No,12.0,Yes,No,Fiber optic,No,No,No,No,No,No,Month-to-month,No,Electronic check,72.25,940.81,Yes
Female,0,No,No,14.0,Yes,No,Fiber optic,Yes,Yes,No,Yes,No,No,Month-to-month,Yes,Electronic check,80.21,1351.43,No
Female,0,Yes,No,43.0,Yes,No,Fiber optic,Yes,No,No,No,No,Yes,Month-to-month,Yes,Bank transfer (automatic),80.0,3477.76,No
Male,0,No,No,10.0,Yes,No,Fiber optic,No,No,No,No,No,No,Month-to-month,No,Electronic check,65.51,537.13,No
Female,0,No,No,23.0,Yes,Yes,Fiber optic,No,No,No,No,No,Yes,Month-to-month,No,Bank transfer (automatic),86.54,1834.88,Yes
Female,0,No,No,17.0,Yes,No,Fiber optic,No,Yes,No,No,No,No,Month-to-month,Yes,Electronic check,76.72,1569.75,Yes
Male,0,No,No,14.0,Yes,Yes,Fiber optic,No,Yes,Yes,No,No,No,Month-to-month,No,Bank transfer (automatic),86.51,1266.26,No
Female,0,No,No,15.0,Yes,No,Fiber optic,Yes,Yes,Yes,No,No,Yes,Month-to-month,Yes,Electronic check,95.92,1349.49,Yes
Female,0,Yes,No,28.0,Yes,No,Fiber optic,No,Yes,Yes,No,No,No,Month-to-month,Yes,Bank transfer (automatic),79.83,2071.21,No
Female,0,Yes,Yes,27.0,Yes,No,Fiber optic,Yes,No,No,No,No,Yes,Month-to-month,Yes,Bank transfer (automatic),89.77,2662.65,No
Male,0,Yes,Yes,19.0,Yes,No,Fiber optic,No,No,No,No,No,No,Month-to-month,Yes,Mailed check,74.1,1694.52,Yes
Male,0,Yes,No,18.0,Yes,Yes,Fiber optic,No,Yes,No,No,No,No,Month-to-month,Yes,Bank transfer (automatic),77.0,1186.87,Yes
Female,0,Yes,No,34.0,Yes,Yes,Fiber optic,No,Yes,Yes,No,No,No,Month-to-month,No,Bank transfer (automatic),83.86,3026.69,No
Female,0,No,No,19.0,Yes,No,Fiber optic,No,No,No,Yes,No,No,Month-to-month,Yes,Electronic check,68.94,1554.28,Yes
Female,0,No,No,0.0,Yes,Yes,Fiber optic,No,No,No,No,No,No,Month-to-month,Yes,Bank transfer (automatic),77.16,0.0,No
Male,0,No,No,2.0,Yes,Yes,Fiber optic,No,No,No,No,No,No,Month-to-month,Yes,Electronic check,69.92,114.65,No
Male,0,No,No,1.0,Yes,No,Fiber optic,Yes,No,No,No,No,No,Month-to-month,Yes,Mailed check,74.91,61.42,No
Male,0,No,No,0.0,Yes,Yes,Fiber optic,No,Yes,No,No,No,No,Month-to-month,Yes,Electronic check,63.42,0.0,No
Female,1,No,No,23.0,Yes,Yes,Fiber optic,No,Yes,No,No,No,No,Month-to-month,Yes,Mailed check,80.32,2223.32,Yes
Female,1,No,No,9.0,Yes,No,Fiber optic,No,No,No,No,No,No,Month-to-month,No,Electronic check,76.57,610.05,No
Male,1,Yes,No,20.0,Yes,No,Fiber optic,Yes,No,No,No,No,No,Month-to-month,Yes,Electronic check,72.63,1711.22,No
Female,0,No,No,13.0,Yes,Yes,Fiber optic,No,No,Yes,No,No,Yes,Month-to-month,Yes,Bank transfer (automatic),79.01,1236.1,Yes
Male,0,Yes,Yes,27.0,Yes,Yes,Fiber optic,No,No,No,Yes,No,No,Month-to-month,Yes,Electronic check,77.6,2471.16,Yes
Male,0,Yes,Yes,19.0,Yes,Yes,Fiber optic,No,No,No,No,No,Yes,Month-to-month,No,Electronic check,68.27,1289.48,Yes
Male,0,Yes,Yes,41.0,Yes,Yes,Fiber optic,No,No,Yes,No,No,No,Month-to-month,Yes,Bank transfer (automatic),81.45,3606.49,Yes
Male,1,Yes,No,17.0,Yes,Yes,Fiber optic,No,No,No,No,No,No,Month-to-month,Yes,Mailed check,76.96,1574.68,No
Female,0,No,No,22.0,Yes,Yes,Fiber optic,Yes,No,No,No,No,No,Month-to-month,No,Electronic check,82.87,1946.51,No
Male,0,No,No,0.0,Yes,No,Fiber optic,No,No,No,No,No,No,Month-to-month,No,Electronic check,79.7,0.0,Yes
Male,0,No,No,2.0,Yes,Yes,Fiber optic,No,No,No,No,No,No,Month-to-month,Yes,Electronic check,71.74,117.64,Yes
Female,1,No,No,0.0,Yes,Yes,Fiber optic,No,Yes,No,No,No,No,Month-to-month,Yes,Electronic check,78.61,0.0,Yes
Female,1,Yes,No,2.0,Yes,No,Fiber optic,No,No,No,No,No,No,Month-to-month,No,Electronic check,66.21,159.36,No
Male,0,No,Yes,2.0,Yes,No,Fiber optic,No,No,Yes,No,No,No,Month-to-month,No,Electronic check,65.96,108.17,Yes
Female,0,No,No,0.0,Yes,No,Fiber optic,No,No,No,No,No,No,Month-to-month,Yes,Electronic check,71.42,0.0,Yes
Male,1,No,No,27.0,Yes,Yes,Fiber optic,No,No,No,No,No,No,Month-to-month,No,Bank transfer (automatic),73.43,2024.85,No
Female,0,Yes,No,35.0,Yes,No,Fiber optic,No,No,No,No,No,No,Month-to-month,Yes,Bank transfer (automatic),69.92,2480.68,Yes
Female,0,Yes,No,50.0,Yes,Yes,Fiber optic,Yes,Yes,No,No,No,No,Month-to-month,Yes,Electronic check,88.18,4138.47,No
Male,1,Yes,Yes,27.0,Yes,No,Fiber optic,No,No,No,No,No,No,Month-to-month,Yes,Electronic check,66.87,2172.89,No
Male,0,No,No,27.0,Yes,No,Fiber optic,No,No,No,No,No,No,Month-to-month,Yes,Electronic check,76.22,2469.43,No
Female,1,No,No,5.0,Yes,No,Fiber optic,No,No,No,No,No,No,Month-to-month,Yes,Mailed check,69.15,283.5,No
Male,0,No,No,12.0,Yes,No,Fiber optic,No,No,Yes,No,No,No,Month-to-month,No,Electronic check,76.44,837.76,Yes
Male,1,Yes,No,40.0,Yes,No,Fiber optic,No,No,No,No,No,No,Month-to-month,Yes,Electronic check,67.22,2838.62,Yes
Female,1,Yes,No,3.0,Yes,Yes,Fiber optic,No,No,No,No,No,Yes,Month-to-month,No,Electronic check,77.84,281.03,No
Female,0,No,No,-0.0,Yes,No,Fiber optic,No,No,No,No,No,No,Month-to-month,Yes,Electronic check,74.66,0.0,No
Female,0,Yes,No,14.0,Yes,Yes,Fiber optic,No,No,No,Yes,No,No,Month-to-month,Yes,Bank transfer (automatic),79.75,1274.73,Yes
Male,1,No,No,34.0,Yes,Yes,Fiber optic,Yes,No,No,No,No,No,Month-to-month,Yes,Electronic check,79.34,2679.67,No
Male,0,No,No,10.0,Yes,No,Fiber optic,No,No,No,No,No,No,Month-to-month,Yes,Electronic check,74.8,613.33,No
Male,1,Yes,No,11.0,Yes,No,Fiber optic,No,No,No,No,No,Yes,Month-to-month,Yes,Electronic check,80.77,859.24,Yes
Male,0,No,No,37.0,Yes,Yes,Fiber optic,No,No,No,No,No,No,Month-to-month,Yes,Electronic check,69.99,2922.68,No
Female,0,No,No,0.0,Yes,No,Fiber optic,No,No,No,No,No,No,Month-to-month,Yes,Electronic check,69.33,0.0,No
Male,1,No,No,20.0,Yes,Yes,Fiber optic,Yes,No,No,No,No,No,Month-to-month,Yes,Mailed check,82.47,1481.5,No
Female,0,No,No,8.0,Yes,Yes,Fiber optic,No,Yes,No,No,No,No,Month-to-month,Yes,Electronic check,76.48,555.5,Yes
Female,0,No,No,3.0,Yes,No,Fiber optic,No,Yes,No,No,No,No,Month-to-month,No,Mailed check,74.32,182.81,No
Male,0,No,No,17.0,Yes,No,Fiber optic,No,No,Yes,No,No,No,Month-to-month,No,Bank transfer (automatic),66.26,1243.35,No
Female,1,Yes,No,0.0,Yes,Yes,Fiber optic,No,No,No,No,No,No,Month-to-month,Yes,Electronic check,70.96,0.0,Yes
Male,0,Yes,No,1.0,Yes,No,Fiber optic,No,No,No,No,No,Yes,Month-to-month,No,Electronic check,80.87,97.33,Yes
Male,0,Yes,Yes,26.0,Yes,Yes,Fiber optic,No,Yes,No,No,No,No,Month-to-month,Yes,Electronic check,74.53,2111.49,Yes
Male,1,No,No,14.0,Yes,No,Fiber optic,No,No,No,No,No,Yes,Month-to-month,Yes,Mailed check,76.76,1067.54,No
Female,0,No,No,16.0,Yes,No,Fiber optic,No,Yes,Yes,No,No,Yes,Month-to-month,No,Bank transfer (automatic),82.66,1150.36,No
Male,0,Yes,Yes,28.0,Yes,No,Fiber optic,No,Yes,No,No,No,Yes,Month-to-month,No,Electronic check,81.25,2609.69,Yes
Female,1,No,No,13.0,Yes,No,Fiber optic,No,No,Yes,No,No,Yes,Month-to-month,No,Electronic check,84.2,1219.04,Yes
Male,0,No,No,0.0,Yes,No,Fiber optic,No,No,No,No,No,Yes,Month-to-month,No,Electronic check,78.99,0.0,Yes
Female,0,No,No,0.0,Yes,No,Fiber optic,No,No,No,No,No,No,Month-to-month,Yes,Electronic check,73.42,0.0,Yes
Female,0,Yes,Yes,51.0,Yes,No,Fiber optic,No,Yes,Yes,No,No,No,Month-to-month,Yes,Mailed check,82.81,4312.29,No
Female,1,Yes,No,20.0,Yes,Yes,Fiber optic,No,No,No,No,No,No,Month-to-month,Yes,Electronic check,73.05,1468.22,No
Male,0,No,No,40.0,Yes,Yes,Fiber optic,Yes,No,No,Yes,No,Yes,Month-to-month,Yes,Electronic check,89.63,3473.62,No
Male,0,No,Yes,12.0,Yes,Yes,Fiber optic,No,No,Yes,No,No,No,Month-to-month,No,Mailed check,72.99,915.0,Yes
Male,1,Yes,Yes,12.0,Yes,Yes,Fiber optic,No,Yes,Yes,No,No,No,Month-to-month,Yes,Electronic check,84.02,1158.66,No
Male,0,Yes,Yes,19.0,Yes,No,Fiber optic,No,Yes,No,No,No,No,Month-to-month,Yes,Electronic check,80.34,1616.68,Yes
Male,1,Yes,No,16.0,Yes,No,Fiber optic,No,Yes,No,No,No,Yes,Month-to-month,Yes,Bank transfer (automatic),80.98,1249.03,Yes
Female,1,Yes,No,32.0,Yes,Yes,Fiber optic,No,No,No,No,No,No,Month-to-month,Yes,Bank transfer (automatic),73.9,2312.81,Yes
Female,1,Yes,No,28.0,Yes,Yes,Fiber optic,Yes,No,No,No,No,No,Month-to-month,Yes,Electronic check,77.54,2118.84,Yes
Female,0,Yes,No,30.0,Yes,Yes,Fiber optic,No,No,No,No,No,No,Month-to-month,Yes,Electronic check,72.49,2364.22,No
Male,0,No,No,1.0,Yes,No,Fiber optic,No,No,No,No,No,Yes,Month-to-month,No,Mailed check,81.46,66.79,Yes
Female,0,No,No,13.0,Yes,No,Fiber optic,No,No,No,No,No,No,Month-to-month,No,Electronic check,72.68,863.36,Yes
Female,0,No,Yes,0.0,Yes,Yes,Fiber optic,No,No,No,No,No,No,Month-to-month,Yes,Electronic check,78.75,0.0,Yes
Male,0,No,Yes,31.0,Yes,Yes,Fiber optic,No,No,Yes,No,No,No,Month-to-month,Yes,Electronic check,78.18,2390.67,No
Male,0,No,No,8.0,Yes,No,Fiber optic,No,No,No,No,No,No,Month-to-month,No,Electronic check,78.04,736.83,No
Female,1,No,No,0.0,Yes,No,Fiber optic,No,No,No,No,No,No,Month-to-month,Yes,Electronic check,61.68,0.0,Yes
Female,0,Yes,No,65.0,Yes,Yes,Fiber optic,Yes,Yes,No,No,No,No,Month-to-month,Yes,Bank transfer (automatic),89.36,5356.35,No
Female,0,No,No,48.0,Yes,Yes,Fiber optic,No,No,No,No,No,No,Month-to-month,Yes,Bank transfer (automatic),70.9,3682.37,No
Female,0,Yes,Yes,2.0,Yes,No,Fiber optic,Yes,No,No,No,No,No,Month-to-month,No,Electronic check,74.09,178.34,Yes
Male,0,No,No,0.0,Yes,No,Fiber optic,No,No,No,No,No,No,Month-to-month,Yes,Electronic check,74.25,0.0,Yes
Male,0,No,No,13.0,Yes,Yes,Fiber optic,No,No,No,No,No,No,Month-to-month,Yes,Mailed check,78.87,1061.51,No
Male,0,Yes,No,21.0,Yes,Yes,Fiber optic,No,Yes,Yes,No,No,Yes,Month-to-month,Yes,Electronic check,94.98,2155.19,Yes
Male,0,No,Yes,0.0,Yes,Yes,Fiber optic,No,No,No,No,No,No,Month-to-month,Yes,Electronic check,76.02,0.0,Yes
Male,0,No,No,21.0,Yes,No,Fiber optic,No,No,Yes,No,No,No,Month-to-month,Yes,Electronic check,76.12,1778.61,Yes
Male,0,No,Yes,21.0,Yes,Yes,Fiber optic,No,Yes,No,No,No,Yes,Month-to-month,Yes,Electronic check,90.74,1747.32,Yes
Female,1,Yes,No,19.0,Yes,No,Fiber optic,No,No,No,No,No,No,Month-to-month,No,Mailed check,75.54,1498.42,No
Male,0,No,No,3.0,Yes,Yes,Fiber optic,No,No,No,No,No,Yes,Month-to-month,Yes,Electronic check,88.21,318.5,Yes
Male,0,No,No,22.0,Yes,Yes,Fiber optic,Yes,No,No,No,No,No,Month-to-month,No,Electronic check,81.17,1974.91,No
Male,0,No,No,0.0,Yes,Yes,Fiber optic,No,No,No,No,No,No,Month-to-month,Yes,Electronic check,80.49,0.0,Yes
Male,1,Yes,No,0.0,Yes,No,Fiber optic,No,No,No,No,No,No,Month-to-month,Yes,Electronic check,66.47,0.0,Yes
Female,0,No,No,4.0,Yes,Yes,Fiber optic,Yes,No,Yes,No,No,Yes,Month-to-month,Yes,Electronic check,92.63,445.92,Yes
Female,0,Yes,Yes,18.0,Yes,No,Fiber optic,Yes,No,No,No,No,Yes,Month-to-month,Yes,Bank transfer (automatic),78.49,1378.03,No
Female,1,No,No,38.0,Yes,Yes,Fiber optic,No,Yes,Yes,No,No,No,Month-to-month,Yes,Electronic check,85.27,3448.87,No
Male,0,Yes,No,35.0,Yes,No,Fiber optic,No,No,No,No,No,Yes,Month-to-month,No,Electronic check,81.25,2863.11,No
Female,0,Yes,No,4.0,Yes,Yes,Fiber optic,No,No,Yes,No,No,No,Month-to-month,Yes,Electronic check,78.3,353.27,Yes
Female,0,Yes,No,19.0,Yes,No,Fiber optic,No,Yes,No,No,No,No,Month-to-month,Yes,Bank transfer (automatic),79.95,1245.45,Yes
Female,0,Yes,No,12.0,Yes,Yes,Fiber optic,No,No,No,No,No,Yes,Month-to-month,Yes,Electronic check,80.36,790.68,Yes
Male,1,Yes,No,22.0,Yes,No,Fiber optic,No,No,No,No,No,No,Month-to-month,Yes,Electronic check,70.4,1420.09,Yes
Male,1,Yes,No,21.0,Yes,No,Fiber optic,No,No,No,No,No,Yes,Month-to-month,No,Electronic check,76.86,1904.72,No
Female,1,No,No,43.0,Yes,Yes,Fiber optic,Yes,No,Yes,No,No,No,Month-to-month,Yes,Bank transfer (automatic),87.6,3716.26,No
Male,0,Yes,No,22.0,Yes,No,Fiber optic,No,No,No,No,No,No,Month-to-month,No,Bank transfer (automatic),74.51,1833.37,No
Female,1,No,Yes,0.0,Yes,No,Fiber optic,No,No,No,No,No,No,Month-to-month,Yes,Electronic check,69.46,0.0,No
Male,1,Yes,No,34.0,Yes,Yes,Fiber optic,No,No,No,No,No,No,Month-to-month,Yes,Electronic check,80.55,2586.23,No
Male,0,No,No,16.0,Yes,No,Fiber optic,Yes,No,Yes,No,No,No,Month-to-month,Yes,Electronic check,83.62,1191.33,Yes
Male,1,Yes,No,48.0,Yes,Yes,Fiber optic,No,No,No,No,No,No,Month-to-month,No,Electronic check,78.24,4148.93,Yes
Male,0,Yes,No,40.0,Yes,No,Fiber optic,No,No,Yes,Yes,No,Yes,Month-to-month,Yes,Electronic check,89.38,3402.19,No
Male,1,No,No,0.0,Yes,No,Fiber optic,No,No,No,No,No,No,Month-to-month,No,Electronic check,76.2,0.0,Yes
Female,1,No,No,20.0,Yes,Yes,Fiber optic,Yes,Yes,No,No,No,Yes,Month-to-month,Yes,Mailed check,92.8,1927.83,No
Male,1,No,No,16.0,Yes,Yes,Fiber optic,No,No,Yes,No,No,No,Month-to-month,Yes,Mailed check,85.78,1280.3,No
Male,0,No,No,16.0,Yes,No,Fiber optic,Yes,No,No,No,No,No,Month-to-month,Yes,Electronic check,80.94,1524.64,Yes
Female,0,No,No,0.0,Yes,No,Fiber optic,No,No,No,No,No,No,Month-to-month,Yes,Mailed check,64.74,0.0,Yes
Female,0,Yes,No,44.0,Yes,Yes,Fiber optic,No,Yes,Yes,No,No,Yes,Month-to-month,Yes,Bank transfer (automatic),90.59,4004.3,No
Male,0,Yes,No,0.0,Yes,Yes,Fiber optic,Yes,No,No,No,No,No,Month-to-month,Yes,Electronic check,73.65,0.0,No
Female,1,No,No,22.0,Yes,Yes,Fiber optic,No,Yes,No,No,No,No,Month-to-month,Yes,Electronic check,77.25,1509.77,No
Male,0,Yes,No,0.0,Yes,Yes,Fiber optic,Yes,Yes,No,No,No,Yes,Month-to-month,Yes,Electronic check,92.2,0.0,Yes
Male,0,Yes,No,32.0,Yes,Yes,Fiber optic,Yes,No,No,No,No,No,Month-to-month,Yes,Electronic check,85.21,2813.96,No
Female,1,No,No,28.0,Yes,Yes,Fiber optic,No,No,No,No,No,No,Month-to-month,Yes,Electronic check,79.31,2360.15,No
Male,1,Yes,Yes,51.0,Yes,Yes,Fiber optic,No,No,Yes,No,No,No,Month-to-month,Yes,Bank transfer (automatic),83.72,4233.49,Yes
Male,0,No,No,1.0,Yes,No,Fiber optic,No,No,No,Yes,No,No,Month-to-month,Yes,Electronic check,73.8,88.81,Yes
Female,1,No,No,32.0,Yes,No,Fiber optic,No,No,No,No,No,No,Month-to-month,No,Bank transfer (automatic),77.16,2675.28,No
Male,0,Yes,No,37.0,Yes,Yes,Fiber optic,No,Yes,No,No,No,No,Month-to-month,Yes,Electronic check,85.76,3093.82,No
Male,0,No,No,12.0,Yes,Yes,Fiber optic,Yes,No,No,No,No,No,Month-to-month,No,Mailed check,83.42,1106.61,No
Male,0,No,Yes,10.0,Yes,Yes,Fiber optic,No,No,Yes,No,No,No,Month-to-month,Yes,Electronic check,73.66,882.4,Yes
Female,1,No,No,31.0,Yes,Yes,Fiber optic,No,No,No,No,No,No,Month-to-month,Yes,Electronic check,78.88,2510.89,No
Male,0,No,No,13.0,Yes,No,Fiber optic,No,No,No,No,No,Yes,Month-to-month,Yes,Electronic check,75.43,1180.15,No
Male,0,Yes,No,30.0,Yes,No,Fiber optic,No,No,Yes,No,No,No,Month-to-month,No,Electronic check,80.58,2428.61,No
Female,0,No,No,4.0,Yes,No,Fiber optic,No,No,No,No,No,No,Month-to-month,Yes,Mailed check,73.82,242.11,Yes
Female,0,No,No,2.0,Yes,Yes,Fiber optic,Yes,No,No,No,No,Yes,Month-to-month,No,Electronic check,83.66,137.2,No
Male,0,No,Yes,17.0,Yes,No,Fiber optic,No,No,Yes,No,No,Yes,Month-to-month,Yes,Electronic check,85.92,1353.12,Yes
Male,1,Yes,Yes,45.0,Yes,Yes,Fiber optic,No,No,No,No,No,No,Month-to-month,No,Mailed check,77.57,3733.72,No
Female,0,No,No,18.0,Yes,Yes,Fiber optic,No,No,No,No,No,No,Month-to-month,Yes,Bank transfer (automatic),78.37,1156.64,No
Male,1,Yes,No,13.0,Yes,No,Fiber optic,No,No,No,Yes,No,No,Month-to-month,Yes,Mailed check,72.06,768.04,Yes
Female,1,No,No,0.0,Yes,Yes,Fiber optic,No,No,Yes,No,No,Yes,Month-to-month,Yes,Electronic check,86.95,0.0,Yes
Male,0,Yes,No,21.0,Yes,Yes,Fiber optic,No,No,Yes,No,No,No,Month-to-month,No,Mailed check,75.78,1748.57,Yes
Male,0,No,No,0.0,Yes,No,Fiber optic,No,No,No,No,No,Yes,Month-to-month,No,Electronic check,75.03,0.0,No
Male,1,No,No,22.0,Yes,No,Fiber optic,No,No,No,No,No,No,Month-to-month,No,Electronic check,69.93,1487.93,Yes
Male,0,No,No,2.0,Yes,No,Fiber optic,Yes,No,No,No,No,No,Month-to-month,No,Electronic check,73.99,121.33,No
Male,1,Yes,No,29.0,Yes,Yes,Fiber optic,No,Yes,No,Yes,No,Yes,Month-to-month,Yes,Electronic check,90.83,2490.91,Yes
Female,0,Yes,No,7.0,Yes,No,Fiber optic,No,No,No,No,No,No,Month-to-month,Yes,Electronic check,77.85,556.66,Yes
Female,0,Yes,Yes,0.0,Yes,Yes,Fiber optic,Yes,No,No,No,No,Yes,Month-to-month,No,Mailed check,81.16,0.0,Yes
Female,0,No,No,37.0,Yes,Yes,Fiber optic,Yes,Yes,No,No,No,Yes,Month-to-month,Yes,Electronic check,88.4,3100.58,Yes
Female,0,No,No,7.0,Yes,No,Fiber optic,No,Yes,Yes,No,No,No,Month-to-month,Yes,Bank transfer (automatic),88.4,507.4,Yes
Male,0,Yes,Yes,40.0,Yes,No,Fiber optic,No,Yes,No,No,No,Yes,Month-to-month,No,Mailed check,84.64,3416.2,Yes
Male,1,No,No,14.0,Yes,Yes,Fiber optic,Yes,No,No,No,No,Yes,Month-to-month,Yes,Mailed check,91.27,1375.67,Yes
Female,0,No,No,6.0,Yes,No,Fiber optic,No,Yes,No,No,No,No,Month-to-month,Yes,Electronic check,66.68,359.25,Yes
Female,0,No,No,14.0,Yes,Yes,Fiber optic,No,No,No,No,No,No,Month-to-month,Yes,Mailed check,78.62,1324.68,Yes
Female,1,No,No,30.0,Yes,Yes,Fiber optic,No,Yes,No,No,No,No,Month-to-month,No,Bank transfer (automatic),76.44,2409.03,No
Female,0,Yes,Yes,5.0,Yes,Yes,Fiber optic,No,No,No,No,No,Yes,Month-to-month,No,Bank transfer (automatic),85.16,512.43,Yes
Female,1,No,No,14.0,Yes,Yes,Fiber optic,No,No,No,Yes,No,No,Month-to-month,No,Electronic check,78.34,1319.95,No
Female,1,No,No,19.0,Yes,No,Fiber optic,No,No,No,No,No,No,Month-to-month,Yes,Electronic check,63.66,1286.72,Yes
Male,0,No,No,10.0,Yes,No,Fiber optic,No,Yes,No,No,No,No,Month-to-month,No,Electronic check,79.37,740.79,Yes
Male,1,Yes,No,45.0,Yes,Yes,Fiber optic,No,Yes,No,No,No,No,Month-to-month,Yes,Bank transfer (automatic),81.9,3497.81,No
Female,0,No,No,43.0,Yes,No,Fiber optic,No,Yes,No,No,No,Yes,Month-to-month,No,Bank transfer (automatic),85.27,3683.78,No
Female,0,Yes,No,28.0,Yes,Yes,Fiber optic,Yes,Yes,No,No,No,No,Month-to-month,No,Electronic check,86.34,2744.0,No
Male,1,Yes,No,19.0,Yes,No,Fiber optic,No,No,No,No,No,Yes,Month-to-month,Yes,Electronic check,75.03,1715.76,Yes
Female,1,No,No,25.0,Yes,Yes,Fiber optic,Yes,No,No,No,No,No,Month-to-month,Yes,Electronic check,80.46,1965.6,Yes
Female,1,No,No,0.0,Yes,No,Fiber optic,Yes,No,Yes,No,No,Yes,Month-to-month,Yes,Electronic check,82.7,0.0,Yes
Male,1,Yes,No,13.0,Yes,No,Fiber optic,No,Yes,No,No,No,No,Month-to-month,Yes,Bank transfer (automatic),76.64,916.29,Yes
Female,0,No,No,14.0,Yes,No,Fiber optic,No,Yes,No,No,No,No,Month-to-month,Yes,Electronic check,70.07,924.18,Yes
Male,0,No,No,0.0,Yes,No,Fiber optic,No,No,No,No,No,No,Month-to-month,Yes,Electronic check,67.57,0.0,Yes
Male,1,Yes,No,23.0,Yes,Yes,Fiber optic,No,Yes,No,No,No,No,Month-to-month,Yes,Electronic check,81.94,1841.14,No
Female,0,No,Yes,10.0,Yes,No,Fiber optic,No,No,No,Yes,No,No,Month-to-month,Yes,Bank transfer (automatic),74.72,663.71,Yes
Female,0,Yes,No,0.0,Yes,Yes,Fiber optic,No,No,No,No,No,Yes,Month-to-month,Yes,Electronic check,76.89,0.0,No
Female,0,Yes,Yes,5.0,Yes,No,Fiber optic,No,No,No,No,No,No,Month-to-month,No,Electronic check,69.83,286.28,No
Male,1,Yes,No,21.0,Yes,Yes,Fiber optic,No,Yes,No,No,No,No,Month-to-month,No,Bank transfer (automatic),74.19,1872.27,No
Male,0,No,No,0.0,Yes,Yes,Fiber optic,No,No,No,No,No,Yes,Month-to-month,Yes,Electronic check,79.25,0.0,Yes
Female,0,Yes,Yes,21.0,Yes,No,Fiber optic,No,Yes,No,No,No,No,Month-to-month,Yes,Electronic check,81.85,2068.58,No
Female,0,Yes,Yes,27.0,Yes,Yes,Fiber optic,Yes,Yes,No,No,No,Yes,Month-to-month,No,Electronic check,86.56,2379.48,No
Male,1,No,No,0.0,Yes,Yes,Fiber optic,No,No,No,No,No,Yes,Month-to-month,Yes,Electronic check,81.02,0.0,Yes
Female,1,No,No,34.0,Yes,Yes,Fiber optic,No,Yes,Yes,No,No,No,Month-to-month,Yes,Electronic check,87.79,3149.17,Yes
Male,0,Yes,Yes,10.0,Yes,Yes,Fiber optic,No,No,No,No,No,No,Month-to-month,No,Bank transfer (automatic),81.25,868.41,No
Male,1,Yes,No,18.0,Yes,Yes,Fiber optic,No,No,No,No,No,Yes,Month-to-month,Yes,Electronic check,82.81,1737.83,No
Male,1,No,No,21.0,Yes,Yes,Fiber optic,Yes,No,No,No,No,No,Month-to-month,Yes,Electronic check,77.02,1553.64,No
Male,1,No,Yes,38.0,Yes,Yes,Fiber optic,No,No,No,No,No,No,Month-to-month,Yes,Mailed check,80.2,3356.63,No
Male,0,No,No,18.0,Yes,No,Fiber optic,Yes,No,No,No,No,No,Month-to-month,No,Bank transfer (automatic),81.22,1452.77,No
Male,0,No,No,14.0,Yes,No,Fiber optic,No,Yes,No,Yes,No,No,Month-to-month,Yes,Mailed check,83.97,1179.59,No
Female,0,Yes,No,36.0,Yes,Yes,Fiber optic,No,No,Yes,Yes,No,Yes,Month-to-month,No,Electronic check,86.49,3224.16,No
Female,0,No,No,0.0,Yes,No,Fiber optic,Yes,No,No,No,No,No,Month-to-month,Yes,Electronic check,75.58,0.0,Yes
Female,0,Yes,No,24.0,Yes,No,Fiber optic,No,No,No,No,No,No,Month-to-month,Yes,Electronic check,76.47,1882.12,No
Female,0,No,No,13.0,Yes,Yes,Fiber optic,No,No,No,No,No,Yes,Month-to-month,Yes,Electronic check,83.38,1240.81,No
Male,0,No,No,31.0,Yes,Yes,Fiber optic,No,No,No,No,No,Yes,Month-to-month,Yes,Electronic check,82.24,2717.1,No
Female,1,Yes,No,14.0,Yes,No,Fiber optic,Yes,No,No,No,No,No,Month-to-month,No,Bank transfer (automatic),75.43,1005.19,Yes
Male,1,Yes,No,37.0,Yes,No,Fiber optic,No,No,No,No,No,No,Month-to-month,Yes,Electronic check,67.84,2854.99,No
Male,1,No,No,16.0,Yes,Yes,Fiber optic,No,No,No,No,No,No,Month-to-month,Yes,Electronic check,79.86,1400.3,Yes
Male,1,Yes,No,29.0,Yes,Yes,Fiber optic,No,Yes,No,No,No,No,Month-to-month,Yes,Electronic check,83.05,2145.66,Yes
Female,1,No,No,0.0,Yes,No,Fiber optic,No,No,No,No,No,Yes,Month-to-month,Yes,Electronic check,75.54,0.0,Yes
Female,1,No,No,0.0,Yes,Yes,Fiber optic,No,No,No,No,No,Yes,Month-to-month,Yes,Electronic check,77.19,0.0,Yes
Male,1,No,No,1.0,Yes,No,Fiber optic,No,No,No,No,No,No,Month-to-month,Yes,Mailed check,78.84,64.64,No
Female,0,No,No,17.0,Yes,Yes,Fiber optic,No,No,No,No,No,No,Month-to-month,Yes,Bank transfer (automatic),73.48,1253.46,Yes
Female,0,No,No,0.0,Yes,No,Fiber optic,No,No,Yes,No,No,Yes,Month-to-month,Yes,Electronic check,78.0,0.0,Yes
Female,0,Yes,Yes,15.0,Yes,No,Fiber optic,No,No,No,No,No,Yes,Month-to-month,No,Electronic check,71.38,1064.32,Yes
Male,0,Yes,No,26.0,Yes,Yes,Fiber optic,Yes,No,No,No,No,No,Month-to-month,Yes,Bank transfer (automatic),73.03,1699.21,Yes
Male,0,No,No,0.0,Yes,No,Fiber optic,No,No,No,No,No,No,Month-to-month,Yes,Mailed check,68.84,0.0,Yes
Male,0,No,No,15.0,Yes,Yes,Fiber optic,No,Yes,No,Yes,No,Yes,Month-to-month,Yes,Electronic check,92.23,1550.89,No
Male,0,Yes,No,21.0,Yes,Yes,Fiber optic,Yes,No,No,No,No,No,Month-to-month,Yes,Electronic check,76.6,1852.94,Yes
Female,0,No,No,0.0,Yes,No,Fiber optic,No,No,No,No,No,No,Month-to-month,No,Electronic check,76.71,0.0,Yes
Male,1,No,No,31.0,Yes,Yes,Fiber optic,No,Yes,No,No,No,Yes,Month-to-month,Yes,Electronic check,93.54,2623.08,Yes
Female,0,No,No,26.0,Yes,Yes,Fiber optic,Yes,No,Yes,Yes,No,Yes,Month-to-month,Yes,Electronic check,91.1,2218.6,Yes
Female,1,Yes,No,1.0,Yes,Yes,Fiber optic,No,Yes,No,Yes,No,Yes,Month-to-month,Yes,Electronic check,89.76,108.03,Yes
Male,0,No,No,0.0,Yes,Yes,Fiber optic,No,No,No,No,No,No,Month-to-month,Yes,Electronic check,74.32,0.0,No
Male,0,No,No,22.0,Yes,No,Fiber optic,Yes,No,Yes,No,No,Yes,Month-to-month,No,Electronic check,84.87,2005.47,No
Female,0,Yes,No,16.0,Yes,No,Fiber optic,No,No,No,No,No,No,Month-to-month,Yes,Electronic check,69.85,1133.92,No
Female,1,No,No,0.0,Yes,No,Fiber optic,No,No,No,No,No,No,Month-to-month,Yes,Electronic check,74.72,0.0,Yes
Female,0,No,No,16.0,Yes,Yes,Fiber optic,No,Yes,No,No,No,No,Month-to-month,Yes,Bank transfer (automatic),83.05,1419.24,No
Male,1,No,Yes,41.0,Yes,Yes,Fiber optic,No,No,No,No,No,No,Month-to-month,Yes,Electronic check,71.33,3359.84,No
Male,1,Yes,No,20.0,Yes,No,Fiber optic,Yes,No,Yes,No,No,Yes,Month-to-month,Yes,Mailed check,84.01,1977.15,No
Male,0,No,No,5.0,Yes,Yes,Fiber optic,No,No,No,No,No,No,Month-to-month,Yes,Electronic check,78.76,392.38,Yes
Female,0,No,No,38.0,Yes,Yes,Fiber optic,No,No,No,No,No,Yes,Month-to-month,Yes,Electronic check,86.0,3060.82,No
Female,0,No,Yes,22.0,Yes,Yes,Fiber optic,Yes,No,Yes,No,No,No,Month-to-month,No,Electronic check,83.93,1972.58,No
Female,0,No,Yes,0.0,Yes,No,Fiber optic,No,No,No,No,No,No,Month-to-month,No,Electronic check,73.28,0.0,Yes
Female,0,No,No,17.0,Yes,Yes,Fiber optic,No,No,No,No,No,No,Month-to-month,Yes,Bank transfer (automatic),79.55,1108.86,Yes
Male,0,Yes,No,44.0,Yes,No,Fiber optic,Yes,Yes,No,No,No,No,Month-to-month,Yes,Mailed check,83.03,3608.96,Yes
Female,1,No,No,8.0,Yes,No,Fiber optic,No,No,No,No,No,Yes,Month-to-month,Yes,Electronic check,85.66,824.78,No
Male,0,No,No,0.0,Yes,No,Fiber optic,No,No,No,No,No,Yes,Month-to-month,Yes,Electronic check,81.3,0.0,Yes
Male,0,No,No,0.0,Yes,No,Fiber optic,No,No,No,No,No,No,Month-to-month,Yes,Electronic check,61.63,0.0,Yes
Female,0,No,No,14.0,Yes,No,Fiber optic,Yes,No,No,No,No,No,Month-to-month,Yes,Mailed check,71.58,1180.37,No
Male,0,No,No,16.0,Yes,Yes,Fiber optic,Yes,No,No,No,No,Yes,Month-to-month,No,Bank transfer (automatic),92.04,1474.32,Yes
Female,0,No,Yes,5.0,Yes,No,Fiber optic,No,No,No,No,No,Yes,Month-to-month,Yes,Bank transfer (automatic),72.78,298.36,Yes
Male,0,Yes,No,40.0,Yes,Yes,Fiber optic,No,Yes,No,No,No,No,Month-to-month,Yes,Mailed check,79.49,3133.2,No
Female,0,No,No,39.0,Yes,No,Fiber optic,No,No,No,No,No,Yes,Month-to-month,Yes,Bank transfer (automatic),82.2,2981.34,Yes
Female,1,Yes,No,20.0,Yes,Yes,Fiber optic,No,No,Yes,No,No,Yes,Month-to-month,Yes,Mailed check,91.43,2052.49,No
Male,1,Yes,Yes,40.0,Yes,No,Fiber optic,No,No,No,No,No,No,Month-to-month,Yes,Electronic check,72.97,3376.35,No
Female,1,No,No,0.0,Yes,No,Fiber optic,No,No,No,No,No,No,Month-to-month,No,Electronic check,57.38,0.0,Yes
Female,0,No,No,19.0,Yes,Yes,Fiber optic,No,Yes,No,No,No,No,Month-to-month,No,Electronic check,81.97,1472.03,No
Female,0,No,No,0.0,Yes,Yes,Fiber optic,No,No,Yes,No,No,No,Month-to-month,Yes,Mailed check,81.79,0.0,Yes
Female,0,Yes,Yes,41.0,Yes,Yes,Fiber optic,No,Yes,No,Yes,No,No,Month-to-month,Yes,Bank transfer (automatic),81.06,3265.38,No
Female,1,Yes,No,6.0,Yes,No,Fiber optic,No,No,No,No,No,No,Month-to-month,Yes,Electronic check,57.55,283.13,Yes
Male,0,Yes,No,23.0,Yes,Yes,Fiber optic,No,Yes,No,No,No,No,Month-to-month,Yes,Mailed check,84.15,1765.11,No
Female,0,Yes,Yes,0.0,Yes,No,Fiber optic,No,No,No,No,No,No,Month-to-month,Yes,Electronic check,65.17,0.0,Yes
Female,0,No,No,50.0,Yes,No,Fiber optic,No,Yes,No,No,No,No,Month-to-month,Yes,Electronic check,76.1,4020.8,No
Female,0,No,No,9.0,Yes,Yes,Fiber optic,No,Yes,Yes,No,No,No,Month-to-month,Yes,Electronic check,86.07,635.14,No
Male,0,Yes,No,2.0,Yes,No,Fiber optic,No,No,No,No,No,No,Month-to-month,Yes,Mailed check,79.27,190.81,No
Male,1,No,No,18.0,Yes,No,Fiber optic,No,No,No,No,No,Yes,Month-to-month,Yes,Bank transfer (automatic),78.6,1200.39,Yes
Female,0,No,No,8.0,Yes,Yes,Fiber optic,Yes,No,No,No,No,Yes,Month-to-month,Yes,Electronic check,86.51,832.89,Yes
Female,0,No,No,0.0,Yes,No,Fiber optic,No,No,No,No,No,Yes,Month-to-month,Yes,Electronic check,80.2,0.0,Yes
Female,0,No,No,57.0,Yes,Yes,Fiber optic,No,Yes,No,No,No,No,Month-to-month,Yes,Electronic check,85.78,4553.18,Yes
Female,0,Yes,No,12.0,Yes,Yes,Fiber optic,No,No,Yes,No,No,No,Month-to-month,Yes,Electronic check,78.63,773.64,Yes
Male,1,Yes,No,13.0,Yes,No,Fiber optic,Yes,No,No,No,No,No,Month-to-month,Yes,Electronic check,69.75,743.51,No
Male,0,No,No,24.0,Yes,Yes,Fiber optic,No,No,No,No,No,Yes,Month-to-month,Yes,Mailed check,86.4,2102.75,Yes
Male,1,No,No,0.0,Yes,No,Fiber optic,No,Yes,Yes,No,No,No,Month-to-month,Yes,Electronic check,82.13,0.0,Yes
Female,0,No,No,16.0,Yes,No,Fiber optic,No,No,No,No,No,No,Month-to-month,Yes,Electronic check,67.98,1309.05,Yes
Female,0,No,No,0.0,Yes,No,Fiber optic,No,No,No,No,No,No,Month-to-month,Yes,Electronic check,63.01,0.0,Yes
Male,1,No,No,16.0,Yes,Yes,Fiber optic,Yes,Yes,No,No,No,No,Month-to-month,Yes,Electronic check,94.99,1314.07,No
Female,0,Yes,No,13.0,Yes,Yes,Fiber optic,No,No,No,No,No,No,Month-to-month,Yes,Mailed check,78.76,1137.75,Yes
Male,0,No,No,20.0,Yes,Yes,Fiber optic,Yes,No,No,No,No,Yes,Month-to-month,Yes,Mailed check,91.15,1993.25,No
Male,0,No,No,21.0,Yes,Yes,Fiber optic,No,Yes,No,No,No,Yes,Month-to-month,Yes,Electronic check,90.99,2083.59,Yes
Female,0,No,No,14.0,Yes,No,Fiber optic,No,No,No,No,No,No,Month-to-month,Yes,Bank transfer (automatic),73.84,1095.59,Yes
Male,0,Yes,No,40.0,Yes,Yes,Fiber optic,No,No,No,No,No,No,Month-to-month,Yes,Electronic check,78.35,3485.16,No
Female,0,No,No,19.0,Yes,Yes,Fiber optic,No,Yes,No,No,No,No,Month-to-month,Yes,Bank transfer (automatic),83.88,1681.03,Yes
Male,0,No,No,29.0,Yes,Yes,Fiber optic,Yes,Yes,No,No,No,No,Month-to-month,Yes,Bank transfer (automatic),85.01,2817.87,No
Male,0,Yes,No,11.0,Yes,Yes,Fiber optic,No,No,No,No,No,No,Month-to-month,No,Bank transfer (automatic),82.31,742.35,No
Female,0,No,No,33.0,Yes,No,Fiber optic,No,Yes,No,Yes,No,No,Month-to-month,Yes,Bank transfer (automatic),85.14,2565.08,No
Female,0,No,No,0.0,Yes,No,Fiber optic,No,Yes,No,No,No,No,Month-to-month,No,Electronic check,82.44,0.0,Yes
Male,0,No,No,26.0,Yes,No,Fiber optic,Yes,No,No,Yes,No,Yes,Month-to-month,Yes,Bank transfer (automatic),89.43,2208.07,No
Female,0,No,No,0.0,Yes,No,Fiber optic,No,No,No,No,No,No,Month-to-month,Yes,Electronic check,70.19,0.0,Yes
Female,0,Yes,No,19.0,Yes,Yes,Fiber optic,No,Yes,No,No,No,No,Month-to-month,No,Electronic check,72.33,1226.77,Yes
Female,1,No,No,29.0,Yes,Yes,Fiber optic,No,No,No,No,No,No,Month-to-month,Yes,Mailed check,70.81,1955.34,Yes
Male,1,Yes,No,33.0,Yes,Yes,Fiber optic,Yes,Yes,No,Yes,No,Yes,Month-to-month,Yes,Mailed check,95.93,3037.67,Yes
Male,0,No,No,15.0,Yes,No,No,No,No,No,No,No,No,Month-to-month,Yes,Credit card (automatic),20.58,324.83,No
Female,0,Yes,No,0.0,Yes,No,No,No,No,No,No,No,No,Month-to-month,No,Mailed check,19.72,0.0,No
Male,0,Yes,No,30.0,Yes,Yes,No,No,No,No,No,No,No,Month-to-month,Yes,Bank transfer (automatic),22.22,627.84,No
Female,0,No,No,12.0,Yes,No,No,No,No,No,No,No,No,Month-to-month,No,Credit card (automatic),18.25,258.44,Yes
Male,0,No,No,0.0,Yes,No,No,No,No,No,No,No,No,Month-to-month,No,Bank transfer (automatic),20.88,0.0,No
Female,0,No,No,8.0,Yes,No,No,No,No,No,No,No,No,Month-to-month,Yes,Mailed check,18.31,120.1,No
Male,0,Yes,No,26.0,Yes,No,No,No,No,No,No,No,No,Month-to-month,No,Credit card (automatic),20.84,518.47,No
Female,0,No,No,0.0,Yes,No,No,No,No,No,No,No,No,Month-to-month,Yes,Mailed check,19.0,0.0,Yes
Male,0,No,No,10.0,Yes,No,No,No,No,No,No,No,No,Month-to-month,Yes,Mailed check,19.76,180.02,No
Female,0,Yes,No,29.0,Yes,No,No,No,No,No,No,No,No,Month-to-month,No,Mailed check,19.35,579.08,No
Male,0,No,No,6.0,Yes,No,No,No,No,No,No,No,No,Month-to-month,No,Mailed check,20.72,149.6,No
Male,0,No,No,21.0,Yes,No,No,No,No,No,No,No,No,Month-to-month,No,Mailed check,20.53,438.32,No
Female,0,No,No,0.0,Yes,No,No,No,No,No,No,No,No,Month-to-month,No,Mailed check,20.36,0.0,No
Female,0,No,Yes,6.0,Yes,No,No,No,No,No,No,No,No,Month-to-month,No,Mailed check,22.11,159.66,No
Female,0,Yes,No,30.0,Yes,No,No,No,No,No,No,No,No,Month-to-month,Yes,Mailed check,22.69,616.25,No
Female,0,No,Yes,0.0,Yes,No,No,No,No,No,No,No,No,Month-to-month,No,Credit card (automatic),19.0,0.0,No
Male,0,No,No,5.0,Yes,No,No,No,No,No,No,No,No,Month-to-month,No,Mailed check,20.97,99.84,No
Male,0,No,No,6.0,Yes,No,No,No,No,No,No,No,No,Month-to-month,No,Mailed check,20.69,101.79,No
Male,0,No,No,14.0,Yes,No,No,No,No,No,No,No,No,Month-to-month,No,Credit card (automatic),20.01,303.96,No
Male,0,No,No,9.0,Yes,No,No,No,No,No,No,No,No,Month-to-month,Yes,Bank transfer (automatic),18.61,201.52,No
Female,0,No,Yes,19.0,Yes,No,No,No,No,No,No,No,No,Month-to-month,No,Bank transfer (automatic),21.95,387.36,No
Female,0,Yes,No,7.0,Yes,Yes,No,No,No,No,No,No,No,Month-to-month,No,Credit card (automatic),22.86,192.56,Yes
Female,0,No,No,5.0,Yes,No,No,No,No,No,No,No,No,Month-to-month,Yes,Mailed check,18.25,81.82,No
Female,0,No,No,6.0,Yes,No,No,No,No,No,No,No,No,Month-to-month,No,Mailed check,20.25,146.21,Yes
Female,0,No,No,0.0,Yes,No,No,No,No,No,No,No,No,Month-to-month,No,Mailed check,18.25,0.0,Yes
Female,0,No,No,16.0,Yes,No,No,No,No,No,No,No,No,Month-to-month,Yes,Mailed check,20.61,293.28,No
Male,0,No,No,17.0,Yes,No,No,No,No,No,No,No,No,Month-to-month,No,Mailed check,22.29,379.51,No
Male,0,No,No,6.0,Yes,No,No,No,No,No,No,No,No,Month-to-month,Yes,Credit card (automatic),20.24,146.18,No
Male,0,No,No,18.0,Yes,No,No,No,No,No,No,No,No,Month-to-month,No,Mailed check,20.54,303.19,Yes
Female,0,No,No,0.0,Yes,No,No,No,No,No,No,No,No,Month-to-month,No,Mailed check,19.83,0.0,No
Female,0,No,No,20.0,Yes,No,No,No,No,No,No,No,No,Month-to-month,Yes,Electronic check,18.25,315.26,Yes
Male,0,No,No,18.0,Yes,No,No,No,No,No,No,No,No,Month-to-month,Yes,Bank transfer (automatic),19.1,287.47,No
Female,0,No,No,0.0,Yes,No,No,No,No,No,No,No,No,Month-to-month,No,Mailed check,19.72,0.0,Yes
Female,0,No,No,0.0,Yes,No,No,No,No,No,No,No,No,Month-to-month,No,Mailed check,18.78,0.0,Yes
Male,0,No,No,21.0,Yes,No,No,No,No,No,No,No,No,Month-to-month,No,Mailed check,19.83,341.47,No
Male,0,No,No,10.0,Yes,No,No,No,No,No,No,No,No,Month-to-month,No,Mailed check,20.03,241.11,No
Male,0,No,No,12.0,Yes,No,No,No,No,No,No,No,No,Month-to-month,No,Bank transfer (automatic),19.32,227.04,No
Female,0,No,No,9.0,Yes,No,No,No,No,No,No,No,No,Month-to-month,No,Mailed check,21.91,206.2,No
Female,0,No,No,15.0,Yes,No,No,No,No,No,No,No,No,Month-to-month,No,Mailed check,18.87,340.69,No
Male,0,No,No,0.0,Yes,No,No,No,No,No,No,No,No,Month-to-month,No,Bank transfer (automatic),19.31,0.0,No
Female,0,No,No,5.0,Yes,No,No,No,No,No,No,No,No,Month-to-month,Yes,Electronic check,23.46,141.15,No
Female,0,No,Yes,15.0,Yes,No,No,No,No,No,No,No,No,Month-to-month,No,Mailed check,21.0,314.32,Yes
Male,0,Yes,No,0.0,Yes,No,No,No,No,No,No,No,No,Month-to-month,No,Mailed check,19.58,0.0,Yes
Male,0,No,Yes,17.0,Yes,No,No,No,No,No,No,No,No,Month-to-month,Yes,Mailed check,18.68,382.28,Yes
Female,0,No,No,22.0,Yes,No,No,No,No,No,No,No,No,Month-to-month,No,Credit card (automatic),18.7,337.33,No
Female,0,No,No,3.0,Yes,No,No,No,No,No,No,No,No,Month-to-month,No,Mailed check,22.61,81.65,No
Female,0,No,No,4.0,Yes,No,No,No,No,No,No,No,No,Month-to-month,No,Mailed check,21.37,102.85,No
Male,0,No,No,0.0,Yes,No,No,No,No,No,No,No,No,Month-to-month,No,Bank transfer (automatic),19.4,0.0,No
Male,0,No,Yes,5.0,Yes,No,No,No,No,No,No,No,No,Month-to-month,No,Credit card (automatic),19.03,78.02,Yes
Male,0,No,No,0.0,Yes,No,No,No,No,No,No,No,No,Month-to-month,Yes,Mailed check,21.35,0.0,No
Male,0,No,Yes,0.0,Yes,No,No,No,No,No,No,No,No,Month-to-month,No,Electronic check,20.28,0.0,No
Male,0,No,No,0.0,Yes,No,No,No,No,No,No,No,No,Month-to-month,Yes,Mailed check,19.59,0.0,No
Female,0,No,No,11.0,Yes,No,No,No,No,No,No,No,No,Month-to-month,No,Mailed check,20.18,267.17,No
Female,0,Yes,No,16.0,Yes,No,No,No,No,No,No,No,No,Month-to-month,Yes,Mailed check,18.59,357.97,No
Female,0,No,No,0.0,Yes,No,No,No,No,No,No,No,No,Month-to-month,No,Mailed check,18.25,0.0,No
Male,0,No,Yes,0.0,Yes,Yes,No,No,No,No,No,No,No,Month-to-month,No,Credit card (automatic),21.98,0.0,No
Male,1,No,No,3.0,Yes,No,No,No,No,No,No,No,No,Month-to-month,No,Bank transfer (automatic),18.47,66.7,Yes
Male,0,Yes,Yes,25.0,Yes,No,No,No,No,No,No,No,No,Month-to-month,No,Electronic check,21.13,433.16,No
Male,0,No,Yes,0.0,Yes,No,No,No,No,No,No,No,No,Month-to-month,Yes,Credit card (automatic),20.62,0.0,No
Female,0,No,No,0.0,Yes,No,No,No,No,No,No,No,No,Month-to-month,Yes,Credit card (automatic),19.49,0.0,No
Female,0,Yes,No,30.0,Yes,No,No,No,No,No,No,No,No,Month-to-month,Yes,Mailed check,19.11,474.39,Yes
Male,0,No,Yes,5.0,Yes,No,No,No,No,No,No,No,No,Month-to-month,No,Mailed check,21.48,88.07,No
Male,0,No,Yes,13.0,Yes,No,No,No,No,No,No,No,No,Month-to-month,No,Credit card (automatic),19.48,294.33,No
Male,0,No,No,0.0,Yes,No,No,No,No,No,No,No,No,Month-to-month,No,Mailed check,18.49,0.0,Yes
Female,0,No,No,15.0,Yes,No,No,No,No,No,No,No,No,Month-to-month,No,Mailed check,19.28,259.76,No
Male,0,No,No,19.0,Yes,No,No,No,No,No,No,No,No,Month-to-month,No,Mailed check,21.74,338.7,Yes
Female,0,No,No,0.0,Yes,No,No,No,No,No,No,No,No,Month-to-month,No,Mailed check,19.39,0.0,No
Male,0,No,No,19.0,Yes,No,No,No,No,No,No,No,No,Month-to-month,No,Mailed check,21.18,329.95,No
Male,0,No,No,16.0,Yes,No,No,No,No,No,No,No,No,Month-to-month,Yes,Electronic check,22.32,351.56,No
Female,0,No,No,0.0,Yes,Yes,No,No,No,No,No,No,No,Month-to-month,No,Bank transfer (automatic),23.4,0.0,No
Female,0,No,Yes,12.0,Yes,No,No,No,No,No,No,No,No,Month-to-month,No,Mailed check,20.97,294.99,No
Male,0,No,No,4.0,Yes,No,No,No,No,No,No,No,No,Month-to-month,No,Bank transfer (automatic),19.23,63.05,No
Male,0,No,No,15.0,Yes,No,No,No,No,No,No,No,No,Month-to-month,Yes,Electronic check,20.37,250.51,No
Female,0,No,No,7.0,Yes,No,No,No,No,No,No,No,No,Month-to-month,No,Mailed check,19.8,113.66,No
Male,0,No,No,8.0,Yes,No,No,No,No,No,No,No,No,Month-to-month,Yes,Mailed check,20.11,193.67,No
Female,0,No,No,15.0,Yes,No,No,No,No,No,No,No,No,Month-to-month,Yes,Credit card (automatic),18.25,287.38,No
Female,0,Yes,No,21.0,Yes,No,No,No,No,No,No,No,No,Month-to-month,Yes,Bank transfer (automatic),18.46,466.52,No
Male,0,No,No,0.0,Yes,No,No,No,No,No,No,No,No,Month-to-month,No,Mailed check,18.72,0.0,No
Male,0,No,No,0.0,Yes,No,No,No,No,No,No,No,No,Month-to-month,No,Mailed check,18.56,0.0,No
Female,0,Yes,No,0.0,Yes,No,No,No,No,No,No,No,No,Month-to-month,Yes,Credit card (automatic),22.73,0.0,No
Male,0,No,No,6.0,Yes,No,No,No,No,No,No,No,No,Month-to-month,Yes,Bank transfer (automatic),19.25,117.77,No
Male,0,No,Yes,3.0,Yes,Yes,No,No,No,No,No,No,No,Month-to-month,No,Mailed check,25.53,62.8,No
Male,0,No,No,10.0,Yes,No,No,No,No,No,No,No,No,Month-to-month,No,Bank transfer (automatic),19.16,220.59,No
Female,0,No,No,0.0,Yes,No,No,No,No,No,No,No,No,Month-to-month,Yes,Mailed check,21.52,0.0,No
Female,0,No,No,20.0,Yes,No,No,No,No,No,No,No,No,Month-to-month,Yes,Mailed check,23.49,385.15,Yes
Female,0,No,No,0.0,Yes,No,No,No,No,No,No,No,No,Month-to-month,No,Mailed check,21.38,0.0,No
Female,0,Yes,No,18.0,Yes,Yes,No,No,No,No,No,No,No,Month-to-month,No,Bank transfer (automatic),23.65,421.14,No
Female,0,No,No,32.0,Yes,No,No,No,No,No,No,No,No,Month-to-month,No,Mailed check,23.3,712.91,No
Male,0,No,No,13.0,Yes,No,No,No,No,No,No,No,No,Month-to-month,No,Electronic check,22.5,352.1,No
Female,0,No,No,4.0,Yes,Yes,No,No,No,No,No,No,No,Month-to-month,Yes,Mailed check,23.63,98.76,No
Female,0,No,No,24.0,Yes,No,No,No,No,No,No,No,No,Month-to-month,No,Bank transfer (automatic),20.46,450.02,No
Female,0,No,No,8.0,Yes,No,No,No,No,No,No,No,No,Month-to-month,No,Bank transfer (automatic),19.8,129.88,No
Male,0,Yes,No,0.0,Yes,No,No,No,No,No,No,No,No,Month-to-month,Yes,Mailed check,19.97,0.0,No
Female,0,No,No,0.0,Yes,No,No,No,No,No,No,No,No,Month-to-month,No,Mailed check,20.94,0.0,No
Female,0,No,No,10.0,Yes,No,No,No,No,No,No,No,No,Month-to-month,Yes,Mailed check,18.28,199.17,No
Male,0,No,No,0.0,Yes,No,No,No,No,No,No,No,No,Month-to-month,Yes,Mailed check,20.26,0.0,No
Male,0,No,Yes,25.0,Yes,No,No,No,No,No,No,No,No,Month-to-month,Yes,Mailed check,18.83,504.63,Yes
Female,0,No,No,12.0,Yes,No,No,No,No,No,No,No,No,Month-to-month,No,Mailed check,18.25,179.56,Yes
Female,0,No,No,7.0,Yes,No,No,No,No,No,No,No,No,Month-to-month,No,Credit card (automatic),22.29,187.77,No
Female,0,No,No,6.0,Yes,No,No,No,No,No,No,No,No,Month-to-month,No,Mailed check,19.29,139.29,No
Female,0,No,No,22.0,Yes,No,No,No,No,No,No,No,No,Month-to-month,Yes,Mailed check,21.75,553.01,Yes
Female,0,No,Yes,5.0,Yes,Yes,No,No,No,No,No,No,No,Month-to-month,No,Mailed check,23.45,141.09,No
Male,0,No,Yes,8.0,Yes,No,No,No,No,No,No,No,No,Month-to-month,No,Mailed check,19.91,130.58,No
Male,0,No,No,17.0,Yes,No,No,No,No,No,No,No,No,Month-to-month,No,Mailed check,19.8,283.15,Yes
Male,0,No,No,11.0,Yes,No,No,No,No,No,No,No,No,Month-to-month,No,Electronic check,19.78,194.86,No
Female,0,No,No,13.0,Yes,No,No,No,No,No,No,No,No,Month-to-month,No,Mailed check,21.46,293.49,No
Male,0,No,No,7.0,Yes,No,No,No,No,No,No,No,No,Month-to-month,No,Mailed check,18.25,132.86,No
Female,0,No,No,13.0,Yes,No,No,No,No,No,No,No,No,Month-to-month,No,Bank transfer (automatic),18.82,200.64,Yes
Female,0,No,No,5.0,Yes,No,No,No,No,No,No,No,No,Month-to-month,No,Mailed check,19.69,80.72,No
Male,0,No,No,0.0,Yes,No,No,No,No,No,No,No,No,Month-to-month,No,Electronic check,18.89,0.0,No
Male,0,No,No,13.0,Yes,No,No,No,No,No,No,No,No,Month-to-month,No,Mailed check,20.75,286.31,Yes
Male,0,No,No,15.0,Yes,No,No,No,No,No,No,No,No,Month-to-month,No,Electronic check,19.33,318.58,No
Male,0,No,No,-0.0,Yes,No,No,No,No,No,No,No,No,Month-to-month,No,Mailed check,20.49,0.0,Yes
Male,0,No,Yes,3.0,Yes,No,No,No,No,No,No,No,No,Month-to-month,No,Electronic check,20.22,72.99,Yes
Female,0,No,No,0.0,Yes,No,No,No,No,No,No,No,No,Month-to-month,Yes,Bank transfer (automatic),24.45,0.0,No
Male,0,No,No,18.0,Yes,No,No,No,No,No,No,No,No,Month-to-month,Yes,Electronic check,22.36,447.52,No
Male,0,No,No,22.0,Yes,No,No,No,No,No,No,No,No,Month-to-month,Yes,Bank transfer (automatic),21.94,442.17,No
Male,0,No,No,6.0,Yes,No,No,No,No,No,No,No,No,Month-to-month,No,Mailed check,20.71,149.14,Yes
Female,0,No,No,15.0,Yes,No,No,No,No,No,No,No,No,Month-to-month,Yes,Bank transfer (automatic),18.86,340.56,No
Male,0,No,No,12.0,Yes,No,No,No,No,No,No,No,No,Month-to-month,Yes,Mailed check,24.43,240.34,Yes
Male,0,No,Yes,13.0,Yes,No,No,No,No,No,No,No,No,Month-to-month,Yes,Mailed check,19.77,309.35,Yes
Male,0,No,No,7.0,Yes,No,No,No,No,No,No,No,No,Month-to-month,No,Mailed check,18.61,156.82,No
Female,0,No,No,25.0,Yes,No,No,No,No,No,No,No,No,Month-to-month,Yes,Electronic check,20.16,489.04,No
Female,0,No,No,22.0,Yes,No,No,No,No,No,No,No,No,Month-to-month,No,Mailed check,22.48,405.43,No
Male,0,No,No,1.0,Yes,No,No,No,No,No,No,No,No,Month-to-month,No,Mailed check,18.39,22.13,Yes
Male,0,No,No,29.0,Yes,No,No,No,No,No,No,No,No,Month-to-month,No,Mailed check,20.48,504.25,No
Male,0,No,Yes,0.0,Yes,Yes,No,No,No,No,No,No,No,Month-to-month,Yes,Mailed check,22.67,0.0,No
Male,0,No,No,19.0,Yes,No,No,No,No,No,No,No,No,Month-to-month,Yes,Mailed check,18.66,290.64,No
Female,0,No,Yes,25.0,Yes,Yes,No,No,No,No,No,No,No,Month-to-month,Yes,Electronic check,24.01,576.79,No
Female,0,No,No,0.0,Yes,No,No,No,No,No,No,No,No,Month-to-month,No,Mailed check,21.32,0.0,No
Male,0,No,No,18.0,Yes,No,No,No,No,No,No,No,No,Month-to-month,No,Mailed check,20.0,325.86,No
Female,0,No,No,14.0,Yes,No,No,No,No,No,No,No,No,Month-to-month,Yes,Bank transfer (automatic),20.57,269.01,No
Female,0,No,No,13.0,Yes,No,No,No,No,No,No,No,No,Month-to-month,Yes,Bank transfer (automatic),18.25,280.38,No
Female,0,No,No,0.0,Yes,No,No,No,No,No,No,No,No,Month-to-month,No,Bank transfer (automatic),19.08,0.0,No
Female,0,Yes,No,20.0,Yes,Yes,No,No,No,No,No,No,No,Month-to-month,No,Bank transfer (automatic),24.22,397.14,Yes
Male,0,No,No,0.0,Yes,No,No,No,No,No,No,No,No,Month-to-month,Yes,Mailed check,19.87,0.0,No
Female,0,No,No,21.0,Yes,No,No,No,No,No,No,No,No,Month-to-month,Yes,Credit card (automatic),19.38,333.68,No
Male,0,No,No,0.0,Yes,No,No,No,No,No,No,No,No,Month-to-month,No,Bank transfer (automatic),19.69,0.0,No
Female,0,No,Yes,0.0,Yes,No,No,No,No,No,No,No,No,Month-to-month,Yes,Electronic check,21.15,0.0,Yes
Female,0,No,No,1.0,Yes,No,No,No,No,No,No,No,No,Month-to-month,No,Mailed check,19.08,15.64,No
Male,0,No,No,5.0,Yes,Yes,No,No,No,No,No,No,No,Month-to-month,No,Bank transfer (automatic),22.62,92.73,No
Female,0,No,No,22.0,Yes,No,No,No,No,No,No,No,No,Month-to-month,No,Credit card (automatic),19.79,457.86,No
Female,0,Yes,No,30.0,Yes,Yes,No,No,No,No,No,No,No,Month-to-month,No,Bank transfer (automatic),23.12,579.68,No
Female,0,No,No,16.0,Yes,No,No,No,No,No,No,No,No,Month-to-month,No,Mailed check,18.25,292.39,No
Male,0,No,No,1.0,Yes,No,No,No,No,No,No,No,No,Month-to-month,No,Mailed check,20.72,24.94,No
Male,0,No,No,4.0,Yes,No,No,No,No,No,No,No,No,Month-to-month,Yes,Electronic check,19.06,82.95,No
Male,0,No,Yes,2.0,Yes,No,No,No,No,No,No,No,No,Month-to-month,No,Mailed check,19.11,45.99,No
Female,0,No,No,14.0,Yes,No,No,No,No,No,No,No,No,Month-to-month,No,Mailed check,23.4,371.59,Yes
Male,0,No,No,16.0,Yes,No,No,No,No,No,No,No,No,Month-to-month,Yes,Mailed check,18.25,288.22,No
Male,0,No,No,12.0,Yes,No,No,No,No,No,No,No,No,Month-to-month,Yes,Credit card (automatic),19.73,226.44,Yes
Female,0,No,Yes,25.0,Yes,No,No,No,No,No,No,No,No,Month-to-month,Yes,Credit card (automatic),22.25,636.99,Yes
Female,0,No,Yes,13.0,Yes,No,No,No,No,No,No,No,No,Month-to-month,Yes,Bank transfer (automatic),19.7,250.21,No
Male,0,No,No,12.0,Yes,No,No,No,No,No,No,No,No,Month-to-month,No,Electronic check,19.84,250.95,No
Male,0,No,No,0.0,Yes,No,No,No,No,No,No,No,No,Month-to-month,No,Mailed check,19.87,0.0,No
Female,0,Yes,No,16.0,Yes,No,No,No,No,No,No,No,No,Month-to-month,No,Electronic check,19.35,315.5,No
Female,0,No,No,5.0,Yes,No,No,No,No,No,No,No,No,Month-to-month,No,Credit card (automatic),19.04,78.07,No
Female,0,No,No,4.0,Yes,No,No,No,No,No,No,No,No,Month-to-month,No,Mailed check,20.52,67.3,Yes
Female,0,No,No,10.0,Yes,No,No,No,No,No,No,No,No,Month-to-month,Yes,Mailed check,20.66,216.37,No
Female,0,No,No,28.0,Yes,Yes,No,No,No,No,No,No,No,Month-to-month,No,Mailed check,21.48,567.66,No
Male,0,No,Yes,28.0,Yes,No,No,No,No,No,No,No,No,Month-to-month,No,Mailed check,20.82,701.51,No
Male,0,No,No,27.0,Yes,Yes,No,No,No,No,No,No,No,Month-to-month,Yes,Electronic check,22.7,578.18,No
Male,0,No,Yes,0.0,Yes,No,No,No,No,No,No,No,No,Month-to-month,No,Mailed check,18.98,0.0,No
Female,0,No,No,21.0,Yes,No,No,No,No,No,No,No,No,Month-to-month,No,Mailed check,19.24,428.2,Yes
Male,0,No,No,0.0,Yes,No,No,No,No,No,No,No,No,Month-to-month,No,Mailed check,18.25,0.0,No
Male,0,No,No,9.0,Yes,No,No,No,No,No,No,No,No,Month-to-month,No,Mailed check,21.09,209.86,No
Male,0,No,No,16.0,Yes,No,No,No,No,No,No,No,No,Month-to-month,No,Mailed check,21.99,325.89,Yes
Female,0,No,No,21.0,Yes,Yes,No,No,No,No,No,No,No,Month-to-month,Yes,Electronic check,24.44,420.88,No
Female,0,No,Yes,0.0,Yes,No,No,No,No,No,No,No,No,Month-to-month,No,Credit card (automatic),18.25,0.0,Yes
Male,0,No,No,0.0,Yes,No,No,No,No,No,No,No,No,Month-to-month,No,Mailed check,18.95,0.0,No
Male,0,Yes,No,3.0,Yes,No,No,No,No,No,No,No,No,Month-to-month,No,Mailed check,19.53,70.51,No
Female,0,No,Yes,15.0,Yes,No,No,No,No,No,No,No,No,Month-to-month,No,Mailed check,20.37,323.74,No
Male,0,No,No,2.0,Yes,No,No,No,No,No,No,No,No,Month-to-month,Yes,Mailed check,20.7,49.82,No
Male,0,No,No,12.0,Yes,No,No,No,No,No,No,No,No,Month-to-month,Yes,Mailed check,20.36,294.03,Yes
Female,0,No,No,8.0,Yes,No,No,No,No,No,No,No,No,Month-to-month,No,Mailed check,19.04,168.02,No
Female,0,No,No,18.0,Yes,No,No,No,No,No,No,No,No,Month-to-month,No,Mailed check,18.67,380.58,No
Female,0,Yes,No,24.0,Yes,No,No,No,No,No,No,No,No,Month-to-month,No,Bank transfer (automatic),20.7,407.27,Yes
Female,0,No,No,0.0,Yes,No,No,No,No,No,No,No,No,Month-to-month,No,Mailed check,21.72,0.0,Yes
Female,0,No,No,10.0,Yes,No,No,No,No,No,No,No,No,Month-to-month,No,Mailed check,18.25,161.39,Yes
Male,0,No,No,18.0,Yes,No,No,No,No,No,No,No,No,Month-to-month,Yes,Bank transfer (automatic),20.42,301.32,Yes
Male,0,No,No,15.0,Yes,No,No,No,No,No,No,No,No,Month-to-month,No,Mailed check,20.17,364.11,No
Female,0,No,No,13.0,Yes,No,No,No,No,No,No,No,No,Month-to-month,No,Mailed check,18.43,202.41,No
Male,0,No,No,13.0,Yes,No,No,No,No,No,No,No,No,Month-to-month,No,Mailed check,18.59,198.1,No
Female,0,No,No,0.0,Yes,No,No,No,No,No,No,No,No,Month-to-month,No,Mailed check,19.6,0.0,No
Male,0,No,No,0.0,Yes,No,No,No,No,No,No,No,No,Month-to-month,Yes,Bank transfer (automatic),22.58,0.0,Yes
Female,0,No,No,12.0,Yes,No,No,No,No,No,No,No,No,Month-to-month,No,Mailed check,20.27,199.44,Yes
Male,0,No,No,13.0,Yes,No,No,No,No,No,No,No,No,Month-to-month,No,Credit card (automatic),20.45,278.84,Yes
Female,0,No,Yes,17.0,Yes,No,No,No,No,No,No,No,No,Month-to-month,No,Mailed check,23.74,485.66,No
Male,0,Yes,No,17.0,Yes,No,No,No,No,No,No,No,No,Month-to-month,Yes,Mailed check,22.36,365.11,No
Male,0,No,Yes,10.0,Yes,No,No,No,No,No,No,No,No,Month-to-month,No,Bank transfer (automatic),18.25,219.64,Yes
Female,0,Yes,No,19.0,Yes,No,No,No,No,No,No,No,No,Month-to-month,No,Credit card (automatic),20.55,320.11,No
Female,0,No,No,6.0,Yes,No,No,No,No,No,No,No,No,Month-to-month,No,Mailed check,20.57,148.54,Yes
Male,0,No,No,9.0,Yes,No,No,No,No,No,No,No,No,Month-to-month,No,Bank transfer (automatic),18.25,197.68,No
Male,0,No,Yes,15.0,Yes,No,No,No,No,No,No,No,No,Month-to-month,No,Credit card (automatic),20.45,369.22,No
Female,0,No,No,10.0,Yes,Yes,No,No,No,No,No,No,No,Month-to-month,Yes,Mailed check,22.84,260.82,No
Male,0,Yes,No,26.0,Yes,No,No,No,No,No,No,No,No,Month-to-month,Yes,Mailed check,20.12,573.84,No
Male,0,No,No,10.0,Yes,No,No,No,No,No,No,No,No,Month-to-month,No,Mailed check,18.92,210.63,Yes
Female,0,No,Yes,33.0,Yes,No,No,No,No,No,No,No,No,Month-to-month,Yes,Mailed check,19.12,759.26,No
Female,0,No,No,10.0,Yes,No,No,No,No,No,No,No,No,Month-to-month,Yes,Electronic check,19.48,177.47,Yes
Male,0,No,No,15.0,Yes,No,No,No,No,No,No,No,No,Month-to-month,No,Credit card (automatic),20.28,366.19,No
Male,0,No,No,0.0,Yes,No,No,No,No,No,No,No,No,Month-to-month,No,Mailed check,18.25,0.0,No
Female,0,No,No,14.0,Yes,No,No,No,No,No,No,No,No,Month-to-month,No,Electronic check,20.66,237.16,Yes
Female,0,No,No,5.0,Yes,No,No,No,No,No,No,No,No,Month-to-month,Yes,Mailed check,20.37,122.6,No
Female,0,No,No,7.0,Yes,No,No,No,No,No,No,No,No,Month-to-month,No,Bank transfer (automatic),20.89,170.05,Yes
Female,0,No,No,0.0,Yes,No,No,No,No,No,No,No,No,Month-to-month,No,Mailed check,19.49,0.0,Yes
Male,0,No,No,5.0,Yes,No,No,No,No,No,No,No,No,Month-to-month,No,Mailed check,21.4,87.73,No
Male,0,No,Yes,14.0,Yes,No,No,No,No,No,No,No,No,Month-to-month,Yes,Mailed check,18.25,224.5,Yes
Female,0,No,No,7.0,Yes,Yes,No,No,No,No,No,No,No,Month-to-month,Yes,Mailed check,24.04,165.14,No
Male,0,No,Yes,17.0,Yes,No,No,No,No,No,No,No,No,Month-to-month,No,Mailed check,19.85,400.78,Yes
Male,0,No,Yes,0.0,Yes,No,No,No,No,No,No,No,No,Month-to-month,Yes,Credit card (automatic),21.91,0.0,No
Male,0,No,No,24.0,Yes,Yes,No,No,No,No,No,No,No,Month-to-month,No,Mailed check,24.64,585.09,No
Male,0,Yes,No,27.0,Yes,No,No,No,No,No,No,No,No,Month-to-month,No,Credit card (automatic),20.02,453.47,No
Female,0,No,No,2.0,Yes,No,No,No,No,No,No,No,No,Month-to-month,No,Mailed check,18.36,30.11,No
Female,0,No,No,9.0,Yes,No,No,No,No,No,No,No,No,Month-to-month,No,Mailed check,18.25,197.68,No
Male,0,No,No,6.0,Yes,No,No,No,No,No,No,No,No,Month-to-month,No,Mailed check,20.55,148.41,No
Female,0,No,No,14.0,Yes,No,No,No,No,No,No,No,No,Month-to-month,No,Mailed check,22.64,287.11,No
Male,0,No,Yes,0.0,Yes,Yes,No,No,No,No,No,No,No,Month-to-month,No,Mailed check,23.03,0.0,No
Female,0,No,No,8.0,Yes,No,No,No,No,No,No,No,No,Month-to-month,No,Mailed check,20.63,198.65,No
Male,0,No,Yes,7.0,Yes,No,No,No,No,No,No,No,No,Month-to-month,Yes,Mailed check,19.56,164.79,No
Male,0,No,No,9.0,Yes,No,No,No,No,No,No,No,No,Month-to-month,Yes,Bank transfer (automatic),19.5,189.5,No
Male,0,No,No,10.0,Yes,No,No,No,No,No,No,No,No,Month-to-month,Yes,Mailed check,19.26,213.87,No
Female,0,No,No,17.0,Yes,No,No,No,No,No,No,No,No,Month-to-month,Yes,Mailed check,21.32,350.51,No
Female,0,No,No,6.0,Yes,No,No,No,No,No,No,No,No,Month-to-month,Yes,Mailed check,21.44,154.84,No
Male,0,No,No,20.0,Yes,No,No,No,No,No,No,No,No,Month-to-month,Yes,Bank transfer (automatic),19.36,404.09,No
Male,0,No,Yes,0.0,Yes,No,No,No,No,No,No,No,No,Month-to-month,No,Mailed check,20.09,0.0,Yes
Female,0,Yes,No,8.0,Yes,No,No,No,No,No,No,No,No,Month-to-month,Yes,Credit card (automatic),19.91,191.73,No
Female,0,No,No,21.0,Yes,No,No,No,No,No,No,No,No,Month-to-month,No,Mailed check,18.53,468.37,No
Male,0,No,No,2.0,Yes,No,No,No,No,No,No,No,No,Month-to-month,Yes,Mailed check,19.55,32.06,Yes
Female,0,No,No,3.0,Yes,No,No,No,No,No,No,No,No,Month-to-month,No,Mailed check,19.88,71.77,No
Male,0,No,Yes,6.0,Yes,No,No,No,No,No,No,No,No,Month-to-month,Yes,Credit card (automatic),21.33,154.05,No
Male,0,No,No,6.0,Yes,No,No,No,No,No,No,No,No,Month-to-month,No,Mailed check,21.85,157.75,No
Female,0,No,No,16.0,Yes,No,No,No,No,No,No,No,No,Month-to-month,No,Bank transfer (automatic),22.48,294.85,Yes
Female,0,No,No,0.0,Yes,No,No,No,No,No,No,No,No,Month-to-month,No,Credit card (automatic),18.25,0.0,Yes
Female,0,No,No,1.0,Yes,No,No,No,No,No,No,No,No,Month-to-month,No,Bank transfer (automatic),18.53,15.19,Yes
Male,0,No,No,7.0,Yes,No,No,No,No,No,No,No,No,Month-to-month,No,Mailed check,21.65,182.41,No
Male,0,No,No,2.0,Yes,No,No,No,No,No,No,No,No,Month-to-month,Yes,Mailed check,21.11,50.8,No
Male,0,No,No,11.0,Yes,No,No,No,No,No,No,No,No,Month-to-month,No,Bank transfer (automatic),18.86,170.11,No
Male,0,No,No,14.0,Yes,No,No,No,No,No,No,No,No,Month-to-month,No,Mailed check,18.98,289.0,No
Male,0,No,No,0.0,Yes,No,No,No,No,No,No,No,No,Month-to-month,No,Mailed check,21.0,0.0,No
Male,0,No,No,5.0,Yes,No,No,No,No,No,No,No,No,Month-to-month,No,Mailed check,18.96,94.32,No
Male,0,No,No,5.0,Yes,No,No,No,No,No,No,No,No,Month-to-month,No,Mailed check,23.87,143.63,No
Female,0,No,No,18.0,Yes,No,No,No,No,No,No,No,No,Month-to-month,No,Mailed check,18.25,339.53,No
Female,0,No,No,9.0,Yes,No,No,No,No,No,No,No,No,Month-to-month,No,Mailed check,20.03,147.79,No
Male,0,No,No,0.0,Yes,No,No,No,No,No,No,No,No,Month-to-month,No,Mailed check,18.82,0.0,Yes
Female,0,No,No,16.0,Yes,No,No,No,No,No,No,No,No,Month-to-month,No,Mailed check,22.49,329.34,No
Male,0,No,No,3.0,Yes,No,No,No,No,No,No,No,No,Month-to-month,No,Mailed check,22.5,81.22,No
Male,0,Yes,No,12.0,Yes,No,No,No,No,No,No,No,No,Month-to-month,No,Bank transfer (automatic),20.96,230.11,No
Female,0,Yes,No,15.0,Yes,No,No,No,No,No,No,No,No,Month-to-month,No,Mailed check,18.38,316.22,No
Female,0,No,No,20.0,Yes,No,No,No,No,No,No,No,No,Month-to-month,No,Mailed check,18.25,333.91,No
Male,0,No,No,0.0,Yes,No,No,No,No,No,No,No,No,Month-to-month,No,Mailed check,20.56,0.0,No
Male,0,No,No,22.0,Yes,No,No,No,No,No,No,No,No,Month-to-month,Yes,Mailed check,19.6,489.3,Yes
Male,0,No,No,19.0,Yes,No,No,No,No,No,No,No,No,Month-to-month,No,Credit card (automatic),21.78,339.37,No
Female,0,No,No,5.0,Yes,No,No,No,No,No,No,No,No,Month-to-month,No,Mailed check,18.48,76.55,No
Male,0,No,No,6.0,Yes,No,No,No,No,No,No,No,No,Month-to-month,Yes,Mailed check,19.61,96.46,No
Female,0,No,No,22.0,Yes,No,No,No,No,No,No,No,No,Month-to-month,No,Bank transfer (automatic),20.97,540.49,No
Male,0,No,No,0.0,Yes,No,No,No,No,No,No,No,No,Month-to-month,No,Mailed check,18.61,0.0,No
Male,0,No,No,9.0,Yes,No,No,No,No,No,No,No,No,Month-to-month,Yes,Bank transfer (automatic),21.3,157.15,No
Male,0,No,No,2.0,Yes,No,No,No,No,No,No,No,No,Month-to-month,No,Mailed check,20.03,48.2,Yes
Male,0,No,No,0.0,Yes,No,No,No,No,No,No,No,No,Month-to-month,Yes,Electronic check,20.11,0.0,No
Female,0,No,No,0.0,Yes,Yes,No,No,No,No,No,No,No,Month-to-month,No,Mailed check,23.72,0.0,No
Male,0,No,No,14.0,Yes,No,No,No,No,No,No,No,No,Month-to-month,Yes,Mailed check,20.8,350.42,No
Male,0,No,No,19.0,Yes,No,No,No,No,No,No,No,No,Month-to-month,No,Electronic check,21.34,360.32,No
Female,0,No,No,4.0,Yes,No,No,No,No,No,No,No,No,Month-to-month,Yes,Electronic check,18.51,60.72,No
Female,0,Yes,No,-0.0,Yes,No,No,No,No,No,No,No,No,Month-to-month,No,Mailed check,20.26,0.0,No
Female,0,No,No,15.0,Yes,No,No,No,No,No,No,No,No,Month-to-month,No,Mailed check,18.32,291.02,No
Male,0,No,No,0.0,Yes,No,No,No,No,No,No,No,No,Month-to-month,No,Mailed check,18.25,0.0,No
Male,0,No,No,5.0,Yes,No,No,No,No,No,No,No,No,Month-to-month,No,Bank transfer (automatic),21.34,87.48,No
Male,0,Yes,No,0.0,Yes,No,No,No,No,No,No,No,No,Month-to-month,Yes,Mailed check,21.17,0.0,Yes
Male,0,Yes,No,1.0,Yes,No,No,No,No,No,No,No,No,Month-to-month,No,Mailed check,23.07,27.76,No
Male,0,No,No,28.0,Yes,No,No,No,No,No,No,No,No,Month-to-month,Yes,Credit card (automatic),22.04,607.45,No
Male,0,No,No,5.0,Yes,No,No,No,No,No,No,No,No,Month-to-month,No,Mailed check,18.64,112.15,No
Female,0,Yes,No,23.0,Yes,No,No,No,No,No,No,No,No,Month-to-month,No,Credit card (automatic),22.43,508.44,Yes
Male,0,No,No,24.0,Yes,No,No,No,No,No,No,No,No,Month-to-month,No,Credit card (automatic),18.25,359.13,No
Female,0,No,No,6.0,Yes,No,No,No,No,No,No,No,No,Month-to-month,No,Mailed check,20.47,100.72,Yes
Male,0,No,No,1.0,Yes,No,No,No,No,No,No,No,No,Month-to-month,No,Mailed check,19.89,23.94,No
Male,0,No,No,2.0,Yes,No,No,No,No,No,No,No,No,Month-to-month,No,Mailed check,19.64,47.28,No
Male,0,No,No,0.0,Yes,No,No,No,No,No,No,No,No,Month-to-month,Yes,Mailed check,18.54,0.0,No
Male,0,No,No,0.0,Yes,No,No,No,No,No,No,No,No,Month-to-month,No,Electronic check,20.79,0.0,No
Male,0,No,No,6.0,Yes,No,No,No,No,No,No,No,No,Month-to-month,No,Mailed check,20.59,118.32,No
Male,0,Yes,No,0.0,Yes,No,No,No,No,No,No,No,No,Month-to-month,Yes,Bank transfer (automatic),22.99,0.0,Yes
Male,0,No,No,1.0,Yes,No,No,No,No,No,No,No,No,Month-to-month,No,Mailed check,20.04,16.43,Yes
Male,0,No,No,18.0,Yes,No,No,No,No,No,No,No,No,Month-to-month,No,Mailed check,21.89,474.14,No
Female,0,No,Yes,0.0,Yes,No,No,No,No,No,No,No,No,Month-to-month,No,Bank transfer (automatic),19.39,0.0,Yes
Female,0,No,No,0.0,Yes,No,No,No,No,No,No,No,No,Month-to-month,No,Bank transfer (automatic),18.87,0.0,No
Female,0,No,No,0.0,Yes,No,No,No,No,No,No,No,No,Month-to-month,No,Mailed check,18.25,0.0,No
Female,0,No,No,0.0,Yes,No,No,No,No,No,No,No,No,Month-to-month,No,Mailed check,23.62,0.0,No
Female,0,No,Yes,9.0,Yes,No,No,No,No,No,No,No,No,Month-to-month,No,Mailed check,20.7,224.17,Yes
Female,0,No,No,21.0,Yes,No,No,No,No,No,No,No,No,Month-to-month,Yes,Electronic check,22.57,486.2,Yes
Female,0,No,No,13.0,Yes,No,No,No,No,No,No,No,No,Month-to-month,No,Mailed check,24.03,275.82,No
Male,0,No,No,2.0,Yes,No,No,No,No,No,No,No,No,Month-to-month,Yes,Mailed check,20.01,48.17,No
Female,0,No,No,19.0,Yes,No,No,No,No,No,No,No,No,Month-to-month,No,Credit card (automatic),18.25,284.31,Yes
Female,0,No,No,16.0,Yes,No,No,No,No,No,No,No,No,Month-to-month,No,Mailed check,18.55,357.15,No
Female,0,No,No,0.0,Yes,No,No,No,No,No,No,No,No,Month-to-month,No,Mailed check,19.56,0.0,No
Female,0,No,No,0.0,Yes,No,No,No,No,No,No,No,No,Month-to-month,No,Mailed check,18.25,0.0,No
Female,0,No,Yes,20.0,Yes,No,No,No,No,No,No,No,No,Month-to-month,No,Mailed check,19.59,421.81,No
Male,0,No,No,14.0,Yes,No,No,No,No,No,No,No,No,Month-to-month,Yes,Mailed check,21.18,356.88,Yes
Male,0,No,No,16.0,Yes,No,No,No,No,No,No,No,No,Month-to-month,No,Mailed check,20.43,282.18,No
Male,0,No,Yes,6.0,Yes,No,No,No,No,No,No,No,No,Month-to-month,Yes,Bank transfer (automatic),20.7,149.49,No
Male,0,No,No,20.0,Yes,No,No,No,No,No,No,No,No,Month-to-month,No,Mailed check,18.74,451.2,No
Female,0,No,Yes,12.0,Yes,No,No,No,No,No,No,No,No,Month-to-month,No,Mailed check,19.95,198.58,No
Female,0,No,No,24.0,Yes,Yes,No,No,No,No,No,No,No,Month-to-month,Yes,Electronic check,20.82,514.7,No
Female,0,No,No,7.0,Yes,Yes,No,No,No,No,No,No,No,Month-to-month,Yes,Mailed check,24.63,207.5,No
Male,0,No,No,12.0,Yes,No,No,No,No,No,No,No,No,Month-to-month,Yes,Credit card (automatic),18.25,179.56,No
Male,0,No,No,19.0,Yes,No,No,No,No,No,No,No,No,Month-to-month,No,Electronic check,19.79,361.84,No
Female,0,No,Yes,10.0,Yes,No,No,No,No,No,No,No,No,Month-to-month,No,Mailed check,19.59,160.65,No
Male,0,No,No,23.0,Yes,No,No,No,No,No,No,No,No,Month-to-month,Yes,Mailed check,19.09,360.0,Yes
Male,0,No,No,0.0,Yes,No,No,No,No,No,No,No,No,Month-to-month,No,Bank transfer (automatic),19.95,0.0,Yes
Male,0,No,No,15.0,Yes,No,No,No,No,No,No,No,No,Month-to-month,No,Mailed check,18.81,231.34,No
Male,0,No,No,0.0,Yes,No,No,No,No,No,No,No,No,Month-to-month,No,Mailed check,23.34,0.0,No
Female,0,No,No,18.0,Yes,No,No,No,No,No,No,No,No,Month-to-month,No,Credit card (automatic),19.21,378.08,No
Male,0,No,No,0.0,Yes,No,No,No,No,No,No,No,No,Month-to-month,No,Mailed check,21.17,0.0,Yes
Male,0,No,No,5.0,Yes,No,No,No,No,No,No,No,No,Month-to-month,No,Mailed check,20.31,112.58,No
Male,0,No,No,0.0,Yes,No,No,No,No,No,No,No,No,Month-to-month,No,Mailed check,19.28,0.0,No
Female,0,Yes,No,5.0,Yes,No,No,No,No,No,No,No,No,Month-to-month,No,Mailed check,20.95,85.9,Yes
Female,0,No,Yes,0.0,Yes,No,No,No,No,No,No,No,No,Month-to-month,No,Mailed check,18.25,0.0,No
Male,0,No,Yes,18.0,Yes,No,No,No,No,No,No,No,No,Month-to-month,No,Credit card (automatic),20.51,302.76,No
Female,0,No,No,34.0,Yes,No,No,No,No,No,No,No,No,Month-to-month,No,Electronic check,21.37,636.22,Yes
Female,0,No,No,29.0,Yes,No,No,No,No,No,No,No,No,Month-to-month,Yes,Electronic check,18.99,500.36,No
Female,0,No,No,9.0,Yes,No,No,No,No,No,No,No,No,Month-to-month,No,Electronic check,18.35,198.73,No
Female,0,No,No,3.0,Yes,No,No,No,No,No,No,No,No,Month-to-month,No,Bank transfer (automatic),19.61,48.24,No
Female,0,No,No,4.0,Yes,No,No,No,No,No,No,No,No,Month-to-month,Yes,Mailed check,20.99,98.5,Yes
Male,0,Yes,Yes,23.0,Yes,No,No,No,No,No,No,No,No,Month-to-month,No,Mailed check,22.93,487.99,Yes
Female,0,No,No,0.0,Yes,No,No,No,No,No,No,No,No,Month-to-month,Yes,Mailed check,18.59,0.0,No
Male,0,No,No,19.0,Yes,No,No,No,No,No,No,No,No,Month-to-month,No,Mailed check,20.44,338.31,No
Male,0,No,No,0.0,Yes,No,No,No,No,No,No,No,No,Month-to-month,Yes,Bank transfer (automatic),20.77,0.0,Yes
Male,0,No,No,2.0,Yes,No,No,No,No,No,No,No,No,Month-to-month,Yes,Mailed check,20.8,50.06,Yes
Female,0,No,No,7.0,Yes,No,No,No,No,No,No,No,No,Month-to-month,No,Mailed check,23.37,138.59,No
Female,0,No,Yes,21.0,Yes,No,No,No,No,No,No,No,No,Month-to-month,No,Mailed check,22.68,455.81,No
Male,0,No,Yes,33.0,Yes,No,No,No,No,No,No,No,No,Month-to-month,No,Credit card (automatic),18.25,664.83,No
Female,0,No,No,0.0,Yes,No,No,No,No,No,No,No,No,Month-to-month,No,Mailed check,20.95,0.0,No
Female,0,No,No,8.0,Yes,No,No,No,No,No,No,No,No,Month-to-month,No,Credit card (automatic),22.6,153.07,No
Male,0,No,No,0.0,Yes,No,No,No,No,No,No,No,No,Month-to-month,Yes,Mailed check,18.25,0.0,Yes
Female,0,No,Yes,7.0,Yes,No,No,No,No,No,No,No,No,Month-to-month,Yes,Mailed check,21.27,179.23,Yes
Female,0,No,No,6.0,Yes,No,No,No,No,No,No,No,No,Month-to-month,No,Mailed check,18.25,89.78,No
Female,0,No,No,12.0,Yes,No,No,No,No,No,No,No,No,Month-to-month,No,Mailed check,21.07,207.33,Yes
Female,0,Yes,Yes,6.0,Yes,No,No,No,No,No,No,No,No,Month-to-month,No,Electronic check,22.58,163.09,Yes
Female,0,No,No,10.0,Yes,No,No,No,No,No,No,No,No,Month-to-month,Yes,Mailed check,21.79,188.85,No
Male,0,No,No,12.0,Yes,No,No,No,No,No,No,No,No,Month-to-month,Yes,Mailed check,18.25,263.57,Yes
Female,0,No,No,1.0,Yes,No,No,No,No,No,No,No,No,Month-to-month,No,Mailed check,19.13,15.68,Yes
Female,0,No,No,10.0,Yes,No,No,No,No,No,No,No,No,Month-to-month,No,Mailed check,20.46,167.72,No
Male,0,No,No,0.0,Yes,No,No,No,No,No,No,No,No,Month-to-month,No,Mailed check,23.73,0.0,No
Female,0,No,No,5.0,Yes,No,No,No,No,No,No,No,No,Month-to-month,Yes,Mailed check,21.61,88.58,Yes
Male,0,No,Yes,3.0,Yes,No,No,No,No,No,No,No,No,Month-to-month,Yes,Electronic check,18.25,44.89,No
Male,0,No,No,21.0,Yes,No,No,No,No,No,No,No,No,Month-to-month,Yes,Bank transfer (automatic),21.61,372.05,No
Male,0,Yes,No,34.0,Yes,No,No,No,No,No,No,No,No,Month-to-month,No,Credit card (automatic),20.28,829.81,Yes
Female,0,No,Yes,7.0,Yes,No,No,No,No,No,No,No,No,Month-to-month,No,Credit card (automatic),22.13,186.48,No
Male,0,No,No,10.0,Yes,No,No,No,No,No,No,No,No,Month-to-month,No,Mailed check,21.28,233.12,No
Male,0,No,Yes,5.0,Yes,No,No,No,No,No,No,No,No,Month-to-month,Yes,Mailed check,19.0,77.88,Yes
Male,0,Yes,Yes,13.0,Yes,No,No,No,No,No,No,No,No,Month-to-month,No,Mailed check,21.36,227.63,No
Male,0,No,No,17.0,Yes,No,No,No,No,No,No,No,No,Month-to-month,No,Mailed check,19.07,265.81,No
Male,0,No,No,6.0,Yes,No,No,No,No,No,No,No,No,Month-to-month,No,Electronic check,18.25,89.78,No
Female,0,No,No,20.0,Yes,No,No,No,No,No,No,No,No,Month-to-month,No,Bank transfer (automatic),22.11,532.19,No
Female,0,No,No,23.0,Yes,Yes,No,No,No,No,No,No,No,Month-to-month,No,Bank transfer (automatic),22.25,487.97,Yes
Male,0,No,Yes,9.0,Yes,No,No,No,No,No,No,No,No,Month-to-month,No,Electronic check,19.22,141.84,No
Female,0,No,No,10.0,Yes,No,No,No,No,No,No,No,No,Month-to-month,No,Electronic check,20.01,240.83,No
Male,0,No,No,4.0,Yes,No,No,No,No,No,No,No,No,Month-to-month,No,Mailed check,19.83,65.02,No
Female,0,Yes,No,12.0,Yes,No,No,No,No,No,No,No,No,Month-to-month,No,Credit card (automatic),21.48,310.23,No
Female,0,No,No,8.0,Yes,No,No,No,No,No,No,No,No,Month-to-month,Yes,Mailed check,19.8,129.84,No
Male,0,No,No,20.0,Yes,No,No,No,No,No,No,No,No,Month-to-month,No,Mailed check,20.85,341.98,No
Female,0,Yes,No,6.0,Yes,No,No,No,No,No,No,No,No,Month-to-month,No,Mailed check,20.29,99.8,No
Male,0,No,No,17.0,Yes,No,No,No,No,No,No,No,No,Month-to-month,No,Mailed check,20.46,418.63,Yes
Male,0,No,No,24.0,Yes,No,No,No,No,No,No,No,No,Month-to-month,No,Bank transfer (automatic),18.57,387.0,No
Male,0,No,No,15.0,Yes,Yes,No,No,No,No,No,No,No,Month-to-month,Yes,Electronic check,21.1,380.83,Yes
Female,0,Yes,No,11.0,Yes,No,No,No,No,No,No,No,No,Month-to-month,No,Credit card (automatic),19.14,253.34,No
Male,0,Yes,No,0.0,Yes,No,No,No,No,No,No,No,No,Month-to-month,No,Credit card (automatic),19.19,0.0,No
Male,0,No,Yes,20.0,Yes,No,No,No,No,No,No,No,No,Month-to-month,No,Credit card (automatic),20.08,474.78,No
Female,0,No,No,5.0,Yes,No,No,No,No,No,No,No,No,Month-to-month,Yes,Mailed check,19.39,116.68,Yes
Male,0,No,No,26.0,Yes,No,No,No,No,No,No,No,No,Month-to-month,No,Bank transfer (automatic),22.03,489.72,No
Female,0,No,No,5.0,Yes,No,No,No,No,No,No,No,No,Month-to-month,No,Electronic check,22.1,132.98,No
Female,0,No,No,26.0,Yes,No,No,No,No,No,No,No,No,Month-to-month,No,Credit card (automatic),20.6,565.86,No
Female,0,No,No,0.0,Yes,No,No,No,No,No,No,No,No,Month-to-month,No,Electronic check,18.25,0.0,No
Male,0,No,No,15.0,Yes,No,No,No,No,No,No,No,No,Month-to-month,Yes,Mailed check,18.48,296.42,No
Female,0,No,No,10.0,Yes,No,No,No,No,No,No,No,No,Month-to-month,Yes,Mailed check,20.56,168.55,No
Male,0,No,No,0.0,Yes,No,No,No,No,No,No,No,No,Month-to-month,Yes,Mailed check,18.25,0.0,No
Male,0,Yes,No,14.0,Yes,No,No,No,No,No,No,No,No,Month-to-month,Yes,Mailed check,24.21,338.51,Yes
Female,0,No,No,20.0,Yes,No,No,No,No,No,No,No,No,Month-to-month,No,Mailed check,21.82,357.79,Yes
Male,0,No,No,19.0,Yes,No,No,No,No,No,No,No,No,Month-to-month,No,Credit card (automatic),18.88,356.4,No
Female,0,No,No,1.0,Yes,No,No,No,No,No,No,No,No,Month-to-month,No,Credit card (automatic),21.18,20.94,Yes
Male,0,No,Yes,9.0,Yes,No,No,No,No,No,No,No,No,Month-to-month,No,Mailed check,19.31,209.18,No
Female,0,No,No,4.0,Yes,No,No,No,No,No,No,No,No,Month-to-month,No,Bank transfer (automatic),18.63,61.11,Yes
Male,0,Yes,No,0.0,Yes,No,No,No,No,No,No,No,No,Month-to-month,No,Credit card (automatic),18.45,0.0,No
Male,0,No,Yes,27.0,Yes,No,No,No,No,No,No,No,No,Month-to-month,No,Electronic check,21.8,555.92,No
Female,0,No,No,5.0,Yes,No,No,No,No,No,No,No,No,Month-to-month,Yes,Mailed check,19.85,119.44,No
Male,0,No,No,25.0,Yes,No,No,No,No,No,No,No,No,Month-to-month,Yes,Bank transfer (automatic),21.48,646.29,No
Male,0,No,No,19.0,Yes,Yes,No,No,No,No,No,No,No,Month-to-month,Yes,Mailed check,23.24,460.39,Yes
Female,0,No,No,0.0,Yes,No,No,No,No,No,No,No,No,Month-to-month,Yes,Mailed check,19.25,0.0,No
Male,0,No,No,5.0,Yes,No,No,No,No,No,No,No,No,Month-to-month,No,Mailed check,18.25,74.82,No
Female,0,No,No,27.0,Yes,Yes,No,No,No,No,No,No,No,Month-to-month,No,Mailed check,19.68,510.44,No
Female,0,No,No,10.0,Yes,No,No,No,No,No,No,No,No,Month-to-month,No,Mailed check,18.25,149.64,No
Male,0,No,No,18.0,Yes,No,No,No,No,No,No,No,No,Month-to-month,No,Bank transfer (automatic),20.58,314.11,No
Female,0,Yes,No,28.0,Yes,No,No,No,No,No,No,No,No,Month-to-month,Yes,Bank transfer (automatic),19.84,538.74,No
Male,0,No,Yes,0.0,Yes,No,No,No,No,No,No,No,No,Month-to-month,No,Mailed check,18.98,0.0,No
Male,0,No,Yes,3.0,Yes,No,No,No,No,No,No,No,No,Month-to-month,Yes,Credit card (automatic),18.98,68.54,No
Male,0,No,No,4.0,Yes,No,No,No,No,No,No,No,No,Month-to-month,Yes,Credit card (automatic),18.25,59.85,No
Female,0,No,No,20.0,Yes,No,No,No,No,No,No,No,No,Month-to-month,Yes,Electronic check,20.06,482.9,Yes
Female,0,No,No,0.0,Yes,No,No,No,No,No,No,No,No,Month-to-month,No,Mailed check,20.72,0.0,No
Male,0,No,No,12.0,Yes,No,No,No,No,No,No,No,No,Month-to-month,No,Credit card (automatic),21.38,308.78,No
Male,0,No,No,10.0,Yes,No,No,No,No,No,No,No,No,Month-to-month,No,Mailed check,22.52,270.98,No
Male,0,No,No,20.0,Yes,No,No,No,No,No,No,No,No,Month-to-month,No,Mailed check,22.7,420.31,No
Male,0,No,No,22.0,Yes,Yes,No,No,No,No,No,No,No,Month-to-month,No,Credit card (automatic),21.59,512.95,No
Female,0,No,No,5.0,Yes,No,No,No,No,No,No,No,No,Month-to-month,Yes,Electronic check,19.39,116.66,No
Male,0,No,No,0.0,Yes,No,No,No,No,No,No,No,No,Month-to-month,Yes,Mailed check,18.8,0.0,Yes
Female,0,No,No,3.0,Yes,No,No,No,No,No,No,No,No,Month-to-month,No,Mailed check,20.44,73.8,No
Female,0,No,No,0.0,Yes,No,No,No,No,No,No,No,No,Month-to-month,No,Mailed check,19.45,0.0,Yes
Female,0,No,No,22.0,Yes,No,No,No,No,No,No,No,No,Month-to-month,No,Mailed check,21.56,388.94,Yes
Female,0,No,No,13.0,Yes,No,No,No,No,No,No,No,No,Month-to-month,No,Mailed check,20.74,221.05,Yes
Female,0,No,No,0.0,Yes,No,No,No,No,No,No,No,No,Month-to-month,No,Mailed check,18.86,0.0,No
Male,0,No,Yes,0.0,Yes,No,No,No,No,No,No,No,No,Month-to-month,No,Mailed check,22.76,0.0,No
Male,0,No,No,0.0,Yes,No,No,No,No,No,No,No,No,Month-to-month,No,Mailed check,18.44,0.0,No
Male,0,No,No,9.0,Yes,No,No,No,No,No,No,No,No,Month-to-month,Yes,Electronic check,20.86,153.93,No
Male,0,No,No,4.0,Yes,No,No,No,No,No,No,No,No,Month-to-month,Yes,Credit card (automatic),19.15,62.8,No
Female,0,No,No,12.0,Yes,No,No,No,No,No,No,No,No,Month-to-month,Yes,Bank transfer (automatic),22.4,281.0,No
Male,0,Yes,No,28.0,Yes,No,No,No,No,No,No,No,No,Month-to-month,No,Mailed check,21.1,644.76,No
Female,0,No,No,2.0,Yes,No,No,No,No,No,No,No,No,Month-to-month,Yes,Mailed check,18.25,29.93,Yes
Male,0,No,No,7.0,Yes,No,No,No,No,No,No,No,No,Month-to-month,No,Credit card (automatic),23.42,190.83,No
Male,0,No,No,14.0,Yes,No,No,No,No,No,No,No,No,Month-to-month,Yes,Credit card (automatic),19.79,227.21,No
Female,0,No,No,0.0,Yes,Yes,No,No,No,No,No,No,No,Month-to-month,Yes,Electronic check,24.25,0.0,Yes
Male,0,No,Yes,17.0,Yes,No,No,No,No,No,No,No,No,Month-to-month,Yes,Credit card (automatic),20.18,353.63,No
Male,0,No,No,0.0,Yes,No,No,No,No,No,No,No,No,Month-to-month,No,Mailed check,18.91,0.0,No
Female,0,No,No,0.0,Yes,No,No,No,No,No,No,No,No,Month-to-month,No,Bank transfer (automatic),20.54,0.0,No
Female,0,No,No,35.0,Yes,No,No,No,No,No,No,No,No,Month-to-month,No,Bank transfer (automatic),19.23,551.97,Yes
Male,0,No,No,9.0,Yes,No,No,No,No,No,No,No,No,Month-to-month,Yes,Credit card (automatic),20.14,148.62,Yes
Male,0,No,No,1.0,Yes,No,No,No,No,No,No,No,No,Month-to-month,Yes,Mailed check,20.34,16.68,No
Female,0,No,No,0.0,Yes,No,No,No,No,No,No,No,No,Month-to-month,No,Credit card (automatic),19.82,0.0,No
Female,0,No,No,17.0,Yes,No,No,No,No,No,No,No,No,Month-to-month,Yes,Electronic check,19.64,273.79,Yes
Female,0,No,Yes,28.0,Yes,No,No,No,No,No,No,No,No,Month-to-month,No,Electronic check,20.48,592.82,Yes
Female,0,No,No,8.0,Yes,Yes,No,No,No,No,No,No,No,Month-to-month,No,Credit card (automatic),24.82,204.69,Yes
Female,0,No,No,-0.0,Yes,No,No,No,No,No,No,No,No,Month-to-month,Yes,Mailed check,20.59,0.0,No
Male,0,No,No,11.0,Yes,No,No,No,No,No,No,No,No,Month-to-month,No,Mailed check,23.18,209.07,No
Female,0,Yes,No,0.0,Yes,No,No,No,No,No,No,No,No,Month-to-month,No,Mailed check,20.01,0.0,Yes
Female,0,No,No,10.0,Yes,No,No,No,No,No,No,No,No,Month-to-month,No,Mailed check,22.19,246.38,No
Male,0,No,No,9.0,Yes,No,No,No,No,No,No,No,No,Month-to-month,Yes,Mailed check,18.84,138.99,No
Male,0,No,No,11.0,Yes,No,No,No,No,No,No,No,No,Month-to-month,Yes,Bank transfer (automatic),20.52,205.99,No
Female,0,No,No,3.0,Yes,No,No,No,No,No,No,No,No,Month-to-month,Yes,Electronic check,21.08,51.85,No
Male,0,No,No,0.0,Yes,No,No,No,No,No,No,No,No,Month-to-month,No,Mailed check,19.61,0.0,No
Female,0,Yes,No,25.0,Yes,No,No,No,No,No,No,No,No,Month-to-month,Yes,Bank transfer (automatic),22.98,674.24,No
Male,0,No,No,0.0,Yes,No,No,No,No,No,No,No,No,Month-to-month,Yes,Credit card (automatic),18.82,0.0,No
Female,0,No,No,40.0,Yes,No,Fiber optic,No,Yes,No,No,Yes,Yes,Month-to-month,Yes,Credit card (automatic),93.7,3896.92,No
Female,0,No,No,37.0,Yes,Yes,Fiber optic,No,No,Yes,No,Yes,Yes,Month-to-month,Yes,Credit card (automatic),101.69,4304.97,No
Female,0,Yes,No,47.0,Yes,Yes,Fiber optic,Yes,No,No,No,Yes,Yes,One year,No,Mailed check,102.11,4499.33,No
Female,0,Yes,Yes,64.0,Yes,Yes,Fiber optic,Yes,Yes,No,No,Yes,No,Month-to-month,No,Credit card (automatic),90.17,5691.53,Yes
Male,0,Yes,No,59.0,Yes,Yes,Fiber optic,Yes,Yes,Yes,Yes,Yes,Yes,One year,Yes,Mailed check,115.32,6212.27,No
Male,1,No,No,65.0,Yes,Yes,Fiber optic,No,Yes,Yes,No,Yes,Yes,Month-to-month,No,Mailed check,101.83,6664.67,Yes
Male,0,No,No,63.0,Yes,Yes,Fiber optic,Yes,No,No,Yes,Yes,Yes,Month-to-month,No,Credit card (automatic),103.3,5876.53,No
Male,0,Yes,No,27.0,Yes,Yes,Fiber optic,Yes,Yes,No,Yes,Yes,No,Month-to-month,No,Credit card (automatic),95.08,2443.25,No
Male,0,No,Yes,48.0,Yes,Yes,Fiber optic,No,No,Yes,No,No,No,Month-to-month,No,Credit card (automatic),80.18,4050.93,No
Female,0,No,No,29.0,Yes,Yes,Fiber optic,Yes,No,Yes,No,Yes,No,One year,Yes,Mailed check,96.04,2672.29,No
Male,0,No,No,2.0,Yes,No,Fiber optic,No,No,Yes,Yes,No,No,Month-to-month,No,Credit card (automatic),74.69,122.48,Yes
Male,0,No,Yes,40.0,Yes,No,Fiber optic,Yes,Yes,Yes,No,Yes,Yes,Month-to-month,Yes,Mailed check,97.09,4319.24,No
Female,1,Yes,No,72.0,Yes,Yes,Fiber optic,No,Yes,No,No,Yes,Yes,One year,No,Mailed check,115.88,8684.8,No
Male,1,No,No,15.0,Yes,No,Fiber optic,No,No,Yes,Yes,No,Yes,Month-to-month,Yes,Credit card (automatic),76.85,1066.23,No
Male,0,No,No,12.0,Yes,Yes,Fiber optic,No,Yes,No,Yes,No,No,Month-to-month,Yes,Credit card (automatic),77.95,1125.7,No
Male,1,No,No,35.0,Yes,Yes,Fiber optic,No,Yes,Yes,Yes,No,Yes,Month-to-month,No,Credit card (automatic),101.39,3493.52,No
Female,1,Yes,Yes,2.0,Yes,No,Fiber optic,No,No,Yes,No,No,No,Month-to-month,Yes,Credit card (automatic),75.39,181.47,No
Male,1,No,No,11.0,Yes,No,Fiber optic,Yes,No,No,No,No,Yes,Month-to-month,No,Credit card (automatic),82.41,899.93,No
Female,0,Yes,Yes,31.0,Yes,Yes,Fiber optic,Yes,Yes,Yes,No,Yes,No,Month-to-month,Yes,Credit card (automatic),103.34,3824.65,Yes
Male,0,No,Yes,6.0,Yes,No,Fiber optic,No,No,Yes,No,Yes,No,Month-to-month,No,Credit card (automatic),95.46,669.36,Yes
Female,0,Yes,No,59.0,Yes,Yes,Fiber optic,Yes,Yes,Yes,Yes,No,Yes,Month-to-month,No,Mailed check,106.4,5995.84,No
Female,1,No,No,39.0,Yes,No,Fiber optic,Yes,Yes,No,No,No,No,Month-to-month,Yes,Credit card (automatic),74.4,3492.33,Yes
Female,0,Yes,Yes,18.0,Yes,No,Fiber optic,No,No,No,Yes,No,No,Month-to-month,Yes,Credit card (automatic),73.84,1317.88,No
Male,0,Yes,No,0.0,Yes,No,Fiber optic,No,No,Yes,No,No,No,Month-to-month,Yes,Credit card (automatic),82.86,0.0,Yes
Female,0,No,No,31.0,Yes,No,Fiber optic,No,No,No,Yes,No,No,Month-to-month,Yes,Credit card (automatic),73.98,2224.1,No
Male,1,No,No,29.0,Yes,Yes,Fiber optic,No,No,No,No,No,No,Month-to-month,Yes,Credit card (automatic),86.94,2788.46,Yes
Male,0,No,No,17.0,Yes,No,Fiber optic,No,No,Yes,No,Yes,Yes,Month-to-month,Yes,Credit card (automatic),93.99,1687.44,No
Female,0,No,Yes,52.0,Yes,Yes,Fiber optic,Yes,No,No,No,Yes,No,Month-to-month,Yes,Credit card (automatic),95.47,5532.61,No
Male,0,No,No,50.0,Yes,Yes,Fiber optic,No,Yes,No,No,Yes,Yes,Month-to-month,Yes,Credit card (automatic),100.29,4990.07,No
Male,1,No,Yes,11.0,Yes,No,Fiber optic,No,No,No,No,No,No,Month-to-month,Yes,Credit card (automatic),66.96,603.91,Yes
Male,1,Yes,No,5.0,Yes,Yes,Fiber optic,No,No,No,No,No,No,Month-to-month,Yes,Credit card (automatic),73.74,302.33,Yes
Female,0,No,No,7.0,Yes,No,Fiber optic,No,No,No,Yes,No,No,Month-to-month,Yes,Credit card (automatic),79.25,454.86,No
Male,0,No,No,24.0,Yes,No,Fiber optic,No,No,Yes,Yes,No,Yes,Month-to-month,Yes,Credit card (automatic),80.12,1930.47,No
Male,0,No,No,1.0,Yes,No,Fiber optic,No,No,No,No,No,Yes,Month-to-month,No,Credit card (automatic),82.4,67.56,Yes
Male,0,Yes,No,38.0,Yes,Yes,Fiber optic,No,Yes,Yes,No,No,Yes,Month-to-month,Yes,Credit card (automatic),101.6,3733.57,Yes
Male,0,Yes,Yes,38.0,Yes,No,Fiber optic,No,No,Yes,No,Yes,Yes,Month-to-month,No,Credit card (automatic),99.24,3600.36,Yes
Male,0,Yes,Yes,1.0,Yes,Yes,Fiber optic,No,Yes,Yes,No,No,No,Month-to-month,Yes,Credit card (automatic),88.68,72.71,No
Female,1,Yes,No,26.0,Yes,No,Fiber optic,No,Yes,No,Yes,Yes,Yes,Month-to-month,Yes,Credit card (automatic),95.28,2688.23,Yes
Female,0,No,No,8.0,Yes,No,Fiber optic,No,No,No,Yes,No,No,Month-to-month,Yes,Credit card (automatic),64.87,425.49,No
Female,0,Yes,No,34.0,Yes,No,Fiber optic,Yes,Yes,Yes,No,No,Yes,One year,Yes,Mailed check,107.94,3666.49,No
Male,0,Yes,Yes,25.0,Yes,No,Fiber optic,No,No,No,No,Yes,Yes,Month-to-month,No,Credit card (automatic),87.41,2151.25,No
Male,0,Yes,No,28.0,Yes,Yes,Fiber optic,No,No,Yes,No,No,Yes,Month-to-month,No,Credit card (automatic),93.71,2693.62,Yes
Male,0,No,No,56.0,Yes,No,Fiber optic,No,No,No,No,Yes,Yes,Month-to-month,Yes,Credit card (automatic),89.18,5165.37,No
Female,0,No,No,49.0,Yes,Yes,Fiber optic,Yes,No,Yes,Yes,Yes,Yes,Month-to-month,Yes,Credit card (automatic),100.64,4894.75,No
Male,1,No,No,33.0,Yes,Yes,Fiber optic,No,No,No,No,No,Yes,Month-to-month,No,Credit card (automatic),75.21,2986.85,No
Female,0,No,No,26.0,Yes,Yes,Fiber optic,No,No,No,Yes,No,Yes,One year,No,Mailed check,90.13,2478.0,Yes
Male,1,Yes,No,25.0,Yes,No,Fiber optic,No,No,Yes,No,No,Yes,Month-to-month,No,Credit card (automatic),89.85,2363.08,Yes
Male,1,Yes,No,36.0,Yes,Yes,Fiber optic,No,No,Yes,Yes,No,Yes,One year,Yes,Credit card (automatic),96.4,3534.05,No
Female,0,No,No,28.0,Yes,Yes,Fiber optic,No,No,No,No,No,Yes,Month-to-month,Yes,Credit card (automatic),88.73,2509.32,No
Male,0,Yes,Yes,27.0,Yes,Yes,Fiber optic,Yes,Yes,No,No,No,No,Month-to-month,Yes,Credit card (automatic),89.33,2510.81,No
Male,0,No,No,34.0,Yes,Yes,Fiber optic,Yes,Yes,No,Yes,Yes,Yes,Month-to-month,No,Credit card (automatic),108.63,3748.46,No
Female,0,No,No,1.0,Yes,No,Fiber optic,No,No,No,No,No,No,Month-to-month,Yes,Credit card (automatic),72.88,87.71,No
Female,0,No,No,16.0,Yes,Yes,Fiber optic,No,No,No,No,No,Yes,Month-to-month,Yes,Credit card (automatic),83.66,1435.97,Yes
Female,0,Yes,Yes,0.0,Yes,No,Fiber optic,No,No,Yes,No,No,No,Month-to-month,Yes,Credit card (automatic),67.97,0.0,Yes
Male,1,No,No,28.0,Yes,No,Fiber optic,Yes,Yes,Yes,No,Yes,Yes,Month-to-month,Yes,Credit card (automatic),100.04,2823.53,Yes
Male,0,No,No,29.0,Yes,No,Fiber optic,Yes,Yes,Yes,No,No,No,Month-to-month,No,Credit card (automatic),78.26,2155.24,Yes
Female,1,No,No,23.0,Yes,No,Fiber optic,No,Yes,No,No,No,No,Month-to-month,Yes,Credit card (automatic),82.08,1825.41,Yes
Male,1,Yes,No,36.0,Yes,Yes,Fiber optic,No,No,No,No,Yes,Yes,Month-to-month,Yes,Credit card (automatic),90.87,3619.24,Yes
Female,0,No,Yes,3.0,Yes,Yes,Fiber optic,No,No,No,No,Yes,No,Month-to-month,Yes,Credit card (automatic),82.25,202.31,Yes
Male,0,No,No,33.0,Yes,Yes,Fiber optic,Yes,No,No,No,Yes,Yes,Month-to-month,No,Credit card (automatic),95.95,3088.12,No
Female,0,No,No,5.0,Yes,No,Fiber optic,No,Yes,Yes,No,Yes,No,Month-to-month,No,Credit card (automatic),84.8,434.16,No
Male,0,No,No,39.0,Yes,No,Fiber optic,No,No,No,Yes,No,No,Month-to-month,No,Credit card (automatic),85.07,3369.16,No
Male,0,Yes,No,12.0,Yes,No,Fiber optic,Yes,Yes,No,No,No,No,Month-to-month,Yes,Credit card (automatic),78.67,774.01,No
Female,0,No,No,40.0,Yes,Yes,Fiber optic,Yes,No,No,Yes,No,Yes,One year,No,Mailed check,95.78,3949.96,Yes
Male,0,No,No,28.0,Yes,Yes,Fiber optic,No,Yes,No,Yes,Yes,Yes,One year,Yes,Mailed check,106.24,3065.51,No
Male,1,Yes,No,42.0,Yes,Yes,Fiber optic,No,Yes,Yes,No,Yes,Yes,Month-to-month,Yes,Credit card (automatic),99.89,4185.33,Yes
Male,0,Yes,No,21.0,Yes,Yes,Fiber optic,Yes,No,No,Yes,No,No,Month-to-month,Yes,Credit card (automatic),78.3,1626.11,No
Female,0,Yes,No,3.0,Yes,No,Fiber optic,No,No,Yes,No,No,No,Month-to-month,Yes,Credit card (automatic),71.28,175.34,No
Male,0,No,No,37.0,Yes,No,Fiber optic,No,Yes,No,Yes,No,Yes,Month-to-month,Yes,Credit card (automatic),87.52,3221.03,No
Female,0,No,No,33.0,Yes,Yes,Fiber optic,No,Yes,No,No,No,No,Month-to-month,Yes,Credit card (automatic),84.03,2603.8,Yes
Female,0,Yes,No,28.0,Yes,No,Fiber optic,No,No,No,No,No,No,Month-to-month,Yes,Credit card (automatic),62.59,1436.97,Yes
Female,0,Yes,Yes,49.0,Yes,Yes,Fiber optic,No,No,No,No,Yes,No,One year,Yes,Credit card (automatic),94.85,4577.59,No
Male,0,No,No,29.0,Yes,No,Fiber optic,No,Yes,No,No,No,No,One year,Yes,Mailed check,70.9,2339.43,Yes
Male,0,Yes,Yes,57.0,Yes,Yes,Fiber optic,No,No,No,No,No,No,One year,No,Mailed check,83.36,5424.06,Yes
Female,0,No,No,12.0,Yes,Yes,Fiber optic,No,No,No,No,No,No,Month-to-month,No,Credit card (automatic),78.96,795.73,No
Female,1,No,No,49.0,Yes,No,Fiber optic,Yes,Yes,No,No,Yes,Yes,Month-to-month,Yes,Credit card (automatic),95.73,5077.12,No
Female,0,No,No,43.0,Yes,Yes,Fiber optic,No,Yes,No,No,No,Yes,Month-to-month,No,Credit card (automatic),97.49,3849.8,No
Male,0,No,No,42.0,Yes,Yes,Fiber optic,No,Yes,No,No,No,Yes,Month-to-month,Yes,Credit card (automatic),90.04,3492.11,Yes
Female,1,No,No,23.0,Yes,Yes,Fiber optic,No,No,Yes,No,No,No,Month-to-month,Yes,Credit card (automatic),80.61,2231.34,No
Male,1,No,No,48.0,Yes,No,Fiber optic,No,No,Yes,No,No,No,Month-to-month,Yes,Credit card (automatic),64.44,3722.62,No
Male,1,Yes,No,58.0,Yes,No,Fiber optic,No,No,No,No,Yes,No,Month-to-month,Yes,Credit card (automatic),89.05,5194.09,No
Female,0,No,No,16.0,Yes,No,Fiber optic,Yes,Yes,No,No,No,No,Month-to-month,Yes,Credit card (automatic),83.81,1163.0,No
Male,1,Yes,Yes,56.0,Yes,No,Fiber optic,No,Yes,No,Yes,No,Yes,One year,No,Mailed check,96.86,5232.61,Yes
Female,0,No,No,24.0,Yes,Yes,Fiber optic,No,No,Yes,No,No,Yes,Month-to-month,No,Credit card (automatic),83.03,2157.1,No
Female,0,No,No,25.0,Yes,Yes,Fiber optic,No,No,No,No,No,Yes,Month-to-month,Yes,Credit card (automatic),81.06,1994.64,Yes
Female,1,No,No,17.0,Yes,No,Fiber optic,No,No,Yes,No,No,No,Month-to-month,Yes,Credit card (automatic),66.95,933.17,No
Female,0,Yes,Yes,50.0,Yes,Yes,Fiber optic,No,Yes,Yes,No,No,No,Month-to-month,Yes,Credit card (automatic),92.85,4908.45,No
Female,1,No,No,10.0,Yes,Yes,Fiber optic,No,No,No,No,Yes,Yes,Month-to-month,Yes,Credit card (automatic),100.68,990.69,No
Male,0,No,No,23.0,Yes,No,Fiber optic,No,Yes,Yes,Yes,Yes,Yes,Month-to-month,No,Credit card (automatic),92.26,2316.21,No
Female,0,No,Yes,2.0,Yes,No,Fiber optic,No,No,No,No,Yes,Yes,Month-to-month,Yes,Credit card (automatic),87.7,211.1,No
Male,0,No,No,34.0,Yes,Yes,Fiber optic,No,No,Yes,No,No,Yes,Month-to-month,No,Credit card (automatic),85.66,3092.04,Yes
Female,0,Yes,No,26.0,Yes,No,Fiber optic,No,No,No,No,Yes,Yes,Month-to-month,Yes,Credit card (automatic),84.75,2241.46,Yes
Male,0,No,No,14.0,Yes,Yes,Fiber optic,No,No,No,No,No,No,Month-to-month,No,Credit card (automatic),79.78,1024.73,No
Female,0,Yes,Yes,0.0,Yes,No,Fiber optic,No,No,Yes,No,No,No,Month-to-month,Yes,Credit card (automatic),70.48,0.0,Yes
Male,1,No,No,29.0,Yes,No,Fiber optic,No,No,No,No,No,No,Month-to-month,Yes,Credit card (automatic),65.58,1783.42,Yes
Female,0,Yes,No,50.0,Yes,Yes,Fiber optic,Yes,Yes,Yes,No,No,Yes,One year,Yes,Mailed check,95.88,4255.92,No
Female,0,No,No,16.0,Yes,Yes,Fiber optic,No,Yes,No,Yes,Yes,Yes,Month-to-month,Yes,Credit card (automatic),103.99,2002.44,No
Male,0,No,No,0.0,Yes,No,Fiber optic,No,No,No,No,No,No,Month-to-month,Yes,Credit card (automatic),70.04,0.0,Yes
Male,1,Yes,No,44.0,Yes,Yes,Fiber optic,No,No,No,Yes,No,No,Month-to-month,No,Credit card (automatic),79.88,3495.11,No
Female,0,Yes,No,55.0,Yes,Yes,Fiber optic,Yes,No,Yes,Yes,No,No,Month-to-month,No,Credit card (automatic),94.71,5775.63,No
Male,0,No,No,30.0,Yes,Yes,Fiber optic,No,No,No,No,Yes,Yes,Month-to-month,No,Credit card (automatic),94.54,2351.83,Yes
Male,1,Yes,No,66.0,Yes,No,Fiber optic,Yes,Yes,No,No,Yes,Yes,Month-to-month,Yes,Credit card (automatic),102.26,6385.25,No
Male,0,Yes,Yes,46.0,Yes,Yes,Fiber optic,Yes,Yes,Yes,Yes,Yes,Yes,Month-to-month,Yes,Credit card (automatic),105.0,4526.98,No
Female,0,Yes,Yes,0.0,Yes,No,Fiber optic,No,No,Yes,No,Yes,Yes,One year,Yes,Mailed check,95.56,0.0,Yes
Female,0,No,No,15.0,Yes,Yes,Fiber optic,No,No,No,Yes,Yes,Yes,Month-to-month,Yes,Credit card (automatic),98.68,1672.68,No
Female,0,No,No,52.0,Yes,Yes,Fiber optic,No,Yes,No,No,No,Yes,Month-to-month,Yes,Credit card (automatic),86.9,5123.24,No
Female,1,No,No,10.0,Yes,No,Fiber optic,No,No,Yes,No,No,No,Month-to-month,Yes,Credit card (automatic),80.45,659.6,Yes
Male,0,Yes,Yes,49.0,Yes,No,Fiber optic,No,Yes,Yes,No,Yes,Yes,One year,Yes,Mailed check,98.9,4923.21,No
Male,0,Yes,No,31.0,Yes,Yes,Fiber optic,Yes,Yes,Yes,No,Yes,Yes,Month-to-month,Yes,Credit card (automatic),100.03,3156.88,No
Male,0,No,No,32.0,Yes,Yes,Fiber optic,No,No,No,Yes,No,No,Month-to-month,Yes,Credit card (automatic),77.21,2945.25,No
Male,0,Yes,Yes,21.0,Yes,No,Fiber optic,Yes,Yes,Yes,Yes,Yes,No,Month-to-month,No,Credit card (automatic),102.72,2596.16,No
Female,0,No,No,43.0,Yes,Yes,Fiber optic,Yes,No,No,Yes,Yes,Yes,Month-to-month,Yes,Credit card (automatic),100.57,4290.27,Yes
Male,0,Yes,Yes,5.0,Yes,Yes,Fiber optic,No,No,Yes,No,No,No,Month-to-month,No,Credit card (automatic),72.7,298.03,No
Male,0,Yes,No,29.0,Yes,No,Fiber optic,No,No,Yes,No,No,No,One year,Yes,Mailed check,78.44,2669.48,No
Female,0,Yes,No,52.0,Yes,No,Fiber optic,Yes,No,No,Yes,No,No,Month-to-month,Yes,Credit card (automatic),78.6,4588.37,No
Male,1,Yes,No,17.0,Yes,Yes,Fiber optic,Yes,No,No,No,No,No,Month-to-month,No,Credit card (automatic),71.92,1084.01,Yes
Male,1,No,No,40.0,Yes,No,Fiber optic,No,No,No,No,No,Yes,Month-to-month,Yes,Credit card (automatic),78.12,3150.58,Yes
Male,1,No,No,57.0,Yes,No,Fiber optic,Yes,Yes,No,No,Yes,No,Month-to-month,Yes,Credit card (automatic),89.1,5241.36,No
Female,0,Yes,No,45.0,Yes,Yes,Fiber optic,Yes,Yes,No,No,Yes,Yes,Month-to-month,Yes,Credit card (automatic),111.48,5010.69,No
Male,0,Yes,No,35.0,Yes,Yes,Fiber optic,No,Yes,No,Yes,No,Yes,Month-to-month,Yes,Credit card (automatic),99.61,3246.29,No
Female,0,Yes,Yes,39.0,Yes,No,Fiber optic,No,No,Yes,Yes,Yes,No,Month-to-month,Yes,Credit card (automatic),90.46,3567.93,No
Female,0,No,No,32.0,Yes,Yes,Fiber optic,Yes,Yes,No,Yes,Yes,No,Month-to-month,Yes,Credit card (automatic),97.74,2939.5,No
Male,0,No,No,0.0,Yes,No,Fiber optic,Yes,Yes,No,No,No,No,Month-to-month,Yes,Credit card (automatic),74.0,0.0,No
Male,0,No,No,43.0,Yes,Yes,Fiber optic,Yes,Yes,No,No,No,Yes,Month-to-month,No,Credit card (automatic),95.19,4245.6,No
Female,0,No,No,34.0,Yes,Yes,Fiber optic,No,Yes,No,No,No,No,Month-to-month,Yes,Credit card (automatic),87.7,3086.83,Yes
Male,0,No,No,50.0,Yes,Yes,Fiber optic,No,Yes,No,No,No,Yes,Month-to-month,Yes,Credit card (automatic),94.43,4711.19,Yes
Male,1,No,No,54.0,Yes,No,Fiber optic,No,No,No,No,No,Yes,Month-to-month,No,Credit card (automatic),80.85,5135.63,No
Female,0,Yes,No,48.0,Yes,Yes,Fiber optic,No,Yes,No,No,Yes,Yes,Month-to-month,Yes,Credit card (automatic),100.69,4393.25,Yes
Female,1,Yes,No,8.0,Yes,Yes,Fiber optic,No,No,Yes,No,Yes,No,Month-to-month,Yes,Credit card (automatic),84.37,812.33,Yes
Female,0,No,Yes,38.0,Yes,Yes,Fiber optic,Yes,No,Yes,Yes,Yes,Yes,Month-to-month,Yes,Credit card (automatic),105.58,4359.63,Yes
Male,1,Yes,No,48.0,Yes,Yes,Fiber optic,Yes,No,Yes,Yes,Yes,No,Month-to-month,Yes,Credit card (automatic),100.86,4892.8,No
Female,0,No,Yes,26.0,Yes,Yes,Fiber optic,No,Yes,Yes,No,Yes,Yes,Month-to-month,Yes,Credit card (automatic),100.76,2793.99,Yes
Female,1,Yes,No,14.0,Yes,Yes,Fiber optic,No,Yes,Yes,No,No,No,Month-to-month,Yes,Credit card (automatic),85.42,1164.81,Yes
Male,0,No,Yes,45.0,Yes,Yes,Fiber optic,No,Yes,Yes,No,Yes,Yes,Month-to-month,Yes,Credit card (automatic),117.36,4832.78,No
Female,0,Yes,Yes,15.0,Yes,Yes,Fiber optic,No,No,No,Yes,Yes,No,Month-to-month,Yes,Credit card (automatic),89.61,1617.64,Yes
Male,1,Yes,Yes,40.0,Yes,Yes,Fiber optic,No,No,No,Yes,No,No,Month-to-month,Yes,Credit card (automatic),83.11,3126.34,No
Male,1,No,No,9.0,Yes,No,Fiber optic,No,No,Yes,No,Yes,No,Month-to-month,Yes,Credit card (automatic),81.5,882.72,No
Male,1,Yes,Yes,55.0,Yes,Yes,Fiber optic,No,No,No,No,No,No,Month-to-month,Yes,Credit card (automatic),76.46,4625.9,No
Male,0,No,No,43.0,Yes,No,Fiber optic,Yes,Yes,Yes,Yes,Yes,No,Month-to-month,Yes,Credit card (automatic),101.23,3942.02,No
Female,0,Yes,No,60.0,Yes,Yes,Fiber optic,No,Yes,Yes,No,Yes,No,Month-to-month,No,Credit card (automatic),91.34,6183.32,No
Female,1,No,Yes,37.0,Yes,No,Fiber optic,No,No,Yes,Yes,Yes,No,Month-to-month,Yes,Credit card (automatic),92.67,3681.13,No
Female,0,Yes,No,30.0,Yes,No,Fiber optic,No,Yes,Yes,Yes,No,Yes,Month-to-month,Yes,Credit card (automatic),96.22,3260.83,No
Male,1,No,No,32.0,Yes,No,Fiber optic,Yes,No,No,No,Yes,Yes,One year,Yes,Mailed check,111.45,3601.58,No
Male,0,No,Yes,33.0,Yes,Yes,Fiber optic,No,No,No,Yes,No,No,Month-to-month,Yes,Credit card (automatic),76.89,2666.24,Yes
Female,0,Yes,No,55.0,Yes,Yes,Fiber optic,Yes,Yes,Yes,Yes,Yes,Yes,Month-to-month,Yes,Credit card (automatic),107.97,5187.72,No
Male,0,No,No,39.0,Yes,Yes,Fiber optic,No,Yes,No,Yes,Yes,No,Month-to-month,Yes,Credit card (automatic),81.33,3413.78,No
Male,1,No,No,22.0,Yes,Yes,Fiber optic,No,Yes,No,No,Yes,No,Month-to-month,Yes,Credit card (automatic),84.63,1906.82,Yes
Male,0,No,No,31.0,Yes,Yes,Fiber optic,No,Yes,No,Yes,Yes,No,Month-to-month,Yes,Credit card (automatic),95.2,3300.88,No
Male,0,No,No,36.0,Yes,Yes,Fiber optic,Yes,No,No,No,Yes,Yes,Month-to-month,No,Credit card (automatic),98.74,3641.27,No
Male,1,Yes,Yes,15.0,Yes,Yes,Fiber optic,Yes,No,Yes,Yes,No,Yes,Month-to-month,Yes,Credit card (automatic),89.82,1331.99,No
Male,1,No,No,13.0,Yes,Yes,Fiber optic,No,Yes,No,No,No,Yes,Month-to-month,Yes,Credit card (automatic),84.74,1260.84,Yes
Male,0,Yes,No,42.0,Yes,No,Fiber optic,No,Yes,Yes,Yes,Yes,Yes,Month-to-month,Yes,Mailed check,112.48,4709.82,No
Female,1,Yes,No,33.0,Yes,No,Fiber optic,No,Yes,No,No,No,No,Month-to-month,Yes,Credit card (automatic),66.11,2298.8,No
Female,0,No,No,0.0,Yes,No,Fiber optic,No,Yes,No,Yes,No,No,Month-to-month,Yes,Credit card (automatic),80.05,0.0,No
Male,0,No,No,26.0,Yes,Yes,Fiber optic,No,No,No,No,Yes,Yes,Month-to-month,Yes,Credit card (automatic),90.52,2832.58,Yes
Male,0,Yes,Yes,34.0,Yes,Yes,Fiber optic,Yes,No,Yes,Yes,No,No,Month-to-month,Yes,Credit card (automatic),89.46,3590.01,No
Female,0,No,No,0.0,Yes,No,Fiber optic,No,No,Yes,No,Yes,No,Month-to-month,Yes,Credit card (automatic),89.28,0.0,Yes
Female,0,No,No,1.0,Yes,No,Fiber optic,No,No,Yes,Yes,No,No,One year,No,Mailed check,72.6,59.53,No
Female,0,No,No,0.0,Yes,No,Fiber optic,No,No,No,No,No,No,Month-to-month,Yes,Credit card (automatic),64.19,0.0,Yes
Male,0,No,No,19.0,Yes,No,Fiber optic,Yes,No,Yes,No,No,Yes,Month-to-month,Yes,Credit card (automatic),83.92,1918.94,Yes
Female,1,No,No,53.0,Yes,Yes,Fiber optic,Yes,No,Yes,Yes,Yes,Yes,One year,No,Mailed check,100.32,5243.87,No
Male,0,Yes,No,18.0,Yes,Yes,Fiber optic,No,No,No,No,No,Yes,Month-to-month,Yes,Credit card (automatic),84.17,1713.16,No
Male,0,Yes,No,53.0,Yes,Yes,Fiber optic,No,Yes,Yes,No,Yes,No,Month-to-month,Yes,Credit card (automatic),91.8,5050.34,No
Female,0,No,No,26.0,Yes,Yes,Fiber optic,Yes,Yes,No,No,Yes,Yes,One year,Yes,Mailed check,109.94,2950.29,Yes
Female,1,Yes,No,25.0,Yes,Yes,Fiber optic,No,Yes,No,No,Yes,Yes,Month-to-month,Yes,Credit card (automatic),95.96,2400.77,Yes
Female,1,Yes,No,47.0,Yes,No,Fiber optic,No,Yes,Yes,Yes,Yes,Yes,Month-to-month,Yes,Credit card (automatic),113.26,5378.39,Yes
Male,0,Yes,Yes,72.0,Yes,No,Fiber optic,No,Yes,Yes,Yes,Yes,Yes,Month-to-month,Yes,Credit card (automatic),110.1,6983.96,Yes
Female,0,Yes,Yes,37.0,Yes,No,Fiber optic,No,Yes,No,Yes,Yes,No,One year,Yes,Mailed check,90.31,3337.66,No
Male,0,No,No,18.0,Yes,No,Fiber optic,No,Yes,Yes,No,Yes,No,Month-to-month,Yes,Credit card (automatic),91.08,1455.19,No
Female,0,Yes,Yes,40.0,Yes,Yes,Fiber optic,No,Yes,No,No,Yes,No,Month-to-month,Yes,Credit card (automatic),83.74,3325.3,No
Male,0,No,No,43.0,Yes,No,Fiber optic,No,Yes,Yes,No,Yes,No,Month-to-month,Yes,Credit card (automatic),88.62,3853.72,No
Male,0,Yes,Yes,20.0,Yes,Yes,Fiber optic,No,No,Yes,Yes,No,Yes,Month-to-month,Yes,Credit card (automatic),95.29,2098.9,Yes
Male,0,Yes,Yes,16.0,Yes,Yes,Fiber optic,Yes,No,No,No,Yes,No,Month-to-month,Yes,Credit card (automatic),83.64,1192.2,Yes
Female,0,Yes,Yes,72.0,Yes,No,Fiber optic,No,Yes,No,No,Yes,Yes,Month-to-month,Yes,Credit card (automatic),98.2,6722.22,No
Female,0,Yes,No,55.0,Yes,Yes,Fiber optic,No,Yes,Yes,No,Yes,Yes,One year,Yes,Mailed check,105.21,5119.63,Yes
Female,1,No,No,55.0,Yes,No,Fiber optic,No,No,No,No,No,No,Month-to-month,Yes,Credit card (automatic),78.64,4887.16,No
Female,1,No,Yes,26.0,Yes,Yes,Fiber optic,No,Yes,Yes,No,Yes,No,Month-to-month,No,Credit card (automatic),96.07,2518.29,No
Male,0,Yes,No,60.0,Yes,No,Fiber optic,No,Yes,Yes,No,Yes,Yes,One year,No,Mailed check,101.95,5278.9,No
Female,0,Yes,No,34.0,Yes,Yes,Fiber optic,No,No,Yes,Yes,Yes,Yes,Month-to-month,Yes,Credit card (automatic),104.25,3307.71,No
Female,1,Yes,Yes,36.0,Yes,Yes,Fiber optic,No,Yes,Yes,No,Yes,No,Month-to-month,Yes,Credit card (automatic),82.13,2788.48,No
Male,0,No,No,33.0,Yes,Yes,Fiber optic,No,Yes,No,Yes,No,Yes,One year,Yes,Mailed check,96.01,3038.89,No
Male,1,Yes,No,54.0,Yes,Yes,Fiber optic,No,No,No,No,Yes,No,Month-to-month,Yes,Credit card (automatic),84.96,4858.97,No
Male,1,Yes,No,31.0,Yes,No,Fiber optic,No,No,No,Yes,Yes,Yes,One year,Yes,Mailed check,104.07,3634.79,No
Female,1,No,No,60.0,Yes,Yes,Fiber optic,No,No,Yes,No,Yes,Yes,One year,Yes,Mailed check,95.65,6093.25,Yes
Female,0,Yes,No,12.0,Yes,Yes,Fiber optic,No,No,No,No,Yes,No,Month-to-month,Yes,Credit card (automatic),90.8,1147.1,Yes
Female,0,No,No,33.0,Yes,Yes,Fiber optic,Yes,Yes,Yes,No,Yes,Yes,One year,Yes,Mailed check,107.38,3780.43,No
Female,0,Yes,No,40.0,Yes,Yes,Fiber optic,No,No,No,No,Yes,No,Month-to-month,Yes,Credit card (automatic),82.62,3103.07,No
Female,0,Yes,Yes,13.0,Yes,Yes,Fiber optic,No,No,No,Yes,Yes,Yes,Month-to-month,Yes,Credit card (automatic),103.93,1446.0,Yes
Female,0,Yes,Yes,39.0,Yes,Yes,Fiber optic,No,Yes,No,No,No,No,Month-to-month,Yes,Credit card (automatic),88.46,3123.59,No
Female,0,No,No,34.0,Yes,Yes,Fiber optic,No,No,Yes,No,Yes,No,Month-to-month,No,Credit card (automatic),90.19,2742.54,Yes
Male,0,Yes,No,26.0,Yes,Yes,Fiber optic,Yes,Yes,No,No,No,No,Month-to-month,Yes,Credit card (automatic),87.41,2384.03,Yes
Female,0,Yes,No,18.0,Yes,Yes,Fiber optic,No,No,No,No,No,Yes,One year,No,Mailed check,85.71,1659.63,Yes
Male,0,No,No,24.0,Yes,No,Fiber optic,Yes,No,No,No,No,No,Month-to-month,Yes,Credit card (automatic),77.11,1764.19,Yes
Male,1,No,No,57.0,Yes,Yes,Fiber optic,Yes,No,Yes,Yes,No,Yes,Month-to-month,Yes,Credit card (automatic),88.03,5055.95,No
Male,1,Yes,No,19.0,Yes,Yes,Fiber optic,No,Yes,No,No,No,Yes,Month-to-month,Yes,Credit card (automatic),81.05,1853.34,Yes
Male,0,No,No,15.0,Yes,No,Fiber optic,No,No,Yes,No,Yes,No,Month-to-month,Yes,Credit card (automatic),83.93,1483.25,Yes
Female,0,Yes,No,72.0,Yes,Yes,Fiber optic,Yes,Yes,No,Yes,Yes,Yes,Month-to-month,No,Credit card (automatic),109.6,7481.76,No
Male,0,Yes,No,20.0,Yes,Yes,Fiber optic,No,No,Yes,No,No,Yes,Month-to-month,No,Credit card (automatic),86.83,1637.24,Yes
Male,0,No,No,25.0,Yes,No,Fiber optic,Yes,Yes,No,No,No,No,Month-to-month,Yes,Credit card (automatic),69.08,1908.24,No
Female,0,Yes,No,46.0,Yes,Yes,Fiber optic,Yes,Yes,Yes,No,Yes,No,One year,Yes,Mailed check,104.06,4435.15,No
Female,0,Yes,No,17.0,Yes,No,Fiber optic,No,No,No,No,No,Yes,Month-to-month,Yes,Credit card (automatic),84.34,1568.93,No
Male,1,Yes,No,29.0,Yes,No,Fiber optic,No,No,No,Yes,No,Yes,Month-to-month,No,Credit card (automatic),85.09,2536.91,Yes
Female,0,No,No,0.0,Yes,No,Fiber optic,No,Yes,No,Yes,Yes,Yes,Month-to-month,Yes,Credit card (automatic),102.05,0.0,Yes
Male,0,Yes,No,68.0,Yes,Yes,Fiber optic,Yes,No,Yes,No,No,Yes,One year,No,Mailed check,98.48,6795.13,No
Female,0,No,Yes,2.0,Yes,Yes,Fiber optic,No,No,Yes,No,Yes,No,Month-to-month,Yes,Credit card (automatic),81.17,133.1,No
Male,1,Yes,Yes,49.0,Yes,No,Fiber optic,No,No,Yes,Yes,No,Yes,Month-to-month,Yes,Credit card (automatic),92.9,4746.31,No
Female,0,No,No,8.0,Yes,Yes,Fiber optic,No,No,No,No,No,Yes,Month-to-month,Yes,Credit card (automatic),85.88,685.4,Yes
Male,0,Yes,Yes,37.0,Yes,No,Fiber optic,No,No,No,No,Yes,Yes,Month-to-month,Yes,Credit card (automatic),81.9,3207.58,No
Female,0,No,Yes,14.0,Yes,No,Fiber optic,No,No,Yes,No,No,Yes,Month-to-month,Yes,Credit card (automatic),80.98,1364.53,Yes
Female,0,No,No,0.0,Yes,Yes,Fiber optic,No,Yes,Yes,No,No,Yes,Month-to-month,Yes,Credit card (automatic),91.36,0.0,Yes
Female,0,Yes,No,35.0,Yes,Yes,Fiber optic,No,Yes,Yes,Yes,No,Yes,Month-to-month,Yes,Credit card (automatic),89.68,3138.55,No
Male,0,No,No,0.0,Yes,Yes,Fiber optic,No,No,No,No,No,Yes,Month-to-month,Yes,Credit card (automatic),88.09,0.0,Yes
Female,0,No,No,9.0,Yes,No,Fiber optic,No,No,No,No,No,No,Month-to-month,Yes,Credit card (automatic),72.58,535.58,Yes
Female,1,Yes,No,17.0,Yes,Yes,Fiber optic,Yes,No,Yes,No,Yes,No,Month-to-month,Yes,Credit card (automatic),90.88,1391.22,No
Male,0,No,No,57.0,Yes,Yes,Fiber optic,No,Yes,No,No,Yes,Yes,Month-to-month,Yes,Credit card (automatic),94.57,5673.78,No
Female,0,Yes,No,43.0,Yes,Yes,Fiber optic,No,No,No,No,Yes,No,Month-to-month,Yes,Credit card (automatic),81.6,3561.4,No
Female,1,Yes,No,46.0,Yes,Yes,Fiber optic,No,No,No,No,Yes,No,Month-to-month,Yes,Credit card (automatic),98.86,4297.45,Yes
Male,0,No,No,24.0,Yes,No,Fiber optic,Yes,No,Yes,No,Yes,No,Month-to-month,No,Credit card (automatic),87.82,2128.13,No
Male,1,No,No,17.0,Yes,No,Fiber optic,No,No,No,No,No,No,Month-to-month,No,Credit card (automatic),83.46,1163.29,No
Male,0,Yes,No,0.0,Yes,Yes,Fiber optic,No,No,No,No,No,Yes,Month-to-month,No,Credit card (automatic),79.77,0.0,Yes
Female,0,No,Yes,41.0,Yes,No,Fiber optic,No,No,Yes,No,Yes,Yes,Month-to-month,Yes,Credit card (automatic),96.48,3690.23,No
Female,1,No,No,0.0,Yes,No,Fiber optic,Yes,No,No,No,No,No,Month-to-month,Yes,Credit card (automatic),76.44,0.0,No
Female,0,No,No,16.0,Yes,Yes,Fiber optic,No,No,Yes,Yes,No,No,Month-to-month,Yes,Credit card (automatic),96.48,1857.9,Yes
Female,1,Yes,Yes,68.0,Yes,Yes,Fiber optic,Yes,No,Yes,No,No,No,One year,No,Mailed check,93.02,6288.91,No
Male,0,No,No,49.0,Yes,Yes,Fiber optic,No,Yes,Yes,No,Yes,No,Month-to-month,Yes,Credit card (automatic),97.93,4763.97,No
Male,0,Yes,Yes,30.0,Yes,Yes,Fiber optic,No,Yes,No,No,No,Yes,Month-to-month,Yes,Credit card (automatic),82.0,2354.03,Yes
Female,0,No,No,10.0,Yes,Yes,Fiber optic,No,No,Yes,Yes,No,Yes,Month-to-month,Yes,Credit card (automatic),93.4,1124.14,Yes
Female,1,Yes,No,50.0,Yes,Yes,Fiber optic,Yes,No,Yes,Yes,Yes,No,One year,No,Mailed check,92.37,4549.17,No
Male,0,No,No,0.0,Yes,No,Fiber optic,No,No,No,No,No,No,Month-to-month,No,Credit card (automatic),75.09,0.0,No
Female,0,Yes,No,19.0,Yes,No,Fiber optic,No,Yes,Yes,No,No,No,Month-to-month,Yes,Credit card (automatic),82.77,1614.17,Yes
Male,1,No,No,9.0,Yes,No,Fiber optic,Yes,No,Yes,No,No,Yes,Month-to-month,Yes,Credit card (automatic),86.78,939.92,No
Male,0,No,No,42.0,Yes,No,Fiber optic,No,No,Yes,No,No,Yes,Month-to-month,No,Credit card (automatic),80.11,3146.34,No
Female,1,Yes,No,25.0,Yes,No,Fiber optic,No,Yes,No,Yes,No,No,Month-to-month,No,Credit card (automatic),76.87,1925.91,No
Female,0,No,No,0.0,Yes,No,Fiber optic,No,No,No,No,Yes,No,Month-to-month,Yes,Credit card (automatic),72.59,0.0,No
Female,0,Yes,No,36.0,Yes,Yes,Fiber optic,No,Yes,No,Yes,No,No,Month-to-month,Yes,Credit card (automatic),94.06,3262.81,Yes
Female,1,No,No,33.0,Yes,Yes,Fiber optic,Yes,No,Yes,No,No,No,Month-to-month,Yes,Credit card (automatic),86.41,3049.56,No
Male,0,No,No,40.0,Yes,Yes,Fiber optic,No,No,No,No,Yes,No,Month-to-month,No,Credit card (automatic),88.2,3578.08,Yes
Female,0,No,No,17.0,Yes,Yes,Fiber optic,No,No,No,No,No,No,Month-to-month,Yes,Credit card (automatic),70.9,1344.1,No
Male,0,Yes,Yes,0.0,Yes,Yes,Fiber optic,Yes,No,No,No,No,Yes,Month-to-month,Yes,Credit card (automatic),92.25,0.0,Yes
Male,0,Yes,No,16.0,Yes,No,Fiber optic,No,No,No,No,No,Yes,Month-to-month,Yes,Credit card (automatic),81.55,1069.84,No
Male,0,Yes,Yes,30.0,Yes,Yes,Fiber optic,No,No,Yes,No,No,Yes,Month-to-month,Yes,Credit card (automatic),92.25,3141.36,No
Male,0,No,Yes,18.0,Yes,Yes,Fiber optic,No,No,No,No,No,No,Month-to-month,No,Credit card (automatic),78.42,1157.42,No
Female,1,No,No,50.0,Yes,Yes,Fiber optic,Yes,Yes,No,No,Yes,Yes,Month-to-month,Yes,Credit card (automatic),100.75,4907.32,No
Male,0,No,No,54.0,Yes,No,Fiber optic,No,No,Yes,Yes,Yes,Yes,Month-to-month,Yes,Credit card (automatic),107.67,5168.68,No
Male,0,No,No,8.0,Yes,No,Fiber optic,No,Yes,No,No,Yes,No,Month-to-month,Yes,Credit card (automatic),79.37,545.56,Yes
Male,1,No,No,37.0,Yes,Yes,Fiber optic,Yes,Yes,Yes,No,Yes,Yes,One year,Yes,Mailed check,116.4,4536.63,No
Male,0,No,No,2.0,Yes,No,Fiber optic,No,Yes,No,No,No,Yes,Month-to-month,Yes,Credit card (automatic),76.3,125.12,Yes
Female,1,Yes,No,66.0,Yes,Yes,Fiber optic,Yes,Yes,No,Yes,No,Yes,Month-to-month,Yes,Credit card (automatic),92.24,6122.03,No
Male,1,No,No,9.0,Yes,Yes,Fiber optic,Yes,No,No,No,Yes,No,Month-to-month,Yes,Credit card (automatic),92.64,683.61,Yes
Male,0,Yes,No,27.0,Yes,No,Fiber optic,Yes,Yes,No,Yes,Yes,Yes,Month-to-month,Yes,Credit card (automatic),96.12,2791.73,No
Male,0,No,No,2.0,Yes,No,Fiber optic,No,No,Yes,No,No,No,Month-to-month,Yes,Credit card (automatic),64.46,105.71,No
Female,0,No,No,69.0,Yes,Yes,Fiber optic,Yes,No,Yes,No,Yes,Yes,Month-to-month,Yes,Credit card (automatic),99.33,6765.23,Yes
Female,0,Yes,Yes,45.0,Yes,Yes,Fiber optic,No,Yes,Yes,No,Yes,No,Month-to-month,No,Credit card (automatic),82.75,3459.25,No
Female,0,Yes,Yes,23.0,Yes,No,Fiber optic,No,No,No,No,No,Yes,Month-to-month,No,Credit card (automatic),80.38,1868.16,No
Male,0,Yes,No,69.0,Yes,No,Fiber optic,No,No,Yes,Yes,Yes,Yes,Month-to-month,No,Credit card (automatic),105.66,7311.67,No
Female,0,Yes,No,72.0,Yes,Yes,Fiber optic,Yes,Yes,No,No,Yes,Yes,One year,Yes,Mailed check,117.42,7960.47,Yes
Female,0,No,No,33.0,Yes,Yes,Fiber optic,No,No,No,No,No,No,Month-to-month,Yes,Credit card (automatic),83.19,2980.14,No
Male,0,No,No,59.0,Yes,No,Fiber optic,Yes,No,Yes,No,Yes,No,Month-to-month,Yes,Credit card (automatic),95.55,5998.92,No
Male,0,No,No,41.0,Yes,Yes,Fiber optic,No,No,No,No,No,No,Month-to-month,No,Credit card (automatic),68.96,2748.75,Yes
Female,0,No,Yes,0.0,Yes,Yes,Fiber optic,No,No,No,No,No,Yes,Month-to-month,Yes,Credit card (automatic),80.29,0.0,No
Male,0,No,Yes,64.0,Yes,Yes,Fiber optic,Yes,No,Yes,No,Yes,No,Month-to-month,Yes,Credit card (automatic),92.07,6005.13,Yes
Male,0,No,No,49.0,Yes,Yes,Fiber optic,No,Yes,No,No,Yes,Yes,Month-to-month,Yes,Credit card (automatic),94.06,4942.61,Yes
Female,0,No,No,30.0,Yes,No,Fiber optic,No,No,No,Yes,No,Yes,Month-to-month,Yes,Credit card (automatic),82.98,2666.8,No
Male,1,No,No,20.0,Yes,No,Fiber optic,No,Yes,No,No,Yes,Yes,Month-to-month,Yes,Credit card (automatic),97.5,2342.76,Yes
Male,1,No,No,44.0,Yes,Yes,Fiber optic,No,No,No,No,Yes,No,Month-to-month,Yes,Credit card (automatic),79.46,3930.47,No
Male,0,No,No,31.0,Yes,No,Fiber optic,No,Yes,No,Yes,Yes,Yes,Month-to-month,Yes,Credit card (automatic),83.59,2589.41,No
Male,0,No,Yes,7.0,Yes,No,Fiber optic,No,Yes,Yes,No,No,Yes,Month-to-month,Yes,Credit card (automatic),94.06,792.41,No
Female,1,Yes,Yes,72.0,Yes,Yes,Fiber optic,No,No,No,No,Yes,Yes,Month-to-month,Yes,Credit card (automatic),102.43,6737.15,No
Male,0,No,No,30.0,Yes,No,Fiber optic,No,No,No,No,Yes,No,Month-to-month,Yes,Credit card (automatic),77.02,2046.95,No
Female,1,No,No,7.0,Yes,Yes,Fiber optic,Yes,No,No,No,No,No,Month-to-month,No,Credit card (automatic),76.94,570.53,Yes
Male,0,No,No,57.0,Yes,Yes,Fiber optic,No,Yes,Yes,Yes,No,Yes,Month-to-month,Yes,Credit card (automatic),96.0,5077.42,No
Female,0,No,No,59.0,Yes,Yes,Fiber optic,No,Yes,Yes,No,No,Yes,Month-to-month,Yes,Credit card (automatic),92.97,5581.12,No
Female,1,Yes,No,65.0,Yes,Yes,Fiber optic,Yes,Yes,Yes,No,Yes,Yes,Month-to-month,Yes,Credit card (automatic),118.75,6328.78,Yes
Female,0,No,No,38.0,Yes,Yes,Fiber optic,Yes,No,No,Yes,No,No,Month-to-month,Yes,Credit card (automatic),86.14,3233.53,No
Male,0,No,No,47.0,Yes,Yes,Fiber optic,No,No,No,No,No,Yes,Month-to-month,Yes,Credit card (automatic),86.26,4486.49,Yes
Male,1,Yes,Yes,40.0,Yes,Yes,Fiber optic,Yes,No,Yes,No,No,Yes,Month-to-month,Yes,Credit card (automatic),92.24,3708.43,Yes
Female,1,No,No,0.0,Yes,Yes,Fiber optic,No,No,No,No,Yes,Yes,Month-to-month,No,Credit card (automatic),88.54,0.0,Yes
Female,0,Yes,No,55.0,Yes,No,Fiber optic,No,No,No,Yes,Yes,Yes,Month-to-month,Yes,Credit card (automatic),101.7,5454.9,No
Male,0,Yes,No,33.0,Yes,Yes,Fiber optic,No,Yes,No,Yes,Yes,No,Month-to-month,Yes,Credit card (automatic),85.3,2715.36,Yes
Male,0,No,No,23.0,Yes,Yes,Fiber optic,No,No,No,No,No,Yes,Month-to-month,No,Credit card (automatic),84.02,2314.43,Yes
Male,1,No,No,67.0,Yes,Yes,Fiber optic,No,Yes,No,Yes,Yes,Yes,Month-to-month,Yes,Credit card (automatic),117.86,7306.26,Yes
Male,0,Yes,No,64.0,Yes,No,Fiber optic,No,No,Yes,Yes,Yes,No,One year,Yes,Mailed check,100.28,6362.74,No
Female,1,Yes,No,58.0,Yes,Yes,Fiber optic,No,Yes,No,Yes,No,No,Month-to-month,Yes,Credit card (automatic),84.18,4816.55,Yes
Male,0,No,No,29.0,Yes,Yes,Fiber optic,No,No,No,Yes,No,Yes,Month-to-month,No,Credit card (automatic),87.45,2581.97,No
Male,0,No,No,13.0,Yes,No,Fiber optic,No,Yes,Yes,Yes,No,Yes,Month-to-month,No,Credit card (automatic),94.77,1050.27,No
Male,0,No,No,31.0,Yes,Yes,Fiber optic,Yes,No,No,No,No,No,Month-to-month,Yes,Credit card (automatic),78.92,2539.83,No
Female,0,No,Yes,15.0,Yes,Yes,Fiber optic,No,Yes,No,No,No,No,Month-to-month,Yes,Credit card (automatic),84.48,1344.42,Yes
Male,0,No,Yes,36.0,Yes,Yes,Fiber optic,No,Yes,No,No,Yes,Yes,Month-to-month,No,Credit card (automatic),100.46,3721.7,No
Male,1,No,No,72.0,Yes,Yes,Fiber optic,Yes,No,Yes,No,Yes,Yes,Month-to-month,Yes,Credit card (automatic),113.56,8332.62,No
Female,0,No,No,59.0,Yes,Yes,Fiber optic,No,No,No,No,No,No,Month-to-month,Yes,Credit card (automatic),79.86,5511.8,No
Male,0,Yes,No,47.0,Yes,No,Fiber optic,Yes,No,Yes,No,No,No,Month-to-month,Yes,Credit card (automatic),88.11,4053.65,No
Male,0,Yes,Yes,-0.0,Yes,Yes,Fiber optic,No,No,No,Yes,Yes,Yes,Month-to-month,Yes,Credit card (automatic),95.0,0.0,No
Female,1,No,No,11.0,Yes,Yes,Fiber optic,No,No,No,No,No,Yes,Month-to-month,Yes,Credit card (automatic),95.22,1260.55,Yes
Male,1,No,No,44.0,Yes,No,Fiber optic,No,Yes,Yes,No,No,No,One year,Yes,Mailed check,73.18,3497.49,No
Female,0,No,No,26.0,Yes,No,Fiber optic,No,No,No,No,No,Yes,Month-to-month,Yes,Credit card (automatic),74.03,1889.48,Yes
Female,0,Yes,No,72.0,Yes,Yes,Fiber optic,No,Yes,No,No,Yes,No,One year,Yes,Mailed check,102.75,7680.49,Yes
Male,0,No,No,41.0,Yes,Yes,Fiber optic,No,No,Yes,No,No,Yes,Month-to-month,Yes,Credit card (automatic),101.56,4284.8,Yes
Male,0,Yes,Yes,4.0,Yes,No,Fiber optic,Yes,Yes,Yes,No,No,No,Month-to-month,Yes,Credit card (automatic),82.32,270.0,No
Male,0,No,No,47.0,Yes,No,Fiber optic,No,Yes,Yes,Yes,Yes,Yes,One year,Yes,Mailed check,94.14,4504.73,No
Male,1,Yes,No,56.0,Yes,Yes,Fiber optic,Yes,Yes,Yes,Yes,Yes,Yes,Month-to-month,Yes,Credit card (automatic),113.53,6162.02,No
Female,0,Yes,No,68.0,Yes,Yes,Fiber optic,Yes,Yes,Yes,No,Yes,Yes,Month-to-month,Yes,Credit card (automatic),115.85,7088.21,No
Female,0,No,No,15.0,Yes,Yes,Fiber optic,No,No,No,No,No,No,Month-to-month,Yes,Credit card (automatic),66.71,1014.95,No
Female,0,Yes,Yes,22.0,Yes,Yes,Fiber optic,Yes,No,Yes,No,Yes,Yes,Month-to-month,No,Credit card (automatic),111.17,2725.5,No
Male,0,No,No,20.0,Yes,No,Fiber optic,No,Yes,No,No,Yes,No,Month-to-month,Yes,Credit card (automatic),83.07,1419.63,No
Female,0,No,No,16.0,Yes,Yes,Fiber optic,No,No,No,No,Yes,Yes,Month-to-month,Yes,Credit card (automatic),94.1,1372.18,Yes
Female,0,Yes,No,28.0,Yes,Yes,Fiber optic,Yes,Yes,Yes,Yes,Yes,Yes,Month-to-month,No,Credit card (automatic),99.83,2755.27,No
Female,0,Yes,Yes,22.0,Yes,Yes,Fiber optic,Yes,No,Yes,No,Yes,Yes,One year,No,Mailed check,113.65,3009.17,No
Female,0,No,No,7.0,Yes,No,Fiber optic,No,No,No,Yes,No,No,Month-to-month,Yes,Credit card (automatic),77.0,624.81,Yes
Male,0,Yes,No,16.0,Yes,Yes,Fiber optic,No,No,Yes,No,Yes,Yes,Month-to-month,Yes,Credit card (automatic),108.42,2087.66,Yes
Female,0,No,No,25.0,Yes,No,Fiber optic,No,Yes,No,No,Yes,No,Month-to-month,Yes,Credit card (automatic),80.63,2426.0,No
Female,0,Yes,Yes,31.0,Yes,Yes,Fiber optic,No,Yes,No,No,Yes,No,Month-to-month,Yes,Credit card (automatic),82.77,2536.75,Yes
Male,0,No,No,26.0,Yes,No,Fiber optic,No,Yes,No,No,Yes,No,Month-to-month,Yes,Credit card (automatic),85.03,2212.37,Yes
Male,0,Yes,Yes,29.0,Yes,Yes,Fiber optic,Yes,No,No,No,No,No,Month-to-month,No,Credit card (automatic),88.5,2605.44,No
Female,0,Yes,No,36.0,Yes,Yes,Fiber optic,No,Yes,Yes,No,No,Yes,Month-to-month,No,Credit card (automatic),94.35,3951.44,Yes
Female,0,Yes,No,62.0,Yes,No,Fiber optic,Yes,Yes,No,No,No,Yes,Month-to-month,Yes,Credit card (automatic),82.21,5721.98,No
Male,0,Yes,No,37.0,Yes,Yes,Fiber optic,No,Yes,No,No,Yes,Yes,Month-to-month,Yes,Credit card (automatic),96.56,3506.2,No
Male,0,Yes,No,36.0,Yes,No,Fiber optic,No,No,No,No,No,No,Month-to-month,No,Credit card (automatic),61.33,2657.0,No
Male,0,No,Yes,31.0,Yes,Yes,Fiber optic,No,No,No,No,Yes,Yes,Month-to-month,Yes,Credit card (automatic),96.97,3203.56,No
Male,0,No,No,50.0,Yes,No,Fiber optic,No,No,No,Yes,Yes,Yes,One year,Yes,Mailed check,98.05,5397.97,No
Female,0,No,No,12.0,Yes,No,Fiber optic,No,No,No,No,Yes,No,Month-to-month,No,Credit card (automatic),78.98,777.1,Yes
Male,0,Yes,Yes,60.0,Yes,Yes,Fiber optic,Yes,Yes,No,No,Yes,Yes,Month-to-month,Yes,Credit card (automatic),99.13,5721.45,No
Female,0,Yes,No,56.0,Yes,Yes,Fiber optic,No,No,Yes,No,Yes,Yes,Month-to-month,Yes,Credit card (automatic),102.3,5424.44,No
Male,1,No,No,30.0,Yes,Yes,Fiber optic,Yes,No,No,Yes,No,No,One year,Yes,Mailed check,78.84,2467.5,Yes
Male,1,Yes,No,28.0,Yes,Yes,Fiber optic,Yes,No,Yes,No,Yes,Yes,Month-to-month,Yes,Credit card (automatic),113.51,3625.0,No
Male,0,No,No,10.0,Yes,Yes,Fiber optic,No,No,No,No,No,No,Month-to-month,Yes,Credit card (automatic),79.48,651.72,No
Female,1,No,No,21.0,Yes,No,Fiber optic,No,Yes,No,No,No,Yes,Month-to-month,Yes,Credit card (automatic),68.7,1204.62,Yes
Female,0,Yes,Yes,47.0,Yes,Yes,Fiber optic,No,Yes,Yes,No,Yes,Yes,Month-to-month,No,Credit card (automatic),106.4,4791.37,No
Male,1,No,No,0.0,Yes,No,Fiber optic,No,No,No,No,No,Yes,Month-to-month,Yes,Credit card (automatic),81.94,0.0,No
Male,0,Yes,No,27.0,Yes,Yes,Fiber optic,Yes,Yes,No,No,Yes,No,Month-to-month,No,Credit card (automatic),95.95,3117.76,No
Male,1,Yes,No,36.0,Yes,Yes,Fiber optic,No,Yes,Yes,No,No,No,One year,Yes,Mailed check,89.01,3235.83,Yes
Male,1,Yes,No,34.0,Yes,Yes,Fiber optic,No,Yes,No,No,No,Yes,Month-to-month,Yes,Credit card (automatic),96.29,2925.57,Yes
Female,1,No,No,21.0,Yes,No,Fiber optic,Yes,No,No,No,Yes,No,Month-to-month,No,Credit card (automatic),93.23,2334.97,Yes
Female,1,No,No,13.0,Yes,No,Fiber optic,Yes,Yes,Yes,Yes,No,No,Month-to-month,Yes,Credit card (automatic),89.18,989.06,No
Male,0,No,No,18.0,Yes,No,Fiber optic,No,Yes,Yes,No,No,Yes,Month-to-month,Yes,Credit card (automatic),82.45,1216.91,No
Female,0,Yes,No,36.0,Yes,Yes,Fiber optic,No,No,No,Yes,Yes,Yes,Month-to-month,Yes,Credit card (automatic),98.13,3914.41,Yes
Male,0,No,No,19.0,Yes,No,Fiber optic,No,No,No,No,Yes,No,Month-to-month,Yes,Credit card (automatic),83.9,1541.05,No
Female,0,No,No,34.0,Yes,Yes,Fiber optic,No,No,No,No,No,No,Month-to-month,Yes,Credit card (automatic),70.44,2376.84,No
Female,1,No,No,24.0,Yes,Yes,Fiber optic,Yes,No,Yes,No,No,Yes,Month-to-month,Yes,Credit card (automatic),91.32,2144.42,Yes
Female,1,No,No,30.0,Yes,No,Fiber optic,No,No,Yes,No,Yes,Yes,One year,No,Credit card (automatic),98.15,2884.31,Yes
Male,0,Yes,No,21.0,Yes,Yes,Fiber optic,Yes,No,No,Yes,Yes,Yes,Month-to-month,No,Credit card (automatic),105.14,2532.03,Yes
Male,0,No,No,16.0,Yes,Yes,Fiber optic,No,No,No,No,Yes,No,Month-to-month,Yes,Credit card (automatic),83.9,1615.56,No
Male,0,No,No,13.0,Yes,No,Fiber optic,Yes,No,Yes,Yes,No,No,Month-to-month,Yes,Credit card (automatic),81.07,864.14,Yes
Male,0,Yes,No,27.0,Yes,Yes,Fiber optic,No,No,Yes,No,Yes,Yes,One year,No,Mailed check,107.28,3092.29,Yes
Female,0,Yes,No,36.0,Yes,Yes,Fiber optic,No,Yes,No,No,No,Yes,Month-to-month,Yes,Credit card (automatic),93.03,3525.78,Yes
Female,0,No,No,28.0,Yes,No,Fiber optic,No,Yes,No,No,No,No,Month-to-month,Yes,Credit card (automatic),77.16,2173.16,Yes
Male,1,No,No,45.0,Yes,Yes,Fiber optic,Yes,No,No,No,Yes,Yes,One year,No,Mailed check,91.74,4300.34,No
Female,0,No,No,59.0,Yes,Yes,DSL,Yes,Yes,Yes,Yes,No,No,One year,Yes,Credit card (automatic),69.35,4139.52,Yes
Female,0,No,Yes,25.0,Yes,No,DSL,No,No,No,No,No,No,Month-to-month,No,Bank transfer (automatic),33.72,691.2,No
Female,0,No,No,8.0,Yes,No,DSL,No,No,No,Yes,No,Yes,Month-to-month,No,Electronic check,69.94,673.39,No
Male,1,Yes,No,18.0,Yes,Yes,DSL,Yes,No,No,No,No,No,Month-to-month,No,Electronic check,53.23,785.57,No
Male,1,No,No,55.0,Yes,Yes,DSL,No,Yes,Yes,Yes,Yes,No,One year,No,Electronic check,87.07,4190.25,Yes
Male,0,No,No,47.0,Yes,No,DSL,Yes,No,Yes,No,Yes,No,One year,Yes,Credit card (automatic),63.61,2870.97,Yes
Female,0,No,No,6.0,Yes,Yes,DSL,No,Yes,No,No,No,No,Month-to-month,Yes,Credit card (automatic),59.84,294.4,No
Male,0,No,Yes,24.0,Yes,Yes,DSL,Yes,Yes,No,Yes,No,No,Month-to-month,No,Bank transfer (automatic),60.9,1606.66,No
Male,0,Yes,Yes,25.0,Yes,No,DSL,Yes,Yes,No,Yes,Yes,No,One year,No,Bank transfer (automatic),79.31,2111.34,Yes
Male,1,No,No,45.0,Yes,No,DSL,Yes,Yes,No,Yes,No,No,One year,Yes,Electronic check,68.06,3155.84,Yes
Female,0,Yes,Yes,16.0,Yes,No,DSL,Yes,No,No,Yes,Yes,No,Month-to-month,Yes,Bank transfer (automatic),65.35,1258.47,Yes
Female,0,No,Yes,19.0,Yes,No,DSL,No,Yes,No,Yes,Yes,No,Month-to-month,Yes,Credit card (automatic),59.49,1163.13,No
Male,0,No,No,20.0,Yes,No,DSL,Yes,No,No,No,No,No,Month-to-month,Yes,Credit card (automatic),51.28,1035.42,No
Male,0,Yes,Yes,48.0,Yes,No,DSL,Yes,Yes,Yes,Yes,Yes,Yes,One year,Yes,Electronic check,87.79,3801.42,Yes
Male,0,Yes,No,32.0,Yes,Yes,DSL,No,No,Yes,Yes,Yes,Yes,One year,Yes,Electronic check,80.26,2516.12,Yes
Male,0,No,No,42.0,Yes,Yes,DSL,Yes,Yes,Yes,Yes,No,Yes,Month-to-month,No,Bank transfer (automatic),74.47,3180.8,No
Female,1,Yes,No,47.0,Yes,No,DSL,No,Yes,No,No,Yes,No,Month-to-month,Yes,Credit card (automatic),53.15,3006.6,No
Male,1,No,Yes,44.0,Yes,Yes,DSL,No,No,No,No,No,Yes,Month-to-month,No,Bank transfer (automatic),51.81,2743.67,Yes
Male,1,Yes,No,49.0,Yes,No,DSL,Yes,Yes,No,Yes,Yes,No,Month-to-month,No,Bank transfer (automatic),73.44,3448.98,No
Female,0,Yes,No,21.0,Yes,Yes,DSL,No,Yes,No,No,No,No,Month-to-month,No,Bank transfer (automatic),51.89,1307.73,No
Male,0,Yes,No,18.0,Yes,Yes,DSL,Yes,Yes,No,Yes,Yes,No,Month-to-month,Yes,Bank transfer (automatic),70.19,1520.47,No
Male,0,Yes,Yes,65.0,Yes,No,DSL,Yes,Yes,Yes,No,Yes,No,Month-to-month,No,Credit card (automatic),68.58,4157.81,No
Male,1,No,No,0.0,Yes,No,DSL,Yes,Yes,No,Yes,No,Yes,Month-to-month,Yes,Bank transfer (automatic),69.49,0.0,No
Female,0,Yes,Yes,32.0,Yes,Yes,DSL,No,Yes,No,No,No,No,Month-to-month,Yes,Bank transfer (automatic),59.0,2078.97,No
Female,0,Yes,Yes,35.0,Yes,No,DSL,Yes,No,No,Yes,No,No,Month-to-month,No,Bank transfer (automatic),55.11,2321.25,No
Female,0,No,Yes,8.0,Yes,No,DSL,No,No,No,No,No,Yes,Month-to-month,Yes,Credit card (automatic),52.93,347.18,No
Female,0,Yes,Yes,30.0,Yes,Yes,DSL,Yes,Yes,No,No,No,No,Month-to-month,No,Bank transfer (automatic),57.94,1729.86,No
Male,0,Yes,Yes,29.0,Yes,No,DSL,No,Yes,No,Yes,Yes,Yes,One year,No,Credit card (automatic),82.02,2161.75,No
Male,0,Yes,No,16.0,Yes,No,DSL,No,Yes,No,Yes,Yes,Yes,Month-to-month,No,Credit card (automatic),85.89,1569.32,No
Female,0,No,No,1.0,Yes,No,DSL,Yes,No,Yes,Yes,No,No,Month-to-month,Yes,Credit card (automatic),63.11,75.96,No
Female,0,No,No,57.0,Yes,No,DSL,No,Yes,Yes,Yes,Yes,No,Month-to-month,Yes,Bank transfer (automatic),69.31,3848.06,No
Female,0,Yes,Yes,22.0,Yes,No,DSL,No,No,Yes,Yes,No,No,Month-to-month,No,Bank transfer (automatic),58.48,1520.22,No
Female,1,Yes,Yes,46.0,Yes,Yes,DSL,No,Yes,No,Yes,No,Yes,Month-to-month,Yes,Credit card (automatic),71.44,3253.52,No
Female,0,No,No,46.0,Yes,Yes,DSL,No,No,No,Yes,No,No,Month-to-month,Yes,Credit card (automatic),65.81,2966.04,No
Male,0,No,No,0.0,Yes,No,DSL,Yes,No,No,No,No,No,Month-to-month,Yes,Bank transfer (automatic),43.02,0.0,No
Female,1,No,No,56.0,Yes,No,DSL,Yes,Yes,No,Yes,No,No,Month-to-month,Yes,Bank transfer (automatic),47.63,2841.7,No
Male,0,Yes,Yes,53.0,Yes,Yes,DSL,Yes,Yes,Yes,Yes,Yes,No,Month-to-month,No,Credit card (automatic),79.33,4287.02,Yes
Female,1,No,Yes,18.0,Yes,Yes,DSL,Yes,Yes,No,No,No,Yes,Month-to-month,Yes,Credit card (automatic),70.17,1209.39,No
Male,0,Yes,Yes,35.0,Yes,No,DSL,Yes,No,No,Yes,No,No,Month-to-month,Yes,Mailed check,48.65,1684.88,No
Male,0,Yes,No,44.0,Yes,No,DSL,Yes,No,Yes,No,Yes,No,Month-to-month,Yes,Bank transfer (automatic),57.3,2292.88,No
Female,0,No,No,16.0,Yes,No,DSL,Yes,No,No,Yes,No,No,Month-to-month,No,Bank transfer (automatic),51.16,985.23,No
Female,1,Yes,Yes,4.0,Yes,Yes,DSL,No,Yes,No,No,No,Yes,Month-to-month,Yes,Credit card (automatic),65.32,314.47,No
Female,0,No,No,30.0,Yes,No,DSL,No,Yes,Yes,No,No,No,Month-to-month,Yes,Bank transfer (automatic),50.82,1481.02,No
Female,0,Yes,No,11.0,Yes,Yes,DSL,Yes,No,No,Yes,No,No,Month-to-month,No,Bank transfer (automatic),64.79,857.77,No
Male,0,Yes,No,27.0,Yes,Yes,DSL,No,No,No,Yes,No,No,Month-to-month,Yes,Bank transfer (automatic),53.43,1651.3,No
Male,0,No,Yes,0.0,Yes,No,DSL,No,No,Yes,Yes,Yes,Yes,Month-to-month,Yes,Bank transfer (automatic),76.21,0.0,No
Male,0,No,No,0.0,Yes,No,DSL,No,No,No,Yes,No,No,Month-to-month,No,Bank transfer (automatic),52.3,0.0,No
Male,0,No,No,56.0,Yes,Yes,DSL,Yes,No,No,No,Yes,No,One year,Yes,Credit card (automatic),58.75,3407.17,Yes
Male,1,No,No,8.0,Yes,No,DSL,Yes,Yes,No,No,No,No,Month-to-month,Yes,Bank transfer (automatic),41.6,272.9,No
Female,0,No,Yes,10.0,Yes,No,DSL,No,No,No,Yes,No,Yes,Month-to-month,No,Bank transfer (automatic),49.85,599.97,No
Female,0,Yes,Yes,48.0,Yes,Yes,DSL,Yes,Yes,No,Yes,No,Yes,Month-to-month,Yes,Bank transfer (automatic),67.35,2997.13,No
Female,0,No,No,0.0,Yes,No,DSL,No,Yes,No,Yes,No,Yes,Month-to-month,Yes,Bank transfer (automatic),54.28,0.0,No
Female,0,Yes,No,14.0,Yes,Yes,DSL,No,Yes,Yes,No,No,Yes,Month-to-month,No,Credit card (automatic),75.86,1182.08,No
Female,0,No,No,23.0,Yes,No,DSL,Yes,Yes,No,No,No,No,Month-to-month,No,Bank transfer (automatic),58.27,1612.99,No
Male,0,No,Yes,3.0,Yes,No,DSL,Yes,No,No,No,No,No,Month-to-month,Yes,Credit card (automatic),57.51,207.64,No
Male,0,No,No,6.0,Yes,No,DSL,Yes,No,Yes,No,No,No,Month-to-month,Yes,Credit card (automatic),48.92,240.67,No
Female,0,Yes,Yes,20.0,Yes,Yes,DSL,No,Yes,No,No,Yes,Yes,Month-to-month,No,Credit card (automatic),76.53,1661.4,No
Male,0,No,Yes,4.0,Yes,No,DSL,Yes,No,Yes,No,Yes,Yes,Month-to-month,Yes,Credit card (automatic),77.8,374.52,No
Male,0,Yes,Yes,20.0,Yes,Yes,DSL,Yes,No,Yes,Yes,Yes,No,Month-to-month,Yes,Credit card (automatic),72.9,1426.41,No
Male,0,Yes,Yes,33.0,Yes,Yes,DSL,No,No,No,No,No,No,Month-to-month,No,Electronic check,42.82,1316.53,No
Male,0,Yes,No,52.0,Yes,Yes,DSL,No,No,Yes,No,No,No,Month-to-month,No,Electronic check,68.47,3223.22,No
Male,0,Yes,No,11.0,Yes,No,DSL,No,No,Yes,Yes,Yes,Yes,Month-to-month,No,Credit card (automatic),72.43,958.93,No
Male,0,Yes,No,13.0,Yes,Yes,DSL,Yes,No,Yes,Yes,Yes,Yes,Month-to-month,Yes,Electronic check,84.76,1326.15,No
Male,0,Yes,No,58.0,Yes,Yes,DSL,Yes,No,No,Yes,Yes,Yes,One year,Yes,Bank transfer (automatic),69.45,3988.7,Yes
Female,0,No,No,42.0,Yes,Yes,DSL,Yes,Yes,No,Yes,Yes,No,One year,Yes,Credit card (automatic),74.26,2808.82,Yes
Female,0,No,No,53.0,Yes,Yes,DSL,Yes,Yes,Yes,Yes,Yes,Yes,One year,No,Mailed check,83.43,4023.29,Yes
Male,0,Yes,Yes,18.0,Yes,Yes,DSL,No,Yes,No,No,No,No,Month-to-month,Yes,Bank transfer (automatic),56.84,875.43,No
Female,0,Yes,Yes,53.0,Yes,Yes,DSL,Yes,No,No,Yes,No,Yes,Month-to-month,No,Electronic check,68.27,3248.12,No
Male,1,No,No,40.0,Yes,No,DSL,No,No,Yes,No,No,No,Two year,No,Credit card (automatic),48.95,2283.11,Yes
Female,0,No,No,47.0,Yes,No,DSL,Yes,No,No,No,Yes,Yes,Month-to-month,Yes,Bank transfer (automatic),62.81,3041.69,No
Male,0,Yes,No,55.0,Yes,No,DSL,No,No,No,Yes,No,No,Month-to-month,No,Electronic check,58.55,3497.99,No
Male,0,No,No,35.0,Yes,No,DSL,No,No,Yes,Yes,No,Yes,Month-to-month,No,Electronic check,66.48,2088.73,No
Male,1,Yes,No,0.0,Yes,Yes,DSL,No,Yes,No,No,No,Yes,Month-to-month,No,Bank transfer (automatic),68.15,0.0,No
Female,0,No,No,34.0,Yes,No,DSL,No,Yes,No,Yes,No,No,Month-to-month,Yes,Bank transfer (automatic),52.85,1844.94,No
Male,0,No,No,51.0,Yes,No,DSL,No,No,No,No,No,No,Month-to-month,Yes,Credit card (automatic),56.18,3080.95,No
Male,1,Yes,No,36.0,Yes,No,DSL,Yes,No,No,No,No,Yes,One year,Yes,Bank transfer (automatic),54.97,2381.74,No
Female,0,No,No,34.0,Yes,No,DSL,No,No,Yes,No,No,No,Month-to-month,No,Credit card (automatic),49.32,1974.15,No
Female,0,Yes,Yes,41.0,Yes,No,DSL,Yes,Yes,Yes,No,Yes,No,Month-to-month,Yes,Bank transfer (automatic),63.7,2221.94,No
Female,0,Yes,Yes,15.0,Yes,No,DSL,Yes,No,Yes,No,No,No,Month-to-month,No,Bank transfer (automatic),65.11,1088.2,No
Female,0,Yes,Yes,33.0,Yes,Yes,DSL,No,Yes,Yes,No,No,Yes,Month-to-month,No,Credit card (automatic),66.49,2535.52,No
Female,0,No,No,15.0,Yes,No,DSL,Yes,No,Yes,No,No,No,Month-to-month,No,Credit card (automatic),62.15,1121.97,No
Male,0,Yes,No,49.0,Yes,No,DSL,Yes,No,Yes,No,Yes,Yes,Month-to-month,Yes,Credit card (automatic),72.87,3437.99,No
Male,0,No,No,8.0,Yes,Yes,DSL,No,Yes,No,Yes,No,Yes,One year,No,Bank transfer (automatic),64.37,522.66,Yes
Female,1,No,No,41.0,Yes,No,DSL,Yes,Yes,No,No,Yes,No,Month-to-month,Yes,Bank transfer (automatic),61.61,2603.24,No
Female,1,Yes,Yes,58.0,Yes,No,DSL,No,Yes,Yes,No,No,No,One year,Yes,Credit card (automatic),64.93,4123.57,Yes
Male,0,No,No,15.0,Yes,Yes,DSL,No,No,Yes,No,No,Yes,One year,No,Bank transfer (automatic),69.21,949.51,Yes
Female,0,Yes,No,43.0,Yes,Yes,DSL,Yes,Yes,No,No,No,No,Month-to-month,Yes,Bank transfer (automatic),54.71,2379.61,No
Male,0,Yes,Yes,48.0,Yes,No,DSL,Yes,Yes,Yes,Yes,Yes,No,One year,No,Electronic check,73.6,3087.02,Yes
Male,0,Yes,Yes,50.0,Yes,Yes,DSL,No,Yes,No,Yes,Yes,No,Month-to-month,Yes,Bank transfer (automatic),72.47,3249.37,No
Female,0,No,No,48.0,Yes,No,DSL,Yes,Yes,Yes,Yes,Yes,Yes,One year,Yes,Electronic check,83.54,3832.99,No
Male,1,No,No,52.0,Yes,No,DSL,No,Yes,Yes,Yes,No,No,One year,Yes,Mailed check,65.34,3188.0,Yes
Female,0,No,Yes,1.0,Yes,No,DSL,No,No,Yes,Yes,Yes,No,Month-to-month,No,Credit card (automatic),70.47,84.81,No
Male,0,No,No,0.0,Yes,Yes,DSL,No,Yes,Yes,Yes,No,No,Month-to-month,Yes,Bank transfer (automatic),57.35,0.0,No
Female,0,No,No,0.0,Yes,Yes,DSL,No,No,Yes,Yes,Yes,Yes,Month-to-month,Yes,Electronic check,67.2,0.0,No
Female,1,Yes,No,26.0,Yes,Yes,DSL,No,Yes,Yes,No,No,No,Month-to-month,No,Credit card (automatic),60.41,1287.75,No
Female,0,Yes,Yes,25.0,Yes,Yes,DSL,Yes,No,No,No,No,No,One year,No,Electronic check,60.98,1822.97,Yes
Male,0,No,No,36.0,Yes,Yes,DSL,Yes,Yes,Yes,No,No,No,Month-to-month,Yes,Bank transfer (automatic),75.52,2905.1,No
Female,0,Yes,No,46.0,Yes,Yes,DSL,No,Yes,Yes,Yes,No,Yes,Month-to-month,Yes,Credit card (automatic),68.16,3032.31,No
Female,0,Yes,Yes,21.0,Yes,No,DSL,No,Yes,No,No,No,Yes,One year,No,Bank transfer (automatic),55.72,1288.95,Yes
Female,0,No,No,0.0,Yes,No,DSL,No,Yes,No,Yes,No,Yes,Month-to-month,No,Credit card (automatic),67.5,0.0,No
Female,0,Yes,No,33.0,Yes,No,DSL,No,Yes,No,Yes,Yes,No,Month-to-month,No,Credit card (automatic),53.91,1825.02,No
Male,0,No,No,21.0,Yes,No,DSL,Yes,No,Yes,Yes,No,Yes,Month-to-month,Yes,Electronic check,55.99,1207.86,No
Male,0,No,No,29.0,Yes,No,DSL,No,Yes,No,No,No,No,Month-to-month,Yes,Bank transfer (automatic),61.34,1756.32,No
Female,0,No,No,4.0,Yes,No,DSL,No,No,Yes,Yes,No,Yes,Month-to-month,No,Credit card (automatic),62.75,278.36,No
Male,0,Yes,Yes,16.0,Yes,Yes,DSL,No,No,No,Yes,No,No,Month-to-month,Yes,Bank transfer (automatic),43.69,573.15,No
Female,0,No,No,24.0,Yes,No,DSL,No,No,No,Yes,No,No,Month-to-month,Yes,Credit card (automatic),51.6,1223.29,No
Female,0,Yes,Yes,20.0,Yes,No,DSL,No,Yes,No,Yes,No,Yes,Month-to-month,No,Bank transfer (automatic),62.21,1492.74,No
Female,0,No,No,18.0,Yes,No,DSL,Yes,No,Yes,No,No,No,Month-to-month,Yes,Credit card (automatic),57.15,933.41,No
Female,0,Yes,Yes,43.0,Yes,No,DSL,No,No,Yes,Yes,Yes,Yes,Month-to-month,No,Bank transfer (automatic),78.73,3204.62,No
Male,0,No,Yes,9.0,Yes,No,DSL,No,No,Yes,Yes,Yes,No,One year,No,Electronic check,60.47,452.77,Yes
Female,0,Yes,No,44.0,Yes,No,DSL,Yes,Yes,No,Yes,Yes,Yes,Month-to-month,No,Mailed check,88.05,3348.96,No
Female,1,No,No,53.0,Yes,Yes,DSL,Yes,Yes,Yes,No,Yes,No,One year,Yes,Bank transfer (automatic),77.57,3691.14,Yes
Male,1,No,No,22.0,Yes,Yes,DSL,No,No,No,Yes,No,Yes,Month-to-month,Yes,Credit card (automatic),65.13,1356.05,No
Male,0,No,No,31.0,Yes,No,DSL,No,Yes,No,Yes,No,Yes,One year,Yes,Credit card (automatic),71.99,2089.49,No
Female,1,Yes,No,47.0,Yes,No,DSL,Yes,Yes,No,No,No,No,Month-to-month,Yes,Bank transfer (automatic),54.88,2679.23,No
Male,0,Yes,No,20.0,Yes,Yes,DSL,Yes,Yes,No,Yes,No,No,Month-to-month,No,Credit card (automatic),70.53,1697.66,Yes
Female,0,No,Yes,26.0,Yes,Yes,DSL,Yes,No,No,Yes,Yes,Yes,Month-to-month,Yes,Mailed check,76.28,1882.23,No
Female,0,Yes,Yes,53.0,Yes,Yes,DSL,No,Yes,Yes,Yes,Yes,Yes,One year,No,Bank transfer (automatic),92.67,4304.99,Yes
Male,0,No,No,38.0,Yes,No,DSL,No,Yes,Yes,Yes,No,Yes,One year,No,Credit card (automatic),69.31,2919.37,Yes
Female,1,Yes,No,13.0,Yes,Yes,DSL,No,Yes,Yes,No,Yes,No,One year,Yes,Bank transfer (automatic),67.04,1048.87,Yes
Male,1,Yes,No,28.0,Yes,Yes,DSL,No,No,Yes,No,No,No,Month-to-month,Yes,Credit card (automatic),56.13,1891.37,No
Male,0,No,Yes,46.0,Yes,Yes,DSL,Yes,No,Yes,Yes,Yes,Yes,Month-to-month,Yes,Credit card (automatic),88.97,3653.18,No
Female,1,No,Yes,4.0,Yes,No,DSL,Yes,Yes,No,No,No,No,Month-to-month,No,Credit card (automatic),58.96,283.84,No
Male,0,Yes,No,29.0,Yes,No,DSL,No,No,No,Yes,No,No,Month-to-month,Yes,Bank transfer (automatic),46.91,1311.92,No
Female,0,No,Yes,30.0,Yes,Yes,DSL,No,Yes,Yes,No,Yes,Yes,Month-to-month,Yes,Credit card (automatic),72.1,2009.28,No
Male,0,Yes,Yes,52.0,Yes,Yes,DSL,Yes,No,No,Yes,No,No,Month-to-month,No,Electronic check,64.63,3329.06,No
Male,0,No,No,20.0,Yes,No,DSL,No,No,No,Yes,No,No,One year,No,Electronic check,58.46,1387.38,Yes
Female,0,No,No,17.0,Yes,No,DSL,Yes,No,No,No,Yes,No,Month-to-month,Yes,Bank transfer (automatic),57.3,1095.01,No
Female,0,No,No,0.0,Yes,No,DSL,No,No,No,No,No,No,Month-to-month,Yes,Bank transfer (automatic),45.31,0.0,No
Male,0,Yes,No,20.0,Yes,Yes,DSL,Yes,No,Yes,No,Yes,No,Month-to-month,Yes,Bank transfer (automatic),64.64,1555.95,No
Male,1,No,No,11.0,Yes,No,DSL,No,No,No,No,No,No,Month-to-month,Yes,Electronic check,44.88,594.1,No
Male,0,No,Yes,30.0,Yes,No,DSL,Yes,Yes,No,Yes,No,No,Month-to-month,No,Bank transfer (automatic),58.27,1905.34,Yes
Female,0,Yes,Yes,72.0,Yes,Yes,DSL,Yes,Yes,No,No,Yes,No,Month-to-month,No,Electronic check,70.06,4882.14,No
Male,0,No,No,22.0,Yes,Yes,DSL,No,No,No,No,Yes,Yes,Two year,No,Electronic check,72.56,1693.0,Yes
Male,0,No,No,0.0,Yes,No,DSL,No,No,Yes,Yes,No,Yes,Month-to-month,No,Bank transfer (automatic),58.36,0.0,No
Female,0,No,No,39.0,Yes,No,DSL,Yes,No,Yes,No,No,No,Month-to-month,Yes,Bank transfer (automatic),59.57,2684.41,No
Female,0,No,No,44.0,Yes,No,DSL,Yes,Yes,No,Yes,Yes,Yes,One year,Yes,Credit card (automatic),77.01,3481.37,Yes
Male,0,No,No,0.0,Yes,No,DSL,No,No,No,No,Yes,Yes,Month-to-month,Yes,Bank transfer (automatic),62.5,0.0,No
Male,0,No,No,16.0,Yes,No,DSL,No,No,No,Yes,No,No,One year,Yes,Credit card (automatic),44.5,583.75,Yes
Male,0,No,Yes,45.0,Yes,No,DSL,Yes,No,No,Yes,No,No,Month-to-month,Yes,Bank transfer (automatic),62.51,3205.65,No
Female,0,No,No,6.0,Yes,No,DSL,Yes,Yes,Yes,Yes,No,No,Month-to-month,No,Credit card (automatic),51.53,301.23,No
Male,1,Yes,No,13.0,Yes,Yes,DSL,No,Yes,No,No,No,No,One year,Yes,Credit card (automatic),41.09,437.97,Yes
Male,0,Yes,No,16.0,Yes,Yes,DSL,No,Yes,Yes,Yes,No,No,Month-to-month,Yes,Credit card (automatic),59.72,1149.99,No
Male,0,No,No,30.0,Yes,No,DSL,Yes,Yes,No,No,No,No,Month-to-month,No,Credit card (automatic),54.02,1638.17,No
Male,0,Yes,Yes,18.0,Yes,Yes,DSL,No,No,Yes,No,No,No,Month-to-month,No,Bank transfer (automatic),61.72,1337.12,No
Female,0,No,No,48.0,Yes,No,DSL,Yes,Yes,Yes,Yes,No,No,Month-to-month,No,Mailed check,61.55,2787.18,No
Male,0,No,No,3.0,Yes,Yes,DSL,No,Yes,No,No,No,Yes,Month-to-month,Yes,Credit card (automatic),63.09,227.79,No
Male,0,No,No,7.0,Yes,Yes,DSL,No,Yes,No,Yes,No,No,Month-to-month,No,Bank transfer (automatic),50.68,329.27,No
Male,0,Yes,No,13.0,Yes,Yes,DSL,No,No,No,Yes,Yes,Yes,One year,No,Bank transfer (automatic),76.57,1197.95,Yes
Female,0,No,No,22.0,Yes,Yes,DSL,No,No,No,Yes,No,No,Month-to-month,Yes,Electronic check,57.29,1164.97,No
Female,0,Yes,No,72.0,Yes,No,DSL,No,Yes,Yes,Yes,Yes,Yes,Month-to-month,No,Mailed check,74.91,6490.99,No
Male,0,Yes,No,19.0,Yes,No,DSL,Yes,No,No,No,No,No,One year,Yes,Credit card (automatic),58.91,1347.19,Yes
Male,0,Yes,Yes,39.0,Yes,No,DSL,Yes,Yes,No,No,No,Yes,Month-to-month,No,Bank transfer (automatic),74.85,2524.09,No
Female,0,No,No,14.0,Yes,No,DSL,Yes,No,No,No,No,Yes,One year,Yes,Bank transfer (automatic),59.38,1000.5,Yes
Female,0,No,Yes,24.0,Yes,No,DSL,Yes,No,Yes,No,No,Yes,Month-to-month,Yes,Bank transfer (automatic),63.44,1667.73,No
Male,0,No,No,31.0,Yes,No,DSL,No,No,Yes,Yes,Yes,Yes,One year,Yes,Credit card (automatic),68.45,2553.83,Yes
Male,0,No,No,30.0,Yes,Yes,DSL,Yes,Yes,Yes,Yes,No,Yes,One year,No,Bank transfer (automatic),83.63,2255.3,Yes
Male,0,No,No,18.0,Yes,No,DSL,Yes,No,Yes,Yes,No,Yes,Month-to-month,Yes,Credit card (automatic),63.47,1121.59,No
Female,1,No,No,9.0,Yes,Yes,DSL,No,Yes,No,No,No,No,Month-to-month,No,Electronic check,48.89,360.74,No
Male,0,Yes,No,34.0,Yes,Yes,DSL,No,Yes,No,Yes,No,Yes,Month-to-month,Yes,Bank transfer (automatic),72.61,2363.67,No
Male,0,No,No,12.0,Yes,No,DSL,No,No,Yes,No,Yes,No,One year,Yes,Credit card (automatic),63.32,914.42,Yes
Male,0,Yes,Yes,26.0,Yes,Yes,DSL,Yes,Yes,No,No,No,No,Month-to-month,Yes,Bank transfer (automatic),67.05,1737.91,No
Male,0,No,No,6.0,Yes,Yes,DSL,No,Yes,Yes,No,No,No,One year,Yes,Bank transfer (automatic),58.28,420.81,Yes
Male,0,No,No,24.0,Yes,Yes,DSL,Yes,No,Yes,No,No,No,Month-to-month,No,Electronic check,62.99,1379.36,No
Male,0,No,No,38.0,Yes,No,DSL,Yes,No,No,No,Yes,No,Month-to-month,Yes,Electronic check,60.37,2506.36,No
Male,0,No,No,41.0,Yes,Yes,DSL,No,Yes,No,Yes,No,Yes,Month-to-month,Yes,Credit card (automatic),72.95,2610.79,No
Female,1,No,No,17.0,Yes,No,DSL,Yes,Yes,No,No,Yes,Yes,Month-to-month,Yes,Credit card (automatic),72.89,1491.33,No
Male,0,Yes,Yes,36.0,Yes,Yes,DSL,No,Yes,Yes,No,Yes,Yes,Month-to-month,No,Mailed check,72.92,2507.23,No
Female,0,No,No,26.0,Yes,No,DSL,No,Yes,No,Yes,No,No,Month-to-month,Yes,Bank transfer (automatic),49.79,1105.18,No
Male,0,No,No,43.0,Yes,Yes,DSL,No,No,No,No,No,Yes,Month-to-month,Yes,Electronic check,57.47,2572.3,No
Female,0,Yes,Yes,70.0,Yes,Yes,DSL,Yes,No,Yes,No,Yes,No,Month-to-month,Yes,Electronic check,66.73,4255.77,No
Male,0,Yes,Yes,0.0,Yes,No,DSL,Yes,Yes,No,No,No,Yes,Month-to-month,No,Credit card (automatic),51.27,0.0,No
Male,0,Yes,No,50.0,Yes,No,DSL,Yes,No,Yes,No,No,No,Month-to-month,Yes,Bank transfer (automatic),67.06,3291.94,No
Female,1,No,No,24.0,Yes,Yes,DSL,Yes,Yes,No,No,Yes,No,Month-to-month,No,Credit card (automatic),64.01,1474.69,No
Male,0,No,No,60.0,Yes,Yes,DSL,Yes,No,Yes,Yes,Yes,Yes,Month-to-month,No,Credit card (automatic),75.63,4575.12,No
Female,0,Yes,No,9.0,Yes,No,DSL,No,No,No,No,Yes,No,Month-to-month,Yes,Bank transfer (automatic),51.12,484.93,No
Male,0,No,No,21.0,Yes,Yes,DSL,Yes,No,No,No,No,No,Month-to-month,Yes,Credit card (automatic),57.88,1418.1,No
Female,1,No,No,43.0,Yes,No,DSL,Yes,Yes,No,No,Yes,No,One year,No,Bank transfer (automatic),66.77,2898.51,Yes
Male,0,No,No,11.0,Yes,No,DSL,No,Yes,No,No,No,No,Month-to-month,Yes,Bank transfer (automatic),50.92,459.29,No
Male,0,Yes,Yes,0.0,Yes,No,DSL,No,Yes,No,Yes,Yes,Yes,Month-to-month,No,Bank transfer (automatic),71.43,0.0,No
Female,0,Yes,Yes,28.0,Yes,No,DSL,No,Yes,Yes,No,No,Yes,Month-to-month,Yes,Credit card (automatic),81.6,2030.74,No
Female,0,Yes,Yes,28.0,Yes,Yes,DSL,Yes,Yes,No,No,Yes,Yes,Month-to-month,Yes,Bank transfer (automatic),74.07,2039.72,No
Male,1,No,No,35.0,Yes,No,DSL,Yes,No,No,No,No,Yes,One year,No,Credit card (automatic),64.19,2474.5,Yes
Female,0,No,No,38.0,Yes,Yes,DSL,Yes,Yes,No,No,Yes,Yes,Month-to-month,Yes,Bank transfer (automatic),69.1,2412.52,No
Male,1,Yes,No,36.0,Yes,Yes,DSL,Yes,Yes,No,No,Yes,No,Month-to-month,Yes,Bank transfer (automatic),65.67,2498.59,No
Female,0,No,No,21.0,Yes,No,DSL,No,No,Yes,Yes,No,No,Month-to-month,No,Credit card (automatic),44.5,766.13,No
Female,0,No,No,39.0,Yes,Yes,DSL,No,No,No,Yes,No,No,Month-to-month,Yes,Bank transfer (automatic),57.69,2170.74,No
Male,0,Yes,Yes,38.0,Yes,No,DSL,Yes,No,Yes,Yes,No,Yes,Month-to-month,No,Bank transfer (automatic),65.04,2779.37,No
Male,1,No,No,60.0,Yes,Yes,DSL,Yes,No,Yes,Yes,No,No,Month-to-month,No,Bank transfer (automatic),64.04,3674.11,No
Male,0,No,No,38.0,Yes,Yes,DSL,Yes,Yes,No,Yes,No,Yes,One year,Yes,Bank transfer (automatic),66.24,2524.17,Yes
Male,0,Yes,Yes,17.0,Yes,Yes,DSL,No,Yes,No,No,No,No,One year,No,Credit card (automatic),39.95,765.41,Yes
Female,1,No,No,30.0,Yes,No,DSL,Yes,No,No,No,Yes,No,Month-to-month,Yes,Bank transfer (automatic),58.43,1942.57,No
Male,0,No,No,1.0,Yes,Yes,DSL,Yes,Yes,No,No,Yes,Yes,Month-to-month,Yes,Bank transfer (automatic),67.37,81.08,No
Female,0,No,No,1.0,Yes,No,DSL,No,Yes,No,No,No,No,Month-to-month,Yes,Electronic check,54.96,66.14,No
Male,0,No,Yes,32.0,Yes,No,DSL,No,Yes,Yes,No,Yes,Yes,Month-to-month,No,Bank transfer (automatic),70.8,1894.38,No
Female,0,No,No,20.0,Yes,No,DSL,No,No,No,No,No,No,Month-to-month,Yes,Bank transfer (automatic),46.07,834.97,No
Male,1,Yes,No,25.0,Yes,No,DSL,Yes,No,No,No,Yes,No,Month-to-month,Yes,Bank transfer (automatic),54.21,1310.52,No
Male,0,Yes,No,0.0,Yes,No,DSL,Yes,No,No,No,No,Yes,Month-to-month,Yes,Bank transfer (automatic),54.12,0.0,Yes
Male,1,No,No,8.0,Yes,No,DSL,No,No,No,No,No,Yes,Month-to-month,No,Credit card (automatic),54.1,354.89,No
Female,0,Yes,No,30.0,Yes,No,DSL,Yes,Yes,No,No,No,No,One year,No,Bank transfer (automatic),45.06,1364.49,Yes
Female,1,Yes,No,41.0,Yes,No,DSL,Yes,No,Yes,No,No,No,Month-to-month,Yes,Bank transfer (automatic),64.86,2794.19,No
Female,1,No,No,60.0,Yes,Yes,DSL,Yes,No,Yes,No,No,Yes,One year,Yes,Credit card (automatic),74.81,4239.33,Yes
Female,0,Yes,No,25.0,Yes,No,DSL,No,No,No,No,Yes,No,One year,Yes,Bank transfer (automatic),49.53,1475.24,Yes
Female,0,Yes,Yes,32.0,Yes,No,DSL,Yes,No,No,Yes,Yes,Yes,Month-to-month,Yes,Electronic check,76.16,2689.99,No
Male,0,Yes,No,16.0,Yes,Yes,DSL,No,No,Yes,No,No,Yes,Month-to-month,Yes,Electronic check,66.24,893.4,No
Female,0,Yes,No,53.0,Yes,No,DSL,Yes,No,Yes,Yes,Yes,Yes,Month-to-month,No,Bank transfer (automatic),78.79,3655.27,No
Female,0,No,No,13.0,Yes,No,DSL,No,Yes,No,No,No,Yes,Month-to-month,Yes,Bank transfer (automatic),53.87,842.77,No
Female,0,No,No,33.0,Yes,No,DSL,No,No,Yes,Yes,No,Yes,One year,Yes,Bank transfer (automatic),63.13,2097.77,Yes
Female,0,No,No,26.0,Yes,No,DSL,Yes,No,Yes,Yes,Yes,No,Month-to-month,No,Bank transfer (automatic),66.35,1414.47,No
Male,0,Yes,Yes,45.0,Yes,No,DSL,Yes,Yes,Yes,Yes,Yes,Yes,Month-to-month,No,Credit card (automatic),86.46,3673.28,No
Male,0,No,No,3.0,Yes,No,DSL,No,No,Yes,No,No,Yes,Month-to-month,Yes,Bank transfer (automatic),54.38,133.76,No
Male,0,Yes,Yes,27.0,Yes,Yes,DSL,No,Yes,No,No,No,No,Month-to-month,Yes,Credit card (automatic),59.28,1689.91,No
Male,1,Yes,No,40.0,Yes,Yes,DSL,Yes,Yes,Yes,No,Yes,No,Month-to-month,Yes,Mailed check,61.64,2682.4,No
Male,0,Yes,No,40.0,Yes,No,DSL,No,Yes,No,No,No,No,Month-to-month,Yes,Bank transfer (automatic),47.07,1938.01,No
Male,0,No,No,7.0,Yes,Yes,DSL,No,No,No,Yes,Yes,Yes,Month-to-month,Yes,Bank transfer (automatic),69.0,581.31,No
Male,0,Yes,Yes,18.0,Yes,No,DSL,Yes,Yes,Yes,Yes,Yes,Yes,One year,Yes,Credit card (automatic),81.39,1763.28,Yes
Male,0,Yes,Yes,27.0,Yes,No,DSL,No,No,Yes,Yes,Yes,Yes,Month-to-month,Yes,Credit card (automatic),71.94,2014.84,No
Male,1,Yes,Yes,25.0,Yes,No,DSL,Yes,No,No,Yes,No,No,Month-to-month,No,Electronic check,63.06,1362.4,No
Male,0,No,No,19.0,Yes,No,DSL,No,No,Yes,No,No,Yes,Month-to-month,No,Credit card (automatic),64.74,1480.32,No
Female,0,Yes,No,68.0,Yes,No,DSL,Yes,Yes,No,No,No,No,Month-to-month,Yes,Credit card (automatic),58.67,4211.67,No
Male,0,Yes,Yes,35.0,Yes,No,DSL,Yes,No,No,Yes,No,No,Month-to-month,No,Credit card (automatic),63.29,2152.45,No
Female,0,No,Yes,54.0,Yes,Yes,DSL,No,Yes,Yes,No,No,No,Month-to-month,No,Credit card (automatic),58.96,2976.85,No
Male,0,No,No,11.0,Yes,No,DSL,No,No,No,No,Yes,Yes,One year,Yes,Credit card (automatic),69.64,918.15,Yes
Male,0,Yes,No,33.0,Yes,No,DSL,No,No,Yes,No,No,No,One year,Yes,Credit card (automatic),48.4,1922.3,Yes
Female,1,Yes,Yes,6.0,Yes,No,DSL,No,Yes,Yes,No,Yes,No,Month-to-month,No,Bank transfer (automatic),73.92,533.79,No
Female,0,No,No,25.0,Yes,No,DSL,Yes,Yes,No,No,Yes,No,Month-to-month,No,Electronic check,49.55,1096.48,No
Female,0,Yes,Yes,24.0,Yes,No,DSL,Yes,No,No,Yes,No,No,Month-to-month,No,Credit card (automatic),55.6,1126.92,No
Male,0,Yes,No,43.0,Yes,Yes,DSL,No,Yes,Yes,Yes,Yes,Yes,Month-to-month,Yes,Electronic check,80.49,3359.19,No
Male,0,No,No,7.0,Yes,No,DSL,Yes,No,No,No,No,No,Month-to-month,No,Bank transfer (automatic),41.47,238.02,No
Female,0,No,No,0.0,Yes,No,DSL,Yes,No,No,Yes,Yes,No,Month-to-month,No,Credit card (automatic),64.27,0.0,No
Male,0,Yes,No,25.0,Yes,Yes,DSL,Yes,No,No,No,No,No,Month-to-month,Yes,Electronic check,58.1,1356.0,No
Male,0,No,No,32.0,Yes,No,DSL,Yes,No,No,Yes,Yes,Yes,Month-to-month,No,Electronic check,74.79,2401.84,No
Male,1,Yes,No,47.0,Yes,No,DSL,No,No,No,No,Yes,No,Month-to-month,Yes,Credit card (automatic),55.63,2805.7,No
Female,0,Yes,Yes,59.0,Yes,No,DSL,Yes,No,Yes,No,No,No,Month-to-month,No,Electronic check,56.86,3313.15,No
Female,0,Yes,No,22.0,Yes,Yes,DSL,No,No,No,No,No,Yes,One year,Yes,Credit card (automatic),61.07,1617.05,Yes
Male,0,Yes,No,37.0,Yes,Yes,DSL,Yes,Yes,Yes,Yes,No,Yes,Month-to-month,Yes,Mailed check,75.76,2570.02,No
Female,0,No,No,7.0,Yes,No,DSL,No,Yes,No,No,No,No,Month-to-month,Yes,Credit card (automatic),46.78,394.12,No
Female,0,No,No,49.0,Yes,Yes,DSL,No,Yes,No,No,Yes,Yes,One year,Yes,Credit card (automatic),64.14,3101.76,Yes
Male,0,No,No,26.0,Yes,Yes,DSL,No,No,Yes,No,No,Yes,Month-to-month,Yes,Bank transfer (automatic),59.67,1738.67,No
Male,0,Yes,No,16.0,Yes,Yes,DSL,Yes,No,No,No,No,No,Month-to-month,Yes,Credit card (automatic),64.58,1243.56,No
Male,0,No,Yes,25.0,Yes,Yes,DSL,No,No,No,No,No,Yes,Month-to-month,No,Credit card (automatic),58.64,1575.07,No
Female,0,No,No,54.0,Yes,Yes,DSL,Yes,No,Yes,Yes,No,No,Month-to-month,No,Bank transfer (automatic),73.46,3624.33,No
Male,0,No,Yes,35.0,Yes,No,DSL,No,Yes,No,Yes,No,No,Month-to-month,Yes,Electronic check,51.57,1701.74,Yes
Male,0,No,No,36.0,Yes,No,DSL,Yes,No,Yes,No,No,Yes,Month-to-month,No,Electronic check,70.69,2542.09,No
Female,0,Yes,Yes,37.0,Yes,No,DSL,Yes,Yes,No,Yes,No,Yes,Month-to-month,Yes,Bank transfer (automatic),68.44,2717.66,No
Female,0,No,No,8.0,Yes,Yes,DSL,No,Yes,No,Yes,Yes,No,Month-to-month,Yes,Credit card (automatic),70.83,681.98,No
Male,0,No,No,42.0,Yes,Yes,DSL,Yes,No,No,No,No,No,Month-to-month,Yes,Credit card (automatic),61.91,2507.67,No
Female,0,No,No,0.0,Yes,No,DSL,Yes,No,No,No,No,No,Month-to-month,Yes,Bank transfer (automatic),48.22,0.0,No
Male,0,No,No,18.0,Yes,No,DSL,No,No,No,No,No,No,Month-to-month,Yes,Bank transfer (automatic),46.88,1015.59,Yes
Male,0,No,Yes,16.0,Yes,No,DSL,Yes,No,No,No,No,No,Month-to-month,No,Bank transfer (automatic),55.4,726.81,No
Male,0,Yes,No,31.0,Yes,Yes,DSL,No,No,No,No,No,No,Month-to-month,No,Credit card (automatic),48.24,1631.42,No
Female,0,Yes,No,27.0,Yes,No,DSL,Yes,Yes,No,No,No,No,Month-to-month,Yes,Credit card (automatic),52.64,1581.95,No
Female,0,Yes,No,38.0,Yes,Yes,DSL,No,Yes,No,No,No,No,Month-to-month,No,Bank transfer (automatic),57.96,2288.33,No
Male,0,No,Yes,25.0,Yes,No,DSL,Yes,No,Yes,Yes,No,No,One year,Yes,Bank transfer (automatic),62.02,1602.56,Yes
Female,0,No,No,54.0,Yes,No,DSL,No,No,No,Yes,No,No,Month-to-month,Yes,Bank transfer (automatic),53.79,2999.62,No
Male,0,Yes,No,32.0,Yes,No,DSL,Yes,Yes,No,No,No,No,Month-to-month,Yes,Credit card (automatic),49.86,1638.08,No
Male,0,No,Yes,12.0,Yes,No,DSL,No,Yes,No,No,No,Yes,Month-to-month,Yes,Bank transfer (automatic),60.21,869.54,No
Female,0,No,No,39.0,Yes,No,DSL,Yes,No,Yes,Yes,No,No,One year,Yes,Bank transfer (automatic),56.43,2546.22,Yes
Female,0,No,No,0.0,Yes,Yes,DSL,No,No,No,No,Yes,No,Month-to-month,Yes,Electronic check,49.67,0.0,No
Female,0,Yes,Yes,57.0,Yes,Yes,DSL,Yes,No,No,Yes,No,No,Month-to-month,Yes,Electronic check,68.04,3426.9,No
Female,0,Yes,Yes,46.0,Yes,No,DSL,Yes,No,No,No,No,Yes,Month-to-month,No,Bank transfer (automatic),58.46,2791.7,No
Male,0,No,No,10.0,Yes,Yes,DSL,Yes,No,No,No,No,No,One year,Yes,Credit card (automatic),49.52,519.39,Yes
Female,0,Yes,Yes,16.0,Yes,No,DSL,Yes,Yes,No,Yes,Yes,No,Month-to-month,Yes,Credit card (automatic),68.8,1324.77,No
Male,0,No,Yes,39.0,Yes,No,DSL,Yes,No,Yes,Yes,No,No,Month-to-month,Yes,Electronic check,64.88,2922.27,No
Male,0,Yes,Yes,34.0,Yes,No,DSL,Yes,No,No,No,No,No,Month-to-month,Yes,Credit card (automatic),44.21,1470.36,No
Male,0,Yes,No,43.0,Yes,No,DSL,Yes,No,No,No,Yes,No,Month-to-month,No,Electronic check,68.74,2877.17,No
Male,0,Yes,No,19.0,Yes,No,DSL,No,Yes,Yes,No,Yes,No,Month-to-month,No,Bank transfer (automatic),62.99,1359.89,No
Male,1,Yes,No,27.0,Yes,Yes,DSL,Yes,No,No,No,No,No,Month-to-month,No,Electronic check,54.04,1208.15,No
Male,0,Yes,Yes,14.0,Yes,Yes,DSL,Yes,No,No,No,Yes,Yes,Month-to-month,No,Electronic check,66.63,1098.11,No
Male,0,No,No,0.0,Yes,No,DSL,No,No,No,No,Yes,No,Month-to-month,Yes,Bank transfer (automatic),46.52,0.0,No
Male,0,No,No,12.0,Yes,Yes,DSL,No,No,Yes,No,No,No,Month-to-month,No,Bank transfer (automatic),60.77,597.94,No
Male,0,Yes,No,24.0,Yes,No,DSL,No,No,No,Yes,No,No,Month-to-month,Yes,Electronic check,41.83,1204.92,No
Male,0,No,Yes,11.0,Yes,No,DSL,Yes,No,No,Yes,No,No,Month-to-month,No,Credit card (automatic),59.28,534.68,No
Female,0,No,No,45.0,Yes,Yes,DSL,Yes,Yes,Yes,No,No,No,One year,No,Credit card (automatic),64.43,2755.36,Yes
Female,0,No,No,33.0,Yes,Yes,DSL,Yes,No,No,Yes,No,No,Month-to-month,No,Bank transfer (automatic),51.55,1749.98,Yes
Male,0,Yes,Yes,15.0,Yes,Yes,DSL,No,No,Yes,No,No,No,Month-to-month,Yes,Credit card (automatic),55.98,1010.53,No
Female,1,No,No,41.0,Yes,No,DSL,No,Yes,No,Yes,Yes,Yes,Month-to-month,Yes,Credit card (automatic),71.27,3140.14,No
Female,0,Yes,No,23.0,Yes,No,DSL,No,Yes,No,No,No,Yes,Month-to-month,Yes,Credit card (automatic),52.51,1150.45,No
Female,0,No,No,54.0,Yes,Yes,DSL,Yes,Yes,No,No,No,No,Month-to-month,Yes,Bank transfer (automatic),48.37,2834.22,No
Male,0,No,No,29.0,Yes,No,DSL,No,Yes,Yes,No,Yes,No,Two year,Yes,Credit card (automatic),66.06,2223.03,Yes
Female,0,No,Yes,24.0,Yes,Yes,DSL,No,No,No,No,No,No,Month-to-month,No,Credit card (automatic),54.89,1210.93,No
Male,0,Yes,No,34.0,Yes,No,DSL,Yes,No,Yes,Yes,Yes,Yes,Month-to-month,Yes,Bank transfer (automatic),82.56,2895.4,No
Female,1,Yes,Yes,16.0,Yes,No,DSL,No,No,No,No,No,Yes,One year,Yes,Credit card (automatic),56.8,837.66,Yes
Female,0,No,No,0.0,Yes,No,DSL,No,Yes,No,Yes,No,Yes,Month-to-month,No,Bank transfer (automatic),65.46,0.0,No
Male,1,No,No,24.0,Yes,No,DSL,No,No,Yes,No,No,Yes,Month-to-month,No,Credit card (automatic),65.18,1700.01,No
Male,1,Yes,No,38.0,Yes,No,DSL,Yes,Yes,Yes,Yes,Yes,No,Month-to-month,No,Bank transfer (automatic),67.71,2612.02,No
Female,0,No,Yes,41.0,Yes,No,DSL,Yes,No,No,No,No,No,Month-to-month,Yes,Bank transfer (automatic),45.86,1996.04,No
Female,0,Yes,Yes,62.0,Yes,No,DSL,No,No,No,No,Yes,No,One year,No,Credit card (automatic),56.56,3799.31,Yes
Female,0,Yes,No,27.0,Yes,No,DSL,No,No,Yes,No,Yes,No,One year,Yes,Mailed check,65.08,1440.73,Yes
Male,0,No,Yes,42.0,Yes,Yes,DSL,No,No,No,Yes,No,Yes,Month-to-month,Yes,Electronic check,65.75,2455.37,No
Female,0,No,No,10.0,Yes,No,DSL,No,Yes,No,No,No,Yes,Month-to-month,Yes,Credit card (automatic),60.21,493.72,No
Female,0,Yes,No,62.0,Yes,Yes,DSL,No,Yes,No,No,Yes,Yes,Month-to-month,No,Electronic check,78.51,3990.94,No
Female,0,Yes,Yes,27.0,Yes,No,DSL,No,No,No,Yes,Yes,Yes,Month-to-month,No,Bank transfer (automatic),71.38,1820.87,No
Male,0,No,No,26.0,Yes,No,DSL,Yes,Yes,Yes,Yes,No,Yes,One year,Yes,Credit card (automatic),74.31,2190.41,Yes
Male,1,Yes,No,50.0,Yes,Yes,DSL,Yes,Yes,Yes,No,No,No,Month-to-month,No,Credit card (automatic),66.68,3204.54,No
Male,0,No,Yes,43.0,Yes,Yes,DSL,No,Yes,No,Yes,No,No,Month-to-month,Yes,Electronic check,57.93,2789.99,No
Female,0,Yes,No,55.0,Yes,Yes,DSL,No,Yes,No,No,No,No,Month-to-month,No,Credit card (automatic),64.06,3700.29,No
Female,0,Yes,Yes,43.0,Yes,No,DSL,No,No,Yes,No,Yes,No,Month-to-month,No,Electronic check,61.47,2746.71,No
Female,1,No,No,29.0,Yes,Yes,DSL,No,Yes,Yes,Yes,No,Yes,Month-to-month,No,Credit card (automatic),63.53,1741.98,No
Male,0,No,Yes,17.0,Yes,Yes,DSL,No,Yes,No,Yes,No,No,Month-to-month,No,Bank transfer (automatic),61.2,1079.78,No
Male,0,Yes,No,22.0,Yes,No,DSL,No,Yes,No,Yes,No,No,One year,No,Credit card (automatic),59.44,1266.81,Yes
Male,0,No,Yes,8.0,Yes,No,DSL,No,No,No,Yes,Yes,Yes,Month-to-month,Yes,Credit card (automatic),64.22,592.25,No
Female,0,No,No,35.0,Yes,No,DSL,No,No,No,Yes,No,No,Month-to-month,No,Bank transfer (automatic),42.43,1787.22,No
Female,0,No,Yes,42.0,Yes,No,DSL,Yes,No,No,Yes,Yes,No,One year,Yes,Credit card (automatic),67.76,2903.83,Yes
Male,0,Yes,No,22.0,Yes,No,DSL,No,Yes,No,No,No,No,Month-to-month,No,Credit card (automatic),46.91,846.26,No
Female,0,No,No,13.0,Yes,No,DSL,No,No,Yes,No,Yes,No,Month-to-month,No,Bank transfer (automatic),64.53,1005.0,No
Male,0,Yes,Yes,38.0,Yes,Yes,DSL,No,No,No,No,Yes,Yes,One year,Yes,Electronic check,76.29,2744.17,Yes
Male,0,Yes,No,21.0,Yes,No,DSL,No,No,Yes,Yes,No,No,Month-to-month,Yes,Bank transfer (automatic),58.82,1076.09,No
Male,0,No,No,41.0,Yes,Yes,DSL,Yes,Yes,Yes,Yes,No,No,Month-to-month,No,Electronic check,72.83,2651.08,No
Female,0,Yes,Yes,29.0,Yes,No,DSL,Yes,Yes,Yes,Yes,No,No,Month-to-month,Yes,Bank transfer (automatic),55.37,1771.9,No
Female,0,Yes,No,25.0,Yes,No,DSL,Yes,Yes,Yes,Yes,Yes,No,Month-to-month,Yes,Credit card (automatic),73.1,1846.89,No
Male,0,Yes,Yes,18.0,Yes,Yes,DSL,No,No,Yes,No,Yes,No,One year,No,Credit card (automatic),69.84,1260.76,Yes
Male,0,Yes,Yes,43.0,Yes,No,DSL,No,No,No,Yes,No,No,Month-to-month,Yes,Electronic check,60.61,2806.7,Yes
Female,1,Yes,No,45.0,Yes,No,DSL,No,Yes,Yes,No,Yes,Yes,Month-to-month,Yes,Credit card (automatic),77.05,3667.43,No
Female,0,No,No,27.0,Yes,Yes,DSL,No,Yes,No,No,No,No,Month-to-month,No,Bank transfer (automatic),49.43,1283.56,No
Male,0,No,No,41.0,Yes,No,DSL,Yes,No,Yes,Yes,Yes,No,Month-to-month,Yes,Credit card (automatic),77.09,2702.04,No
Male,0,No,Yes,40.0,Yes,No,DSL,No,No,No,Yes,No,No,Month-to-month,Yes,Credit card (automatic),53.71,2353.43,No
Female,0,Yes,Yes,42.0,Yes,No,DSL,No,No,No,No,Yes,Yes,Month-to-month,Yes,Credit card (automatic),71.92,3119.26,No
Female,0,Yes,Yes,32.0,Yes,Yes,DSL,No,Yes,No,Yes,No,Yes,Month-to-month,Yes,Electronic check,62.21,1918.89,No
Male,0,No,Yes,36.0,Yes,No,DSL,Yes,Yes,No,No,No,Yes,Month-to-month,Yes,Credit card (automatic),64.64,2049.92,No
Male,1,Yes,No,13.0,Yes,No,DSL,Yes,Yes,No,No,No,No,Month-to-month,No,Bank transfer (automatic),61.38,835.91,No
Female,0,Yes,Yes,33.0,Yes,Yes,DSL,Yes,Yes,Yes,Yes,Yes,Yes,Month-to-month,No,Bank transfer (automatic),91.6,3134.41,No
Female,0,Yes,Yes,49.0,Yes,No,DSL,No,No,Yes,Yes,No,Yes,Month-to-month,No,Electronic check,65.05,3350.84,No
Female,0,No,No,12.0,Yes,No,DSL,No,Yes,No,No,No,Yes,Month-to-month,No,Bank transfer (automatic),59.15,854.28,No
Female,0,Yes,Yes,50.0,Yes,No,DSL,Yes,No,No,Yes,Yes,No,Month-to-month,No,Credit card (automatic),62.65,3194.44,No
Female,0,Yes,No,13.0,Yes,No,DSL,Yes,No,Yes,Yes,Yes,Yes,Month-to-month,No,Bank transfer (automatic),68.09,1065.28,No
Female,0,No,Yes,38.0,Yes,Yes,DSL,Yes,No,No,Yes,No,No,One year,No,Bank transfer (automatic),66.14,2852.89,Yes
Female,0,Yes,Yes,43.0,Yes,No,DSL,No,Yes,No,No,No,No,Month-to-month,No,Bank transfer (automatic),56.59,2647.96,No
Female,0,No,No,23.0,Yes,Yes,DSL,No,No,No,No,Yes,No,Month-to-month,Yes,Bank transfer (automatic),61.06,1412.11,No
Male,0,No,Yes,13.0,Yes,No,DSL,Yes,Yes,Yes,Yes,No,Yes,Month-to-month,No,Bank transfer (automatic),78.12,1222.24,No
Female,0,Yes,Yes,20.0,Yes,No,DSL,Yes,Yes,Yes,Yes,Yes,Yes,Month-to-month,No,Bank transfer (automatic),82.43,1788.6,No
Female,0,Yes,Yes,43.0,Yes,No,DSL,Yes,Yes,No,Yes,No,No,Month-to-month,No,Bank transfer (automatic),47.32,2241.87,No
Female,0,Yes,No,32.0,Yes,No,DSL,Yes,No,No,No,Yes,Yes,Month-to-month,Yes,Bank transfer (automatic),67.3,2319.88,No
Male,1,No,No,34.0,Yes,No,DSL,No,Yes,Yes,No,No,No,Month-to-month,No,Bank transfer (automatic),66.27,2100.08,No
Female,0,No,No,9.0,Yes,No,DSL,Yes,No,No,No,No,No,Month-to-month,Yes,Bank transfer (automatic),53.76,396.7,No
Female,0,Yes,Yes,12.0,Yes,No,DSL,No,No,Yes,Yes,Yes,No,Month-to-month,Yes,Credit card (automatic),61.12,872.75,No
Male,0,No,Yes,47.0,Yes,Yes,DSL,Yes,Yes,No,No,No,No,One year,Yes,Electronic check,65.07,3148.17,Yes
Male,0,No,No,11.0,Yes,No,DSL,Yes,No,No,Yes,No,Yes,Month-to-month,No,Bank transfer (automatic),59.17,783.32,No
Male,0,No,Yes,47.0,Yes,Yes,DSL,Yes,Yes,No,No,No,No,Month-to-month,No,Electronic check,68.8,3140.77,Yes
Male,0,Yes,Yes,58.0,Yes,No,DSL,Yes,Yes,No,Yes,No,No,Month-to-month,No,Credit card (automatic),64.01,3972.83,No
Male,0,Yes,Yes,50.0,Yes,No,No,No,No,No,No,No,No,Two year,No,Bank transfer (automatic),20.39,835.75,No
Male,0,Yes,Yes,59.0,Yes,No,No,No,No,No,No,No,No,Two year,No,Mailed check,22.78,1246.6,No
Male,0,Yes,Yes,50.0,Yes,No,No,No,No,No,No,No,No,Two year,No,Mailed check,20.34,1011.83,No
Male,0,Yes,Yes,42.0,Yes,No,No,No,No,No,No,No,No,Two year,No,Mailed check,22.33,878.2,No
Female,0,Yes,Yes,0.0,Yes,No,No,No,No,No,No,No,No,One year,Yes,Mailed check,19.73,0.0,No
Female,0,Yes,Yes,4.0,Yes,No,No,No,No,No,No,No,No,One year,No,Mailed check,21.45,103.26,No
Male,0,Yes,Yes,17.0,Yes,No,No,No,No,No,No,No,No,Month-to-month,No,Bank transfer (automatic),20.75,329.08,No
Male,0,Yes,Yes,44.0,Yes,Yes,No,No,No,No,No,No,No,Two year,No,Mailed check,21.96,1027.09,No
Female,0,Yes,Yes,58.0,Yes,Yes,No,No,No,No,No,No,No,Two year,No,Mailed check,25.54,1389.88,No
Female,0,Yes,Yes,32.0,Yes,Yes,No,No,No,No,No,No,No,Two year,No,Mailed check,24.51,695.76,No
Male,0,Yes,Yes,47.0,Yes,No,No,No,No,No,No,No,No,Month-to-month,No,Bank transfer (automatic),19.29,945.67,No
Female,0,Yes,Yes,23.0,Yes,Yes,No,No,No,No,No,No,No,Month-to-month,Yes,Mailed check,21.66,599.68,No
Male,0,Yes,Yes,43.0,Yes,No,No,No,No,No,No,No,No,Two year,Yes,Mailed check,21.28,893.45,No
Male,0,Yes,Yes,46.0,Yes,No,No,No,No,No,No,No,No,Two year,No,Mailed check,21.24,949.88,No
Male,0,Yes,Yes,70.0,Yes,Yes,No,No,No,No,No,No,No,One year,No,Mailed check,24.96,1654.07,No
Male,0,Yes,Yes,72.0,Yes,Yes,No,No,No,No,No,No,No,One year,No,Bank transfer (automatic),25.87,1816.18,No
Male,0,Yes,Yes,25.0,Yes,No,No,No,No,No,No,No,No,Two year,No,Mailed check,20.59,525.58,No
Female,0,Yes,Yes,53.0,Yes,No,No,No,No,No,No,No,No,Month-to-month,No,Bank transfer (automatic),20.06,1131.28,No
Male,0,Yes,Yes,55.0,Yes,No,No,No,No,No,No,No,No,Two year,Yes,Mailed check,22.83,1080.82,No
Male,0,Yes,Yes,50.0,Yes,No,No,No,No,No,No,No,No,Two year,Yes,Bank transfer (automatic),23.74,1056.51,No
Female,0,Yes,Yes,52.0,Yes,Yes,No,No,No,No,No,No,No,Two year,No,Bank transfer (automatic),23.91,1265.95,No
Female,0,Yes,Yes,16.0,Yes,No,No,No,No,No,No,No,No,Month-to-month,Yes,Mailed check,19.61,257.25,No
Female,0,Yes,Yes,1.0,Yes,No,No,No,No,No,No,No,No,One year,No,Mailed check,18.8,22.63,No
Female,0,Yes,Yes,31.0,Yes,No,No,No,No,No,No,No,No,Two year,No,Mailed check,23.38,594.27,No
Male,0,Yes,Yes,64.0,Yes,No,No,No,No,No,No,No,No,One year,Yes,Bank transfer (automatic),20.61,1229.48,No
Female,0,Yes,Yes,9.0,Yes,No,No,No,No,No,No,No,No,One year,Yes,Mailed check,20.92,154.39,No
Female,0,Yes,Yes,-0.0,Yes,No,No,No,No,No,No,No,No,Month-to-month,No,Electronic check,20.7,0.0,No
Female,0,Yes,Yes,0.0,Yes,No,No,No,No,No,No,No,No,Month-to-month,No,Mailed check,21.19,0.0,No
Female,0,Yes,Yes,2.0,Yes,No,No,No,No,No,No,No,No,Two year,No,Mailed check,18.25,29.93,No
Male,0,Yes,Yes,18.0,Yes,No,No,No,No,No,No,No,No,Two year,Yes,Mailed check,20.63,446.82,Yes
Female,0,Yes,Yes,72.0,Yes,No,No,No,No,No,No,No,No,Two year,No,Bank transfer (automatic),19.43,1624.66,No
Female,0,Yes,Yes,10.0,Yes,No,No,No,No,No,No,No,No,Month-to-month,Yes,Bank transfer (automatic),20.39,167.15,No
Female,0,Yes,Yes,26.0,Yes,No,No,No,No,No,No,No,No,One year,No,Electronic check,18.62,578.21,No
Male,0,Yes,Yes,16.0,Yes,Yes,No,No,No,No,No,No,No,One year,No,Mailed check,22.36,430.51,No
Male,0,Yes,Yes,46.0,Yes,No,No,No,No,No,No,No,No,Two year,Yes,Mailed check,19.35,920.67,No
Male,0,Yes,Yes,38.0,Yes,No,No,No,No,No,No,No,No,Two year,No,Mailed check,22.06,898.11,No
Male,0,Yes,Yes,24.0,Yes,No,No,No,No,No,No,No,No,One year,No,Bank transfer (automatic),20.04,394.41,No
Male,0,Yes,Yes,37.0,Yes,Yes,No,No,No,No,No,No,No,Two year,No,Electronic check,24.38,770.24,No
Male,0,Yes,Yes,62.0,Yes,Yes,No,No,No,No,No,No,No,Two year,Yes,Bank transfer (automatic),20.34,1324.54,No
Male,0,Yes,Yes,18.0,Yes,No,No,No,No,No,No,No,No,Two year,No,Bank transfer (automatic),21.85,322.47,No
Male,0,Yes,Yes,24.0,Yes,No,No,No,No,No,No,No,No,Month-to-month,Yes,Electronic check,21.41,421.34,No
Female,0,Yes,Yes,41.0,Yes,No,No,No,No,No,No,No,No,Month-to-month,No,Bank transfer (automatic),20.47,910.96,No
Female,0,Yes,Yes,61.0,Yes,No,No,No,No,No,No,No,No,Two year,No,Bank transfer (automatic),22.14,1290.12,No
Male,0,Yes,Yes,26.0,Yes,No,No,No,No,No,No,No,No,Two year,No,Electronic check,20.51,526.81,No
Male,0,Yes,Yes,28.0,Yes,No,No,No,No,No,No,No,No,Month-to-month,No,Mailed check,18.45,543.05,No
Female,0,Yes,Yes,40.0,Yes,Yes,No,No,No,No,No,No,No,Two year,No,Mailed check,21.86,1008.48,No
Female,0,Yes,Yes,4.0,Yes,No,No,No,No,No,No,No,No,One year,No,Bank transfer (automatic),18.25,59.85,No
Female,0,Yes,Yes,18.0,Yes,No,No,No,No,No,No,No,No,Two year,No,Mailed check,23.77,350.85,No
Male,0,Yes,Yes,34.0,Yes,Yes,No,No,No,No,No,No,No,Two year,No,Mailed check,22.31,793.77,No
Female,0,Yes,Yes,0.0,Yes,No,No,No,No,No,No,No,No,One year,No,Mailed check,21.57,0.0,No
Male,0,Yes,Yes,7.0,Yes,No,No,No,No,No,No,No,No,One year,No,Mailed check,20.65,154.43,No
Male,0,Yes,Yes,72.0,Yes,No,No,No,No,No,No,No,No,Two year,No,Mailed check,21.24,1667.86,No
Female,0,Yes,Yes,36.0,Yes,Yes,No,No,No,No,No,No,No,Two year,No,Bank transfer (automatic),26.15,1013.96,No
Female,0,Yes,Yes,57.0,Yes,Yes,No,No,No,No,No,No,No,Two year,Yes,Mailed check,24.16,1367.69,No
Female,0,Yes,Yes,11.0,Yes,No,No,No,No,No,No,No,No,One year,Yes,Mailed check,22.57,207.24,No
Female,0,Yes,Yes,53.0,Yes,No,No,No,No,No,No,No,No,Two year,No,Mailed check,21.77,1312.35,No
Male,0,Yes,Yes,44.0,Yes,No,No,No,No,No,No,No,No,Two year,No,Mailed check,19.73,807.09,No
Female,0,Yes,Yes,24.0,Yes,No,No,No,No,No,No,No,No,Month-to-month,Yes,Bank transfer (automatic),18.78,542.49,No
Female,0,Yes,Yes,10.0,Yes,Yes,No,No,No,No,No,No,No,One year,Yes,Mailed check,24.83,265.17,No
Female,0,Yes,Yes,72.0,Yes,Yes,No,No,No,No,No,No,No,Two year,Yes,Mailed check,21.78,1578.04,No
Female,0,Yes,Yes,50.0,Yes,No,No,No,No,No,No,No,No,Two year,No,Mailed check,20.76,1157.01,No
Female,0,Yes,Yes,23.0,Yes,No,No,No,No,No,No,No,No,Two year,Yes,Mailed check,20.11,379.23,No
Female,0,Yes,Yes,69.0,Yes,No,No,No,No,No,No,No,No,Two year,Yes,Bank transfer (automatic),19.04,1267.6,No
Female,0,Yes,Yes,4.0,Yes,No,No,No,No,No,No,No,No,Month-to-month,No,Electronic check,23.3,112.18,No
Female,0,Yes,Yes,51.0,Yes,No,No,No,No,No,No,No,No,Two year,No,Mailed check,21.17,1090.97,No
Female,0,Yes,Yes,62.0,Yes,Yes,No,No,No,No,No,No,No,Two year,No,Bank transfer (automatic),24.13,1472.18,No
Male,0,Yes,Yes,30.0,Yes,No,No,No,No,No,No,No,No,One year,No,Mailed check,24.11,715.13,No
Male,0,Yes,Yes,47.0,Yes,No,No,No,No,No,No,No,No,Month-to-month,No,Bank transfer (automatic),18.32,903.2,No
Male,0,Yes,Yes,33.0,Yes,No,No,No,No,No,No,No,No,Two year,No,Mailed check,18.25,719.17,No
Female,0,Yes,Yes,49.0,Yes,No,No,No,No,No,No,No,No,Two year,Yes,Bank transfer (automatic),18.25,1034.49,No
Male,0,Yes,Yes,48.0,Yes,No,No,No,No,No,No,No,No,Two year,No,Bank transfer (automatic),18.25,980.52,No
Female,0,Yes,Yes,20.0,Yes,Yes,No,No,No,No,No,No,No,One year,No,Mailed check,21.96,479.62,No
Female,0,Yes,Yes,51.0,Yes,No,No,No,No,No,No,No,No,Two year,No,Bank transfer (automatic),23.46,1163.02,No
Male,0,Yes,Yes,72.0,Yes,No,No,No,No,No,No,No,No,Two year,No,Electronic check,20.43,1666.72,No
Female,0,Yes,Yes,16.0,Yes,No,No,No,No,No,No,No,No,One year,No,Mailed check,21.72,377.34,No
Male,0,Yes,Yes,12.0,Yes,No,No,No,No,No,No,No,No,Month-to-month,No,Mailed check,21.97,317.28,No
Male,0,Yes,Yes,0.0,Yes,No,No,No,No,No,No,No,No,One year,No,Bank transfer (automatic),22.69,0.0,No
Male,0,Yes,Yes,44.0,Yes,Yes,No,No,No,No,No,No,No,Two year,Yes,Mailed check,22.65,1059.2,No
Female,0,Yes,Yes,53.0,Yes,No,No,No,No,No,No,No,No,Two year,No,Bank transfer (automatic),18.25,1164.1,No
Female,0,Yes,Yes,49.0,Yes,No,No,No,No,No,No,No,No,One year,No,Electronic check,18.64,967.95,No
Male,0,Yes,Yes,6.0,Yes,No,No,No,No,No,No,No,No,One year,No,Mailed check,20.44,100.56,No
Female,0,Yes,Yes,45.0,Yes,No,No,No,No,No,No,No,No,Two year,Yes,Bank transfer (automatic),19.73,1068.48,No
Female,0,Yes,Yes,7.0,Yes,Yes,No,No,No,No,No,No,No,Month-to-month,No,Mailed check,23.24,195.79,No
Male,0,Yes,Yes,56.0,Yes,No,No,No,No,No,No,No,No,Two year,No,Bank transfer (automatic),21.84,1151.59,No
Male,0,Yes,Yes,25.0,Yes,No,No,No,No,No,No,No,No,Two year,Yes,Mailed check,18.25,529.68,No
Male,0,Yes,Yes,54.0,Yes,No,No,No,No,No,No,No,No,Two year,No,Bank transfer (automatic),22.5,1251.78,No
Female,0,Yes,Yes,37.0,Yes,No,No,No,No,No,No,No,No,Two year,No,Mailed check,23.86,789.29,No
Female,0,Yes,Yes,53.0,Yes,No,No,No,No,No,No,No,No,Two year,No,Mailed check,21.48,1345.38,No
Female,0,Yes,Yes,36.0,Yes,Yes,No,No,No,No,No,No,No,One year,Yes,Mailed check,24.86,798.39,No
Female,0,Yes,Yes,52.0,Yes,No,No,No,No,No,No,No,No,Two year,No,Bank transfer (automatic),21.87,1031.43,No
Female,0,Yes,Yes,7.0,Yes,No,No,No,No,No,No,No,No,One year,Yes,Bank transfer (automatic),22.08,126.75,No
Male,0,Yes,Yes,31.0,Yes,No,No,No,No,No,No,No,No,One year,Yes,Mailed check,20.34,614.32,No
Female,0,Yes,Yes,38.0,Yes,No,No,No,No,No,No,No,No,One year,No,Bank transfer (automatic),20.72,720.94,No
Female,0,Yes,Yes,39.0,Yes,No,No,No,No,No,No,No,No,One year,No,Mailed check,20.97,807.83,No
Female,0,Yes,Yes,14.0,Yes,No,No,No,No,No,No,No,No,One year,No,Mailed check,19.37,262.69,No
Female,0,Yes,Yes,5.0,Yes,No,No,No,No,No,No,No,No,Month-to-month,Yes,Electronic check,22.51,135.47,No
Female,0,Yes,Yes,36.0,Yes,Yes,No,No,No,No,No,No,No,Two year,No,Bank transfer (automatic),22.1,752.51,No
Female,0,Yes,Yes,23.0,Yes,Yes,No,No,No,No,No,No,No,Two year,No,Mailed check,24.18,639.56,No
Female,0,Yes,Yes,14.0,Yes,No,No,No,No,No,No,No,No,Month-to-month,Yes,Bank transfer (automatic),20.47,234.98,No
Female,0,Yes,Yes,18.0,Yes,No,No,No,No,No,No,No,No,Month-to-month,No,Mailed check,21.8,472.25,No
Male,0,Yes,Yes,0.0,Yes,No,No,No,No,No,No,No,No,Month-to-month,No,Mailed check,21.53,0.0,No
Male,0,Yes,Yes,48.0,Yes,Yes,No,No,No,No,No,No,No,Two year,No,Mailed check,24.21,952.66,No
Female,0,Yes,Yes,53.0,Yes,Yes,No,No,No,No,No,No,No,Two year,Yes,Mailed check,26.9,1317.01,No
Female,0,Yes,Yes,58.0,Yes,Yes,No,No,No,No,No,No,No,Two year,Yes,Bank transfer (automatic),25.0,1428.93,No
Female,0,Yes,Yes,36.0,Yes,No,No,No,No,No,No,No,No,Month-to-month,No,Mailed check,21.47,778.41,No
Male,0,Yes,Yes,36.0,Yes,No,No,No,No,No,No,No,No,Two year,No,Mailed check,22.03,650.31,No
Female,0,Yes,Yes,6.0,Yes,No,No,No,No,No,No,No,No,Two year,No,Mailed check,20.71,149.58,No
Male,0,Yes,Yes,58.0,Yes,Yes,No,No,No,No,No,No,No,Two year,No,Bank transfer (automatic),22.2,1287.48,No
Female,0,Yes,Yes,40.0,Yes,Yes,No,No,No,No,No,No,No,One year,Yes,Electronic check,24.86,903.29,No
Female,0,Yes,Yes,44.0,Yes,Yes,No,No,No,No,No,No,No,Two year,Yes,Bank transfer (automatic),22.17,955.43,No
Male,0,Yes,Yes,45.0,Yes,No,No,No,No,No,No,No,No,Two year,Yes,Bank transfer (automatic),19.9,917.39,No
Female,0,Yes,Yes,66.0,Yes,Yes,No,No,No,No,No,No,No,Two year,No,Bank transfer (automatic),22.86,1377.36,No
Male,0,Yes,Yes,40.0,Yes,No,No,No,No,No,No,No,No,One year,Yes,Bank transfer (automatic),22.87,850.65,No
Male,0,Yes,Yes,0.0,Yes,No,No,No,No,No,No,No,No,One year,No,Mailed check,20.24,0.0,No
Male,0,Yes,Yes,41.0,Yes,Yes,No,No,No,No,No,No,No,Two year,Yes,Bank transfer (automatic),22.01,1086.16,No
Male,0,Yes,Yes,54.0,Yes,Yes,No,No,No,No,No,No,No,Two year,No,Mailed check,25.68,1376.8,No
Male,0,Yes,Yes,48.0,Yes,No,No,No,No,No,No,No,No,Two year,Yes,Bank transfer (automatic),19.22,861.47,No
Male,0,Yes,Yes,63.0,Yes,No,No,No,No,No,No,No,No,Two year,Yes,Bank transfer (automatic),20.0,1317.06,No
Male,0,Yes,Yes,27.0,Yes,No,No,No,No,No,No,No,No,Two year,No,Mailed check,20.53,591.51,No
Male,0,Yes,Yes,72.0,Yes,Yes,No,No,No,No,No,No,No,Two year,No,Mailed check,22.44,1738.79,No
Female,0,Yes,Yes,34.0,Yes,Yes,No,No,No,No,No,No,No,One year,Yes,Mailed check,24.76,726.61,No
Female,0,Yes,Yes,45.0,Yes,No,No,No,No,No,No,No,No,Two year,Yes,Bank transfer (automatic),21.78,969.79,No
Female,0,Yes,Yes,72.0,Yes,No,No,No,No,No,No,No,No,One year,No,Bank transfer (automatic),19.75,1449.37,No
Female,0,Yes,Yes,31.0,Yes,No,No,No,No,No,No,No,No,Month-to-month,Yes,Mailed check,21.09,710.59,Yes
Female,0,Yes,Yes,55.0,Yes,No,No,No,No,No,No,No,No,Two year,No,Bank transfer (automatic),21.99,1106.19,No
Female,0,Yes,Yes,29.0,Yes,No,No,No,No,No,No,No,No,Two year,No,Mailed check,18.58,486.49,No
Male,0,Yes,Yes,18.0,Yes,No,No,No,No,No,No,No,No,Month-to-month,No,Mailed check,21.28,461.01,No
Female,0,Yes,Yes,72.0,Yes,Yes,No,No,No,No,No,No,No,Two year,No,Bank transfer (automatic),26.46,1813.97,No
Male,0,Yes,Yes,16.0,Yes,Yes,No,No,No,No,No,No,No,Month-to-month,No,Mailed check,24.92,334.63,No
Male,0,Yes,Yes,0.0,Yes,No,No,No,No,No,No,No,No,Month-to-month,Yes,Mailed check,19.56,0.0,No
Male,0,Yes,Yes,72.0,Yes,No,No,No,No,No,No,No,No,One year,Yes,Bank transfer (automatic),20.3,1698.35,No
Female,0,Yes,Yes,31.0,Yes,No,No,No,No,No,No,No,No,One year,Yes,Bank transfer (automatic),22.52,772.27,No
Male,0,Yes,Yes,54.0,Yes,No,No,No,No,No,No,No,No,Two year,No,Mailed check,22.08,1307.98,No
Female,0,Yes,Yes,48.0,Yes,Yes,No,No,No,No,No,No,No,Month-to-month,Yes,Mailed check,22.87,1091.4,Yes
Female,0,Yes,Yes,27.0,Yes,Yes,No,No,No,No,No,No,No,Month-to-month,No,Mailed check,22.39,658.74,No
Male,0,Yes,Yes,21.0,Yes,No,No,No,No,No,No,No,No,One year,No,Mailed check,19.09,482.59,No
Male,0,Yes,Yes,35.0,Yes,No,No,No,No,No,No,No,No,One year,No,Bank transfer (automatic),19.95,572.44,No
Female,0,Yes,Yes,19.0,Yes,No,No,No,No,No,No,No,No,Two year,No,Mailed check,20.16,461.11,No
Female,0,Yes,Yes,24.0,Yes,Yes,No,No,No,No,No,No,No,Two year,Yes,Mailed check,25.78,709.55,No
Male,0,Yes,Yes,10.0,Yes,Yes,No,No,No,No,No,No,No,Two year,Yes,Mailed check,25.08,301.86,No
Male,0,Yes,Yes,26.0,Yes,No,No,No,No,No,No,No,No,Month-to-month,No,Mailed check,22.17,502.52,No
Female,0,Yes,Yes,38.0,Yes,No,No,No,No,No,No,No,No,Two year,Yes,Electronic check,20.25,925.88,No
Female,0,Yes,Yes,40.0,Yes,Yes,No,No,No,No,No,No,No,Two year,No,Mailed check,23.72,990.6,No
Female,0,Yes,Yes,41.0,Yes,Yes,No,No,No,No,No,No,No,Two year,Yes,Bank transfer (automatic),24.29,818.74,No
Male,0,Yes,Yes,54.0,Yes,No,No,No,No,No,No,No,No,Two year,Yes,Mailed check,18.25,1145.28,No
Male,0,Yes,Yes,44.0,Yes,No,No,No,No,No,No,No,No,Month-to-month,No,Bank transfer (automatic),20.44,858.56,No
Female,0,Yes,Yes,48.0,Yes,No,No,No,No,No,No,No,No,One year,No,Bank transfer (automatic),18.25,828.02,No
Female,0,Yes,Yes,15.0,Yes,No,No,No,No,No,No,No,No,Month-to-month,Yes,Mailed check,22.67,409.27,No
Male,0,Yes,Yes,5.0,Yes,No,No,No,No,No,No,No,No,Month-to-month,No,Bank transfer (automatic),18.3,75.04,No
Female,0,Yes,Yes,44.0,Yes,No,No,No,No,No,No,No,No,Two year,No,Bank transfer (automatic),22.31,1154.09,No
Male,0,Yes,Yes,52.0,Yes,No,No,No,No,No,No,No,No,One year,No,Mailed check,18.25,827.4,No
Male,0,Yes,Yes,41.0,Yes,Yes,No,No,No,No,No,No,No,Two year,No,Mailed check,25.03,1117.24,No
Female,0,Yes,Yes,30.0,Yes,Yes,No,No,No,No,No,No,No,Two year,Yes,Mailed check,24.64,863.84,No
Female,0,Yes,Yes,50.0,Yes,Yes,No,No,No,No,No,No,No,Month-to-month,No,Electronic check,23.02,1096.49,No
Female,0,Yes,Yes,1.0,Yes,No,No,No,No,No,No,No,No,One year,Yes,Mailed check,20.63,24.83,No
Male,0,Yes,Yes,21.0,Yes,No,No,No,No,No,No,No,No,Month-to-month,No,Bank transfer (automatic),21.91,407.32,No
Male,0,Yes,Yes,26.0,Yes,Yes,No,No,No,No,No,No,No,Two year,Yes,Bank transfer (automatic),22.84,686.87,No
Female,0,Yes,Yes,0.0,Yes,No,No,No,No,No,No,No,No,One year,No,Mailed check,18.3,0.0,No
Female,0,Yes,Yes,38.0,Yes,Yes,No,No,No,No,No,No,No,Month-to-month,No,Mailed check,25.33,997.96,No
Male,0,Yes,Yes,56.0,Yes,No,No,No,No,No,No,No,No,Two year,No,Bank transfer (automatic),20.79,1122.63,No
Male,0,Yes,Yes,30.0,Yes,No,No,No,No,No,No,No,No,Two year,No,Bank transfer (automatic),18.25,448.91,No
Male,0,Yes,Yes,49.0,Yes,Yes,No,No,No,No,No,No,No,Two year,No,Bank transfer (automatic),21.58,1006.92,No
Male,0,Yes,Yes,29.0,Yes,Yes,No,No,No,No,No,No,No,Two year,No,Mailed check,23.78,688.43,No
Male,0,Yes,Yes,0.0,Yes,No,No,No,No,No,No,No,No,Month-to-month,Yes,Bank transfer (automatic),19.31,0.0,No
Female,0,Yes,Yes,67.0,Yes,No,No,No,No,No,No,No,No,Two year,No,Mailed check,21.3,1335.72,No
Male,0,Yes,Yes,47.0,Yes,Yes,No,No,No,No,No,No,No,Two year,Yes,Bank transfer (automatic),25.52,1207.36,No
Male,0,Yes,Yes,59.0,Yes,Yes,No,No,No,No,No,No,No,Two year,No,Bank transfer (automatic),26.18,1379.24,No
Female,0,Yes,Yes,19.0,Yes,No,No,No,No,No,No,No,No,Month-to-month,No,Electronic check,21.5,427.37,No
Female,0,Yes,Yes,30.0,Yes,No,No,No,No,No,No,No,No,Month-to-month,No,Mailed check,18.25,480.34,No
Female,0,Yes,Yes,5.0,Yes,Yes,No,No,No,No,No,No,No,Month-to-month,No,Bank transfer (automatic),23.32,140.35,No
Male,0,Yes,Yes,39.0,Yes,No,No,No,No,No,No,No,No,Two year,No,Mailed check,18.25,767.65,No
Male,0,Yes,Yes,59.0,Yes,Yes,No,No,No,No,No,No,No,Two year,No,Mailed check,24.62,1304.08,No
Female,0,Yes,Yes,18.0,Yes,No,No,No,No,No,No,No,No,Two year,No,Bank transfer (automatic),20.81,307.1,No
Female,0,Yes,Yes,55.0,Yes,No,No,No,No,No,No,No,No,Two year,No,Mailed check,20.24,1074.9,No
Male,0,Yes,Yes,20.0,Yes,No,No,No,No,No,No,No,No,One year,No,Mailed check,22.36,503.22,No
Female,0,Yes,Yes,24.0,Yes,No,No,No,No,No,No,No,No,Two year,No,Mailed check,21.32,563.6,No
Female,0,Yes,Yes,39.0,Yes,No,No,No,No,No,No,No,No,Month-to-month,No,Electronic check,18.38,668.29,No
Female,0,Yes,Yes,0.0,Yes,No,No,No,No,No,No,No,No,Month-to-month,Yes,Bank transfer (automatic),20.72,0.0,No
Female,0,Yes,Yes,33.0,Yes,Yes,No,No,No,No,No,No,No,Two year,No,Mailed check,22.77,616.02,No
Male,0,Yes,Yes,24.0,Yes,Yes,No,No,No,No,No,No,No,Two year,No,Mailed check,23.42,676.42,No
Female,0,Yes,Yes,23.0,Yes,No,No,No,No,No,No,No,No,Month-to-month,Yes,Bank transfer (automatic),22.86,608.06,No
Male,0,Yes,Yes,42.0,Yes,No,No,No,No,No,No,No,No,Two year,No,Mailed check,20.33,828.23,No
Female,0,Yes,Yes,31.0,Yes,No,No,No,No,No,No,No,No,Two year,Yes,Mailed check,21.77,707.1,No
Female,0,Yes,Yes,62.0,Yes,No,No,No,No,No,No,No,No,Month-to-month,No,Mailed check,18.25,1248.24,No
Female,0,Yes,Yes,69.0,Yes,No,No,No,No,No,No,No,No,Two year,No,Mailed check,18.56,1541.5,No
Male,0,Yes,Yes,40.0,Yes,No,No,No,No,No,No,No,No,One year,No,Mailed check,18.25,598.54,No
Female,0,Yes,Yes,68.0,Yes,No,No,No,No,No,No,No,No,Two year,Yes,Bank transfer (automatic),19.38,1311.96,No
Female,0,Yes,Yes,72.0,Yes,Yes,No,No,No,No,No,No,No,Two year,Yes,Bank transfer (automatic),23.48,1873.32,No
Male,0,Yes,Yes,21.0,Yes,Yes,No,No,No,No,No,No,No,Two year,No,Bank transfer (automatic),23.01,431.48,No
Male,0,Yes,Yes,0.0,Yes,Yes,No,No,No,No,No,No,No,Two year,Yes,Mailed check,20.59,0.0,No
Male,0,Yes,Yes,70.0,Yes,No,No,No,No,No,No,No,No,Month-to-month,No,Mailed check,22.12,1460.07,No
Male,0,Yes,Yes,57.0,Yes,No,No,No,No,No,No,No,No,One year,No,Mailed check,18.25,1067.19,No
Female,0,Yes,Yes,37.0,Yes,No,No,No,No,No,No,No,No,Two year,No,Mailed check,20.24,800.15,No
Female,0,Yes,Yes,0.0,Yes,No,No,No,No,No,No,No,No,Two year,No,Mailed check,20.3,0.0,No
Female,0,Yes,Yes,40.0,Yes,No,No,No,No,No,No,No,No,Two year,No,Mailed check,19.76,884.98,No
Male,0,Yes,Yes,22.0,Yes,Yes,No,No,No,No,No,No,No,Two year,No,Bank transfer (automatic),22.58,500.71,No
Male,0,Yes,Yes,38.0,Yes,Yes,No,No,No,No,No,No,No,Two year,No,Bank transfer (automatic),21.39,978.43,No
Female,0,Yes,Yes,34.0,Yes,No,No,No,No,No,No,No,No,One year,Yes,Mailed check,21.09,625.35,No
Male,0,Yes,Yes,4.0,Yes,No,No,No,No,No,No,No,No,Month-to-month,No,Bank transfer (automatic),18.25,59.85,No
Male,0,Yes,Yes,8.0,Yes,Yes,No,No,No,No,No,No,No,Two year,No,Bank transfer (automatic),22.99,187.59,No
Male,0,Yes,Yes,25.0,Yes,No,No,No,No,No,No,No,No,Two year,Yes,Mailed check,19.11,391.8,No
Female,0,Yes,Yes,61.0,Yes,Yes,No,No,No,No,No,No,No,Two year,No,Bank transfer (automatic),25.07,1483.06,No
Male,0,Yes,Yes,10.0,Yes,Yes,No,No,No,No,No,No,No,One year,No,Mailed check,22.29,258.15,No
Male,0,Yes,Yes,19.0,Yes,No,No,No,No,No,No,No,No,Month-to-month,No,Bank transfer (automatic),19.88,370.0,No
Female,0,Yes,Yes,72.0,Yes,Yes,No,No,No,No,No,No,No,Two year,No,Mailed check,23.62,1681.28,No
Female,0,Yes,Yes,5.0,Yes,No,No,No,No,No,No,No,No,Two year,Yes,Bank transfer (automatic),18.47,75.71,No
Male,0,Yes,Yes,49.0,Yes,No,No,No,No,No,No,No,No,Two year,No,Bank transfer (automatic),19.85,968.58,No
Male,0,Yes,Yes,23.0,Yes,No,No,No,No,No,No,No,No,Two year,No,Mailed check,20.51,567.79,No
Male,0,Yes,Yes,30.0,Yes,No,No,No,No,No,No,No,No,One year,Yes,Bank transfer (automatic),21.47,583.63,No
Female,0,Yes,Yes,24.0,Yes,No,No,No,No,No,No,No,No,Two year,Yes,Bank transfer (automatic),20.96,485.69,No
Female,0,Yes,Yes,0.0,Yes,No,No,No,No,No,No,No,No,Month-to-month,No,Mailed check,21.43,0.0,No
Male,0,Yes,Yes,24.0,Yes,Yes,No,No,No,No,No,No,No,Two year,No,Mailed check,26.31,693.74,No
Male,0,Yes,Yes,19.0,Yes,No,No,No,No,No,No,No,No,Month-to-month,Yes,Mailed check,21.28,460.85,No
Male,0,Yes,Yes,12.0,Yes,No,No,No,No,No,No,No,No,Two year,No,Mailed check,19.35,190.43,No
Male,0,Yes,Yes,36.0,Yes,Yes,No,No,No,No,No,No,No,Two year,No,Mailed check,22.39,866.16,No
Male,0,Yes,Yes,56.0,Yes,No,No,No,No,No,No,No,No,Two year,No,Mailed check,19.33,1059.72,No
Female,0,Yes,Yes,11.0,Yes,No,No,No,No,No,No,No,No,One year,No,Mailed check,19.71,177.75,No
Male,0,Yes,Yes,41.0,Yes,No,No,No,No,No,No,No,No,Two year,No,Mailed check,19.99,672.04,No
Female,0,Yes,Yes,30.0,Yes,Yes,No,No,No,No,No,No,No,Two year,No,Bank transfer (automatic),27.79,899.62,No
Female,0,Yes,Yes,10.0,Yes,No,No,No,No,No,No,No,No,Month-to-month,No,Mailed check,21.57,259.57,No
Male,0,Yes,Yes,64.0,Yes,Yes,No,No,No,No,No,No,No,Two year,No,Mailed check,22.92,1380.38,No
Male,0,Yes,Yes,60.0,Yes,No,No,No,No,No,No,No,No,Two year,No,Mailed check,22.53,1315.15,No
Male,0,Yes,Yes,72.0,Yes,Yes,No,No,No,No,No,No,No,Two year,No,Mailed check,22.52,1951.27,No
Male,0,Yes,Yes,15.0,Yes,No,No,No,No,No,No,No,No,One year,No,Electronic check,21.22,311.74,No
Male,0,Yes,Yes,53.0,Yes,No,No,No,No,No,No,No,No,Month-to-month,No,Bank transfer (automatic),22.89,1255.89,No
Female,0,Yes,Yes,35.0,Yes,Yes,No,No,No,No,No,No,No,One year,No,Bank transfer (automatic),23.22,909.94,No
Female,0,Yes,Yes,18.0,Yes,No,No,No,No,No,No,No,No,Two year,Yes,Mailed check,22.63,357.25,No
Male,0,Yes,Yes,7.0,Yes,No,No,No,No,No,No,No,No,Month-to-month,No,Mailed check,22.05,185.8,No
Male,0,Yes,Yes,0.0,Yes,No,No,No,No,No,No,No,No,One year,No,Mailed check,22.37,0.0,No
Female,0,Yes,Yes,26.0,Yes,No,No,No,No,No,No,No,No,Two year,Yes,Bank transfer (automatic),19.43,608.09,No
Female,0,Yes,Yes,28.0,Yes,No,No,No,No,No,No,No,No,One year,No,Mailed check,20.81,701.1,No
Male,0,Yes,Yes,66.0,Yes,Yes,No,No,No,No,No,No,No,Two year,No,Bank transfer (automatic),23.86,1472.81,No
Male,0,Yes,Yes,13.0,Yes,No,No,No,No,No,No,No,No,Month-to-month,No,Bank transfer (automatic),18.25,271.67,No
Female,0,Yes,Yes,18.0,Yes,Yes,No,No,No,No,No,No,No,Month-to-month,No,Mailed check,23.11,457.0,No
Male,0,Yes,Yes,57.0,Yes,Yes,No,No,No,No,No,No,No,Two year,No,Mailed check,22.28,1301.89,No
Female,0,Yes,Yes,29.0,Yes,No,No,No,No,No,No,No,No,Two year,No,Mailed check,20.43,514.4,No
Male,0,Yes,Yes,35.0,Yes,No,No,No,No,No,No,No,No,Month-to-month,Yes,Mailed check,18.25,523.73,No
Male,0,Yes,Yes,54.0,Yes,No,No,No,No,No,No,No,No,One year,Yes,Mailed check,18.82,1200.57,No
Male,0,Yes,Yes,52.0,Yes,Yes,No,No,No,No,No,No,No,Two year,Yes,Bank transfer (automatic),24.05,1288.37,No
Female,0,Yes,Yes,2.0,Yes,No,No,No,No,No,No,No,No,One year,No,Mailed check,18.25,29.93,No
Female,0,Yes,Yes,72.0,Yes,Yes,No,No,No,No,No,No,No,One year,No,Bank transfer (automatic),22.71,1965.97,No
Female,0,Yes,Yes,40.0,Yes,Yes,No,No,No,No,No,No,No,Two year,No,Mailed check,24.46,1047.94,No
Female,0,Yes,Yes,43.0,Yes,No,No,No,No,No,No,No,No,Two year,Yes,Mailed check,21.56,961.32,No
Male,0,Yes,Yes,0.0,Yes,No,No,No,No,No,No,No,No,Two year,No,Mailed check,19.74,0.0,No
Male,0,Yes,Yes,45.0,Yes,No,No,No,No,No,No,No,No,Two year,No,Bank transfer (automatic),21.89,987.05,No
Male,0,Yes,Yes,29.0,Yes,No,No,No,No,No,No,No,No,One year,No,Electronic check,22.57,620.28,No
Female,0,Yes,Yes,58.0,Yes,Yes,No,No,No,No,No,No,No,Two year,No,Mailed check,23.55,1252.78,No
Female,0,Yes,Yes,72.0,Yes,No,No,No,No,No,No,No,No,Two year,No,Mailed check,19.89,1711.88,No
Female,0,Yes,Yes,20.0,Yes,No,No,No,No,No,No,No,No,Two year,Yes,Mailed check,18.38,442.47,No
Female,0,Yes,Yes,37.0,Yes,Yes,No,No,No,No,No,No,No,Month-to-month,Yes,Mailed check,26.54,954.17,No
Female,0,Yes,Yes,48.0,Yes,Yes,No,No,No,No,No,No,No,Month-to-month,No,Mailed check,22.63,1163.08,No
Male,0,Yes,Yes,26.0,Yes,No,No,No,No,No,No,No,No,Month-to-month,No,Mailed check,20.58,438.63,No
Male,0,Yes,Yes,16.0,Yes,Yes,No,No,No,No,No,No,No,One year,No,Electronic check,23.59,374.86,No
Male,0,Yes,Yes,38.0,Yes,No,No,No,No,No,No,No,No,Two year,No,Mailed check,20.91,763.21,No
Female,0,Yes,Yes,55.0,Yes,Yes,No,No,No,No,No,No,No,Two year,No,Mailed check,26.46,1324.28,No
Male,0,Yes,Yes,9.0,Yes,No,No,No,No,No,No,No,No,One year,No,Mailed check,22.37,165.06,No
Female,0,Yes,Yes,0.0,Yes,No,No,No,No,No,No,No,No,Month-to-month,No,Mailed check,20.22,0.0,No
Female,0,Yes,Yes,40.0,Yes,No,No,No,No,No,No,No,No,Two year,Yes,Bank transfer (automatic),19.07,691.24,No
Male,0,Yes,Yes,43.0,Yes,No,No,No,No,No,No,No,No,Two year,Yes,Mailed check,22.04,869.31,No
Male,0,Yes,Yes,24.0,Yes,No,No,No,No,No,No,No,No,Month-to-month,No,Bank transfer (automatic),23.39,460.21,No
Male,0,Yes,Yes,33.0,Yes,No,No,No,No,No,No,No,No,Two year,No,Mailed check,18.57,527.37,No
Female,0,Yes,Yes,5.0,Yes,No,No,No,No,No,No,No,No,One year,No,Mailed check,18.25,74.82,No
Male,0,Yes,Yes,31.0,Yes,No,No,No,No,No,No,No,No,Month-to-month,No,Mailed check,21.25,591.77,No
Female,0,Yes,Yes,42.0,Yes,No,No,No,No,No,No,No,No,One year,No,Mailed check,19.49,747.77,No
Female,0,Yes,Yes,2.0,Yes,No,No,No,No,No,No,No,No,Month-to-month,No,Mailed check,18.25,29.93,No
Female,0,Yes,Yes,72.0,Yes,Yes,No,No,No,No,No,No,No,One year,Yes,Mailed check,24.91,1677.1,No
Male,0,Yes,Yes,48.0,Yes,Yes,No,No,No,No,No,No,No,Two year,No,Mailed check,22.98,1166.28,No
Male,0,Yes,Yes,65.0,Yes,Yes,No,No,No,No,No,No,No,One year,Yes,Bank transfer (automatic),21.82,1398.45,No
Male,0,Yes,Yes,23.0,Yes,No,No,No,No,No,No,No,No,Month-to-month,Yes,Mailed check,18.38,428.08,No
Male,0,Yes,Yes,17.0,Yes,Yes,No,No,No,No,No,No,No,Month-to-month,Yes,Bank transfer (automatic),21.82,413.2,No
Female,0,Yes,Yes,15.0,Yes,Yes,No,No,No,No,No,No,No,Two year,Yes,Bank transfer (automatic),21.15,372.03,No
Male,0,Yes,Yes,30.0,Yes,No,No,No,No,No,No,No,No,One year,Yes,Mailed check,18.62,608.18,No
Female,0,Yes,Yes,52.0,Yes,Yes,No,No,No,No,No,No,No,One year,No,Mailed check,23.97,1227.59,No
Female,0,Yes,Yes,35.0,Yes,No,No,No,No,No,No,No,No,Two year,Yes,Mailed check,18.35,674.66,No
Male,0,Yes,Yes,40.0,Yes,Yes,No,No,No,No,No,No,No,Two year,No,Mailed check,22.62,1041.62,No
Male,0,Yes,Yes,59.0,Yes,No,No,No,No,No,No,No,No,One year,No,Mailed check,18.82,1092.37,No
Female,0,Yes,Yes,13.0,Yes,No,No,No,No,No,No,No,No,Two year,No,Mailed check,18.25,275.38,No
Male,0,Yes,Yes,32.0,Yes,No,No,No,No,No,No,No,No,One year,No,Mailed check,20.07,677.54,No
Female,0,Yes,Yes,48.0,Yes,Yes,No,No,No,No,No,No,No,Two year,No,Bank transfer (automatic),25.87,1234.77,No
Male,0,Yes,Yes,35.0,Yes,No,No,No,No,No,No,No,No,One year,Yes,Bank transfer (automatic),19.59,580.02,No
Male,0,Yes,Yes,48.0,Yes,Yes,No,No,No,No,No,No,No,Two year,No,Mailed check,23.76,1128.15,No
Female,0,Yes,Yes,72.0,Yes,No,No,No,No,No,No,No,No,Two year,No,Mailed check,23.79,1532.95,No
Female,0,Yes,Yes,63.0,Yes,Yes,No,No,No,No,No,No,No,Two year,Yes,Bank transfer (automatic),25.71,1631.23,No
Male,0,Yes,Yes,13.0,Yes,Yes,No,No,No,No,No,No,No,Two year,No,Mailed check,25.37,334.44,No
Female,0,Yes,Yes,29.0,Yes,No,No,No,No,No,No,No,No,Month-to-month,No,Mailed check,18.25,433.94,No
Female,0,Yes,Yes,24.0,Yes,Yes,No,No,No,No,No,No,No,Two year,Yes,Mailed check,21.49,620.6,No
Female,0,Yes,Yes,47.0,Yes,No,No,No,No,No,No,No,No,One year,No,Mailed check,19.5,980.43,No
Male,0,Yes,Yes,17.0,Yes,Yes,No,No,No,No,No,No,No,Two year,No,Mailed check,23.63,377.64,No
Male,0,Yes,Yes,32.0,Yes,Yes,No,No,No,No,No,No,No,One year,No,Mailed check,22.12,851.94,No
Male,0,Yes,Yes,3.0,Yes,No,No,No,No,No,No,No,No,One year,No,Mailed check,18.25,44.89,No
Male,0,Yes,Yes,16.0,Yes,No,No,No,No,No,No,No,No,Month-to-month,Yes,Electronic check,19.42,348.84,No
Female,0,Yes,Yes,20.0,Yes,No,No,No,No,No,No,No,No,Month-to-month,Yes,Bank transfer (automatic),22.9,551.14,No
Female,0,Yes,Yes,43.0,Yes,Yes,No,No,No,No,No,No,No,Month-to-month,Yes,Mailed check,22.23,988.32,No
Female,0,Yes,Yes,72.0,Yes,Yes,No,No,No,No,No,No,No,Two year,Yes,Bank transfer (automatic),22.15,1663.79,No
Male,0,Yes,Yes,19.0,Yes,Yes,No,No,No,No,No,No,No,Two year,No,Mailed check,23.76,543.23,No
Female,0,Yes,Yes,20.0,Yes,No,No,No,No,No,No,No,No,Two year,No,Mailed check,21.39,514.94,No
Female,0,Yes,Yes,0.0,Yes,Yes,No,No,No,No,No,No,No,Month-to-month,No,Mailed check,21.67,0.0,No
Male,0,Yes,Yes,34.0,Yes,No,No,No,No,No,No,No,No,Two year,No,Mailed check,19.54,584.58,No
Female,0,Yes,Yes,36.0,Yes,No,No,No,No,No,No,No,No,Month-to-month,Yes,Electronic check,22.1,860.62,No
Male,0,Yes,Yes,60.0,Yes,No,No,No,No,No,No,No,No,Two year,No,Bank transfer (automatic),21.52,1275.55,No
Male,0,Yes,Yes,19.0,Yes,No,No,No,No,No,No,No,No,Month-to-month,No,Mailed check,18.25,417.32,No
Male,0,Yes,Yes,54.0,Yes,No,No,No,No,No,No,No,No,Two year,No,Bank transfer (automatic),20.96,1099.55,No
Female,0,Yes,Yes,42.0,Yes,No,No,No,No,No,No,No,No,Month-to-month,No,Mailed check,18.25,874.04,No
Male,0,Yes,Yes,28.0,Yes,Yes,No,No,No,No,No,No,No,Two year,No,Mailed check,22.32,554.73,No
Female,0,Yes,Yes,39.0,Yes,Yes,No,No,No,No,No,No,No,Month-to-month,Yes,Electronic check,25.71,909.33,No
Male,0,Yes,Yes,50.0,Yes,No,No,No,No,No,No,No,No,One year,No,Mailed check,18.25,821.1,No
Male,0,Yes,Yes,67.0,Yes,No,No,No,No,No,No,No,No,Two year,Yes,Mailed check,19.12,1542.12,No
Female,0,Yes,Yes,8.0,Yes,Yes,No,No,No,No,No,No,No,Two year,No,Mailed check,23.96,230.65,No
Male,0,Yes,Yes,29.0,Yes,No,No,No,No,No,No,No,No,One year,Yes,Mailed check,19.22,590.47,No
Female,0,Yes,Yes,23.0,Yes,No,No,No,No,No,No,No,No,One year,No,Mailed check,19.58,541.93,No
Male,0,Yes,Yes,65.0,Yes,No,No,No,No,No,No,No,No,Two year,Yes,Bank transfer (automatic),19.09,1213.93,No
Male,0,Yes,Yes,72.0,Yes,Yes,No,No,No,No,No,No,No,Two year,No,Bank transfer (automatic),27.74,2403.85,No
Female,0,Yes,Yes,38.0,Yes,Yes,No,No,No,No,No,No,No,Two year,No,Bank transfer (automatic),24.34,929.77,No
Female,0,Yes,Yes,44.0,Yes,Yes,No,No,No,No,No,No,No,Two year,No,Mailed check,25.11,1031.83,No
Male,0,Yes,Yes,24.0,Yes,No,No,No,No,No,No,No,No,Two year,No,Bank transfer (automatic),21.85,450.6,No
Male,0,Yes,Yes,3.0,Yes,No,No,No,No,No,No,No,No,Two year,No,Mailed check,19.43,47.8,No
Female,0,Yes,Yes,34.0,Yes,No,No,No,No,No,No,No,No,Month-to-month,No,Mailed check,18.25,508.76,No
Male,0,Yes,Yes,30.0,Yes,No,No,No,No,No,No,No,No,One year,No,Bank transfer (automatic),18.25,486.14,No
Male,0,Yes,Yes,43.0,Yes,No,No,No,No,No,No,No,No,Two year,No,Mailed check,22.92,988.67,No
Female,0,Yes,Yes,30.0,Yes,No,No,No,No,No,No,No,No,Month-to-month,No,Mailed check,19.63,626.47,No
Male,0,Yes,Yes,32.0,Yes,Yes,No,No,No,No,No,No,No,Two year,Yes,Mailed check,25.6,893.71,No
Female,0,Yes,Yes,43.0,Yes,No,No,No,No,No,No,No,No,Two year,Yes,Mailed check,19.52,817.03,No
Male,0,Yes,Yes,27.0,Yes,No,No,No,No,No,No,No,No,Two year,No,Mailed check,22.42,496.28,No
Male,0,Yes,Yes,54.0,Yes,Yes,No,No,No,No,No,No,No,Two year,Yes,Bank transfer (automatic),25.01,1167.34,No
Female,0,Yes,Yes,0.0,Yes,No,No,No,No,No,No,No,No,Month-to-month,Yes,Bank transfer (automatic),21.89,0.0,No
Female,0,Yes,Yes,59.0,Yes,No,No,No,No,No,No,No,No,Month-to-month,Yes,Bank transfer (automatic),20.04,1134.02,No
Female,0,Yes,Yes,9.0,Yes,No,No,No,No,No,No,No,No,Two year,No,Mailed check,19.57,211.99,No
Female,0,Yes,Yes,49.0,Yes,No,No,No,No,No,No,No,No,One year,Yes,Bank transfer (automatic),20.83,934.26,No
Male,0,Yes,Yes,8.0,Yes,No,No,No,No,No,No,No,No,Two year,Yes,Mailed check,20.61,160.75,No
Female,0,Yes,Yes,37.0,Yes,No,No,No,No,No,No,No,No,Two year,Yes,Bank transfer (automatic),20.25,627.88,No
Male,0,Yes,Yes,25.0,Yes,No,No,No,No,No,No,No,No,Month-to-month,Yes,Mailed check,19.11,574.95,No
Female,0,Yes,Yes,11.0,Yes,Yes,No,No,No,No,No,No,No,Month-to-month,No,Mailed check,22.46,202.53,No
Male,0,Yes,Yes,21.0,Yes,No,No,No,No,No,No,No,No,Two year,No,Mailed check,18.85,444.11,No
Male,0,Yes,Yes,33.0,Yes,No,No,No,No,No,No,No,No,Two year,No,Mailed check,19.63,705.76,No
Female,0,Yes,Yes,12.0,Yes,No,No,No,No,No,No,No,No,One year,No,Mailed check,18.25,262.16,No
Male,0,Yes,Yes,13.0,Yes,No,No,No,No,No,No,No,No,Two year,Yes,Mailed check,22.42,273.04,No
Male,0,Yes,Yes,28.0,Yes,No,No,No,No,No,No,No,No,Two year,No,Bank transfer (automatic),21.85,736.23,No
Female,0,Yes,Yes,46.0,Yes,No,No,No,No,No,No,No,No,Month-to-month,No,Mailed check,21.46,809.32,No
Male,0,Yes,Yes,20.0,Yes,Yes,No,No,No,No,No,No,No,One year,Yes,Mailed check,22.71,467.36,No
Female,0,Yes,Yes,72.0,Yes,No,No,No,No,No,No,No,No,Two year,Yes,Bank transfer (automatic),19.38,1492.3,No
Female,0,Yes,Yes,53.0,Yes,No,No,No,No,No,No,No,No,Two year,Yes,Bank transfer (automatic),21.22,1121.05,No
Female,0,Yes,Yes,72.0,Yes,Yes,No,No,No,No,No,No,No,Two year,Yes,Mailed check,24.06,1598.65,No
Female,0,Yes,Yes,48.0,Yes,No,No,No,No,No,No,No,No,Two year,No,Mailed check,21.03,1142.29,No
Female,0,Yes,Yes,72.0,Yes,Yes,No,No,No,No,No,No,No,Two year,No,Bank transfer (automatic),23.26,1957.51,No
Male,0,Yes,Yes,35.0,Yes,No,No,No,No,No,No,No,No,Two year,No,Mailed check,18.58,718.73,No
Male,0,Yes,Yes,55.0,Yes,Yes,No,No,No,No,No,No,No,One year,Yes,Bank transfer (automatic),26.28,1399.98,No
Female,0,Yes,Yes,36.0,Yes,No,No,No,No,No,No,No,No,Two year,No,Mailed check,21.23,866.52,No
Male,0,Yes,Yes,51.0,Yes,No,No,No,No,No,No,No,No,One year,No,Electronic check,21.66,988.39,No
Male,0,Yes,Yes,24.0,Yes,Yes,No,No,No,No,No,No,No,Two year,Yes,Mailed check,22.29,539.99,No
Female,0,Yes,Yes,71.0,Yes,Yes,No,No,No,No,No,No,No,Two year,No,Bank transfer (automatic),26.34,1697.56,No
Male,0,Yes,Yes,56.0,Yes,Yes,No,No,No,No,No,No,No,One year,No,Bank transfer (automatic),22.43,1342.88,No
Female,0,Yes,Yes,51.0,Yes,No,No,No,No,No,No,No,No,Two year,Yes,Bank transfer (automatic),22.06,1121.93,No
Male,0,Yes,Yes,34.0,Yes,No,No,No,No,No,No,No,No,Month-to-month,Yes,Mailed check,18.25,524.44,No
Male,0,Yes,Yes,34.0,Yes,No,No,No,No,No,No,No,No,One year,Yes,Bank transfer (automatic),18.98,654.96,No
Female,0,Yes,Yes,0.0,Yes,No,No,No,No,No,No,No,No,Two year,Yes,Mailed check,18.8,0.0,No
Male,0,Yes,Yes,15.0,Yes,No,No,No,No,No,No,No,No,Month-to-month,No,Electronic check,20.73,368.1,No
Male,0,Yes,Yes,26.0,Yes,No,No,No,No,No,No,No,No,Two year,No,Electronic check,19.13,457.71,No
Male,0,Yes,Yes,10.0,Yes,No,No,No,No,No,No,No,No,Month-to-month,No,Mailed check,20.59,247.85,No
Female,0,Yes,Yes,51.0,Yes,Yes,No,No,No,No,No,No,No,Two year,No,Bank transfer (automatic),22.98,1185.83,No
Female,0,Yes,Yes,15.0,Yes,No,No,No,No,No,No,No,No,Two year,No,Mailed check,19.09,344.7,No
Male,0,Yes,Yes,32.0,Yes,No,No,No,No,No,No,No,No,Two year,No,Mailed check,18.39,599.69,No
Male,0,Yes,Yes,25.0,Yes,Yes,No,No,No,No,No,No,No,Two year,No,Bank transfer (automatic),25.48,750.58,No
Male,0,Yes,Yes,24.0,Yes,No,No,No,No,No,No,No,No,One year,No,Mailed check,18.25,359.13,No
Male,0,Yes,Yes,0.0,Yes,No,No,No,No,No,No,No,No,Month-to-month,No,Mailed check,19.27,0.0,No
Male,0,Yes,Yes,44.0,Yes,No,No,No,No,No,No,No,No,Two year,No,Mailed check,20.46,961.36,No
Female,0,Yes,Yes,48.0,Yes,No,No,No,No,No,No,No,No,Two year,Yes,Mailed check,19.17,1089.26,No
Female,0,Yes,Yes,41.0,Yes,No,No,No,No,No,No,No,No,One year,No,Mailed check,21.36,826.79,No
Male,0,Yes,Yes,48.0,Yes,No,No,No,No,No,No,No,No,Two year,No,Bank transfer (automatic),19.94,895.48,No
Male,0,Yes,Yes,46.0,Yes,Yes,No,No,No,No,No,No,No,Two year,No,Mailed check,22.56,937.33,No
Male,0,Yes,Yes,30.0,Yes,No,No,No,No,No,No,No,No,Two year,No,Mailed check,22.42,679.62,No
Female,0,Yes,Yes,35.0,Yes,No,No,No,No,No,No,No,No,Month-to-month,Yes,Electronic check,20.53,850.23,No
Female,0,Yes,Yes,68.0,Yes,Yes,No,No,No,No,No,No,No,Two year,No,Mailed check,24.09,1683.54,No
Female,0,Yes,Yes,54.0,Yes,Yes,No,No,No,No,No,No,No,One year,No,Bank transfer (automatic),23.41,1306.8,No
Male,0,Yes,Yes,23.0,Yes,No,No,No,No,No,No,No,No,One year,Yes,Electronic check,18.8,520.5,No
Male,0,Yes,Yes,28.0,Yes,No,No,No,No,No,No,No,No,Two year,No,Mailed check,20.13,567.2,No
Female,0,Yes,Yes,43.0,Yes,No,No,No,No,No,No,No,No,Two year,No,Bank transfer (automatic),23.89,985.41,No
Male,0,Yes,Yes,34.0,Yes,No,No,No,No,No,No,No,No,Two year,No,Bank transfer (automatic),22.05,614.62,No
Male,0,Yes,Yes,18.0,Yes,No,No,No,No,No,No,No,No,Month-to-month,Yes,Mailed check,18.4,389.12,No
Female,0,Yes,Yes,72.0,Yes,Yes,No,No,No,No,No,No,No,Two year,Yes,Bank transfer (automatic),23.1,1443.74,No
Female,0,Yes,Yes,52.0,Yes,No,No,No,No,No,No,No,No,Two year,No,Mailed check,19.33,992.79,No
Male,0,Yes,Yes,38.0,Yes,No,No,No,No,No,No,No,No,Month-to-month,No,Bank transfer (automatic),25.54,893.23,No
Female,0,Yes,Yes,24.0,Yes,Yes,No,No,No,No,No,No,No,Two year,Yes,Bank transfer (automatic),22.61,593.31,No
Female,0,Yes,Yes,72.0,Yes,Yes,No,No,No,No,No,No,No,Two year,No,Mailed check,24.71,1946.45,No
Male,0,Yes,Yes,36.0,Yes,No,No,No,No,No,No,No,No,One year,No,Mailed check,21.79,825.13,No
Male,0,Yes,Yes,38.0,Yes,Yes,No,No,No,No,No,No,No,One year,No,Bank transfer (automatic),23.36,995.96,No
Female,0,Yes,Yes,23.0,Yes,No,No,No,No,No,No,No,No,Month-to-month,No,Bank transfer (automatic),20.48,386.29,No
Male,0,Yes,Yes,24.0,Yes,Yes,No,No,No,No,No,No,No,One year,Yes,Mailed check,22.93,451.3,Yes
Female,0,Yes,Yes,36.0,Yes,No,No,No,No,No,No,No,No,Two year,No,Mailed check,23.62,928.11,No
Male,0,Yes,Yes,49.0,Yes,No,No,No,No,No,No,No,No,Two year,No,Mailed check,21.04,1151.06,No
Female,0,Yes,Yes,56.0,Yes,No,No,No,No,No,No,No,No,Two year,Yes,Mailed check,19.74,1137.8,No
Female,0,Yes,Yes,38.0,Yes,No,No,No,No,No,No,No,No,Two year,No,Mailed check,18.43,574.15,No
Female,0,Yes,Yes,66.0,Yes,No,No,No,No,No,No,No,No,Two year,Yes,Mailed check,20.53,1367.57,No
Female,0,Yes,Yes,14.0,Yes,No,No,No,No,No,No,No,No,Two year,Yes,Mailed check,18.41,211.36,No
Female,0,Yes,Yes,42.0,Yes,No,No,No,No,No,No,No,No,Two year,No,Mailed check,18.25,913.19,No
Female,0,Yes,Yes,22.0,Yes,No,No,No,No,No,No,No,No,Month-to-month,Yes,Mailed check,19.28,420.21,No
Male,0,Yes,Yes,33.0,Yes,Yes,No,No,No,No,No,No,No,Two year,No,Mailed check,23.83,763.85,No
Female,0,Yes,Yes,44.0,Yes,No,No,No,No,No,No,No,No,Two year,No,Bank transfer (automatic),21.47,859.78,No
Female,0,Yes,Yes,54.0,Yes,Yes,No,No,No,No,No,No,No,Two year,No,Mailed check,22.67,1366.79,No
Female,0,Yes,Yes,28.0,Yes,No,No,No,No,No,No,No,No,Month-to-month,No,Mailed check,20.21,681.16,No
Female,0,Yes,Yes,29.0,Yes,No,No,No,No,No,No,No,No,Month-to-month,No,Bank transfer (automatic),19.32,674.4,No
Male,0,Yes,Yes,36.0,Yes,Yes,No,No,No,No,No,No,No,Two year,Yes,Mailed check,21.71,640.83,No
Female,0,Yes,Yes,35.0,Yes,No,No,No,No,No,No,No,No,One year,No,Bank transfer (automatic),19.39,651.72,No
Female,0,Yes,Yes,35.0,Yes,No,No,No,No,No,No,No,No,Month-to-month,No,Bank transfer (automatic),20.34,691.21,No
Female,0,Yes,Yes,0.0,Yes,Yes,No,No,No,No,No,No,No,Month-to-month,No,Mailed check,21.31,0.0,No
Male,0,Yes,Yes,23.0,Yes,Yes,No,No,No,No,No,No,No,One year,Yes,Bank transfer (automatic),22.35,429.3,No
Female,0,Yes,Yes,63.0,Yes,No,No,No,No,No,No,No,No,One year,No,Bank transfer (automatic),18.72,1218.24,No
Male,0,Yes,Yes,35.0,Yes,No,No,No,No,No,No,No,No,Two year,Yes,Bank transfer (automatic),21.1,884.72,No
Female,0,Yes,Yes,17.0,Yes,No,No,No,No,No,No,No,No,One year,Yes,Mailed check,20.45,329.12,No
Male,0,Yes,Yes,1.0,Yes,No,No,No,No,No,No,No,No,One year,No,Mailed check,22.34,26.89,No
Male,0,Yes,Yes,15.0,Yes,No,No,No,No,No,No,No,No,One year,No,Mailed check,21.11,381.14,No
Male,0,Yes,Yes,30.0,Yes,No,No,No,No,No,No,No,No,One year,No,Mailed check,19.68,710.42,No
Female,0,Yes,Yes,1.0,Yes,Yes,No,No,No,No,No,No,No,One year,Yes,Bank transfer (automatic),24.03,19.7,No
Female,0,Yes,Yes,33.0,Yes,No,No,No,No,No,No,No,No,Two year,No,Mailed check,20.68,821.15,No
Male,0,Yes,Yes,52.0,Yes,Yes,No,No,No,No,No,No,No,Two year,No,Bank transfer (automatic),24.3,1374.97,No
Female,0,Yes,Yes,44.0,Yes,No,DSL,No,Yes,Yes,Yes,No,No,One year,No,Bank transfer (automatic),58.32,2764.3,No
Male,0,Yes,Yes,72.0,Yes,Yes,DSL,Yes,Yes,Yes,Yes,Yes,Yes,Two year,No,Credit card (automatic),105.22,7229.5,No
Female,0,No,No,60.0,Yes,Yes,DSL,No,Yes,Yes,Yes,No,Yes,One year,Yes,Bank transfer (automatic),85.55,4852.48,No
Female,0,Yes,No,53.0,Yes,No,DSL,No,Yes,Yes,No,Yes,Yes,Two year,Yes,Credit card (automatic),73.65,4268.85,No
Male,0,Yes,No,48.0,Yes,Yes,DSL,Yes,Yes,Yes,No,No,Yes,One year,No,Credit card (automatic),81.37,4219.07,No
Male,0,Yes,No,42.0,Yes,Yes,DSL,No,Yes,No,No,Yes,Yes,One year,Yes,Bank transfer (automatic),71.5,3474.26,No
Male,0,Yes,Yes,71.0,Yes,Yes,DSL,Yes,Yes,Yes,Yes,Yes,Yes,One year,Yes,Bank transfer (automatic),87.42,5897.48,No
Male,0,Yes,No,67.0,Yes,Yes,DSL,No,Yes,Yes,Yes,Yes,No,Two year,No,Bank transfer (automatic),80.08,5090.56,No
Female,0,No,No,60.0,Yes,No,DSL,No,Yes,Yes,Yes,No,No,One year,Yes,Electronic check,60.11,3651.65,No
Male,0,Yes,Yes,36.0,Yes,No,DSL,No,No,No,Yes,Yes,No,Two year,No,Mailed check,71.15,2809.67,No
Male,0,Yes,No,72.0,Yes,Yes,DSL,No,Yes,Yes,Yes,Yes,Yes,Two year,Yes,Bank transfer (automatic),87.11,6086.98,No
Female,0,No,Yes,67.0,Yes,Yes,DSL,Yes,Yes,Yes,Yes,Yes,Yes,Two year,No,Credit card (automatic),90.7,6145.32,No
Male,0,Yes,No,61.0,Yes,No,DSL,Yes,Yes,Yes,Yes,Yes,No,Two year,Yes,Credit card (automatic),86.47,5553.58,No
Male,0,No,No,44.0,Yes,Yes,DSL,No,Yes,No,Yes,Yes,No,One year,No,Electronic check,77.47,3732.0,No
Male,0,Yes,Yes,72.0,Yes,Yes,DSL,Yes,No,No,Yes,No,No,Two year,No,Bank transfer (automatic),64.94,5627.57,No
Female,0,Yes,Yes,60.0,Yes,Yes,DSL,No,Yes,Yes,Yes,Yes,Yes,Two year,Yes,Bank transfer (automatic),97.92,5673.72,No
Male,0,Yes,Yes,33.0,Yes,Yes,DSL,Yes,Yes,No,Yes,Yes,No,Two year,No,Mailed check,68.8,2639.91,No
Female,0,No,No,26.0,Yes,Yes,DSL,No,No,No,No,Yes,Yes,One year,No,Credit card (automatic),69.06,2161.11,No
Male,0,Yes,Yes,53.0,Yes,No,DSL,Yes,Yes,Yes,Yes,Yes,Yes,Two year,No,Mailed check,86.75,4866.23,No
Female,0,No,No,42.0,Yes,Yes,DSL,No,Yes,No,No,Yes,Yes,One year,Yes,Credit card (automatic),76.61,3509.74,No
Female,0,Yes,Yes,46.0,Yes,No,DSL,Yes,No,Yes,Yes,Yes,No,One year,Yes,Mailed check,70.79,3411.25,No
Female,0,Yes,Yes,47.0,Yes,No,DSL,No,Yes,No,Yes,No,No,One year,Yes,Credit card (automatic),58.27,3253.06,No
Female,0,Yes,No,58.0,Yes,No,DSL,Yes,Yes,Yes,Yes,No,Yes,Two year,Yes,Credit card (automatic),75.33,4694.77,No
Male,0,No,No,46.0,Yes,No,DSL,No,Yes,No,No,Yes,Yes,One year,Yes,Credit card (automatic),73.32,3476.18,No
Male,0,Yes,Yes,60.0,Yes,Yes,DSL,Yes,Yes,No,Yes,Yes,Yes,Two year,Yes,Bank transfer (automatic),84.03,5153.6,No
Male,0,No,No,44.0,Yes,Yes,DSL,Yes,No,No,Yes,No,No,Two year,Yes,Mailed check,64.9,3116.69,No
Male,0,Yes,No,72.0,Yes,Yes,DSL,Yes,Yes,No,Yes,Yes,Yes,Two year,No,Mailed check,76.68,5749.16,No
Male,0,No,Yes,72.0,Yes,Yes,DSL,No,Yes,Yes,Yes,No,No,Two year,Yes,Credit card (automatic),67.66,5862.78,No
Female,0,Yes,Yes,68.0,Yes,Yes,DSL,Yes,Yes,Yes,Yes,No,No,Two year,No,Bank transfer (automatic),74.63,5168.9,No
Male,0,Yes,Yes,48.0,Yes,No,DSL,Yes,Yes,Yes,No,Yes,Yes,One year,Yes,Credit card (automatic),81.67,3807.4,No
Female,0,Yes,No,48.0,Yes,Yes,DSL,Yes,Yes,Yes,Yes,Yes,Yes,Two year,No,Credit card (automatic),83.84,4338.9,No
Male,0,No,No,70.0,Yes,No,DSL,Yes,Yes,Yes,No,No,No,Two year,Yes,Mailed check,64.55,4909.86,No
Female,0,No,No,54.0,Yes,No,DSL,Yes,Yes,Yes,Yes,Yes,Yes,Two year,Yes,Credit card (automatic),83.07,4628.13,No
Male,0,Yes,No,43.0,Yes,No,DSL,No,No,No,Yes,Yes,Yes,One year,Yes,Credit card (automatic),76.82,3373.83,No
Female,0,Yes,No,41.0,Yes,No,DSL,Yes,Yes,Yes,Yes,No,No,Two year,Yes,Mailed check,66.34,3079.41,No
Female,0,Yes,No,57.0,Yes,No,DSL,Yes,Yes,Yes,Yes,No,Yes,One year,No,Credit card (automatic),69.66,3928.33,No
Male,0,Yes,No,59.0,Yes,No,DSL,No,No,Yes,Yes,Yes,Yes,Two year,Yes,Credit card (automatic),78.35,4363.88,No
Male,0,No,No,33.0,Yes,Yes,DSL,No,Yes,Yes,Yes,Yes,No,One year,No,Electronic check,73.63,2924.12,No
Female,0,Yes,Yes,66.0,Yes,No,DSL,Yes,Yes,No,Yes,No,Yes,Two year,Yes,Credit card (automatic),69.35,4748.46,No
Female,0,Yes,Yes,48.0,Yes,Yes,DSL,Yes,Yes,Yes,Yes,Yes,Yes,Two year,No,Bank transfer (automatic),84.69,4023.7,No
Female,1,Yes,Yes,61.0,Yes,Yes,DSL,No,Yes,Yes,Yes,Yes,Yes,Two year,Yes,Bank transfer (automatic),77.88,4479.63,No
Male,0,No,No,54.0,Yes,No,DSL,No,No,No,Yes,No,No,Two year,Yes,Mailed check,59.06,3269.7,No
Female,1,Yes,No,54.0,Yes,Yes,DSL,Yes,Yes,Yes,Yes,No,Yes,Two year,No,Bank transfer (automatic),76.19,4074.37,No
Male,1,Yes,Yes,72.0,Yes,Yes,DSL,Yes,Yes,Yes,Yes,Yes,No,Two year,No,Credit card (automatic),86.89,7529.05,No
Female,0,No,Yes,50.0,Yes,No,DSL,Yes,Yes,No,Yes,No,Yes,Two year,Yes,Mailed check,69.93,3822.1,No
Male,0,Yes,No,49.0,Yes,Yes,DSL,Yes,No,No,Yes,No,Yes,One year,Yes,Credit card (automatic),77.11,3947.59,No
Female,0,Yes,Yes,58.0,Yes,No,DSL,Yes,No,Yes,Yes,No,Yes,Two year,Yes,Bank transfer (automatic),67.3,3895.27,No
Male,0,No,Yes,39.0,Yes,No,DSL,Yes,Yes,No,No,Yes,No,One year,Yes,Credit card (automatic),62.46,2315.97,No
Female,0,Yes,Yes,54.0,Yes,No,DSL,Yes,No,No,No,No,Yes,Two year,No,Bank transfer (automatic),54.28,2902.07,No
Female,0,Yes,Yes,45.0,Yes,Yes,DSL,Yes,No,No,Yes,No,No,One year,No,Mailed check,61.42,2974.36,No
Female,0,Yes,Yes,28.0,Yes,Yes,DSL,Yes,No,No,No,No,Yes,One year,No,Bank transfer (automatic),59.76,1371.96,No
Female,1,Yes,No,72.0,Yes,Yes,DSL,Yes,Yes,Yes,Yes,No,Yes,Two year,No,Credit card (automatic),91.29,6676.03,No
Female,0,Yes,Yes,36.0,Yes,No,DSL,No,No,Yes,Yes,Yes,Yes,One year,No,Credit card (automatic),79.03,2856.73,No
Female,0,Yes,No,62.0,Yes,Yes,DSL,Yes,No,No,Yes,No,Yes,Two year,Yes,Credit card (automatic),68.42,4312.61,No
Male,0,Yes,Yes,72.0,Yes,Yes,DSL,No,Yes,Yes,Yes,Yes,Yes,Two year,No,Credit card (automatic),88.47,7396.77,No
Female,0,Yes,Yes,69.0,Yes,No,DSL,Yes,Yes,Yes,Yes,Yes,Yes,Two year,No,Credit card (automatic),77.63,5150.12,No
Female,1,No,No,57.0,Yes,Yes,DSL,No,No,Yes,Yes,No,No,One year,No,Credit card (automatic),63.07,3507.4,No
Female,0,Yes,No,44.0,Yes,Yes,DSL,Yes,No,No,Yes,Yes,Yes,Two year,No,Credit card (automatic),80.26,3337.08,No
Female,0,No,No,71.0,Yes,No,DSL,Yes,Yes,No,No,No,No,Two year,Yes,Credit card (automatic),51.34,4093.52,No
Female,0,Yes,No,72.0,Yes,No,DSL,Yes,Yes,Yes,Yes,Yes,No,Two year,No,Electronic check,85.93,6491.15,No
Female,0,Yes,Yes,44.0,Yes,Yes,DSL,Yes,Yes,Yes,No,No,No,Two year,Yes,Credit card (automatic),68.03,2770.48,No
Female,0,Yes,Yes,56.0,Yes,Yes,DSL,Yes,Yes,Yes,Yes,Yes,Yes,Two year,Yes,Electronic check,86.02,5025.56,No
Female,0,No,No,17.0,Yes,No,DSL,No,No,Yes,No,No,Yes,One year,No,Mailed check,64.16,894.36,No
Female,1,Yes,No,44.0,Yes,Yes,DSL,Yes,Yes,No,Yes,No,No,Two year,No,Mailed check,66.65,3160.24,No
Male,0,Yes,No,72.0,Yes,No,DSL,No,Yes,Yes,Yes,Yes,Yes,Two year,Yes,Credit card (automatic),83.72,5852.82,No
Female,0,Yes,No,45.0,Yes,No,DSL,No,Yes,No,Yes,No,No,One year,Yes,Credit card (automatic),62.57,3238.43,No
Female,0,No,No,46.0,Yes,No,DSL,No,Yes,Yes,No,No,Yes,Two year,No,Credit card (automatic),60.78,2700.85,No
Female,0,Yes,Yes,58.0,Yes,No,DSL,Yes,Yes,Yes,Yes,Yes,Yes,Two year,Yes,Bank transfer (automatic),93.72,5612.23,No
Male,0,No,No,11.0,Yes,Yes,DSL,Yes,No,No,No,No,No,One year,No,Credit card (automatic),50.03,451.25,No
Male,0,No,No,59.0,Yes,No,DSL,No,Yes,Yes,Yes,No,Yes,One year,No,Credit card (automatic),61.06,3794.25,No
Female,0,Yes,No,65.0,Yes,No,DSL,No,No,Yes,Yes,No,Yes,Two year,No,Mailed check,65.31,4441.72,No
Female,0,Yes,Yes,27.0,Yes,No,DSL,Yes,No,Yes,Yes,No,No,One year,No,Bank transfer (automatic),57.33,1530.79,No
Female,0,Yes,No,22.0,Yes,No,DSL,Yes,Yes,Yes,No,No,Yes,One year,Yes,Bank transfer (automatic),77.27,1650.0,No
Male,0,Yes,No,63.0,Yes,Yes,DSL,No,No,Yes,Yes,No,Yes,Two year,Yes,Credit card (automatic),72.52,4672.04,No
Male,0,Yes,Yes,49.0,Yes,No,DSL,Yes,No,No,Yes,No,Yes,Two year,Yes,Mailed check,70.85,3634.4,No
Female,0,Yes,Yes,59.0,Yes,Yes,DSL,Yes,Yes,Yes,Yes,Yes,Yes,Two year,Yes,Electronic check,88.34,5543.38,No
Female,0,Yes,Yes,72.0,Yes,Yes,DSL,Yes,Yes,No,Yes,Yes,No,Two year,Yes,Mailed check,75.72,5845.49,No
Female,0,No,Yes,27.0,Yes,No,DSL,Yes,No,No,Yes,No,No,One year,Yes,Bank transfer (automatic),49.08,1086.42,No
Female,0,Yes,No,67.0,Yes,Yes,DSL,No,No,No,Yes,Yes,Yes,Two year,No,Credit card (automatic),75.59,4878.73,No
Male,0,No,Yes,39.0,Yes,Yes,DSL,No,Yes,Yes,Yes,No,No,One year,No,Bank transfer (automatic),51.47,1645.75,No
Female,0,Yes,No,72.0,Yes,No,DSL,Yes,Yes,No,No,Yes,Yes,Two year,Yes,Electronic check,74.04,5926.05,No
Female,0,No,No,57.0,Yes,Yes,DSL,Yes,Yes,Yes,Yes,No,No,One year,Yes,Credit card (automatic),66.1,3480.88,No
Female,0,No,No,65.0,Yes,Yes,DSL,Yes,Yes,Yes,Yes,Yes,No,Two year,No,Electronic check,78.33,5046.47,No
Female,0,Yes,No,41.0,Yes,Yes,DSL,Yes,Yes,No,No,Yes,No,One year,Yes,Mailed check,76.09,2885.66,No
Female,0,No,No,61.0,Yes,No,DSL,Yes,No,Yes,No,Yes,Yes,Two year,Yes,Bank transfer (automatic),70.77,4369.46,No
Male,0,Yes,Yes,72.0,Yes,Yes,DSL,Yes,Yes,Yes,No,Yes,No,Two year,Yes,Bank transfer (automatic),74.49,6027.06,No
Male,0,Yes,No,65.0,Yes,No,DSL,Yes,No,Yes,Yes,Yes,Yes,Two year,No,Credit card (automatic),82.08,5059.07,No
Male,0,Yes,No,33.0,Yes,Yes,DSL,No,Yes,Yes,No,Yes,Yes,One year,Yes,Credit card (automatic),83.0,3296.55,No
Female,0,No,No,57.0,Yes,Yes,DSL,Yes,Yes,No,Yes,No,Yes,Two year,No,Mailed check,75.03,4009.33,No
Male,0,Yes,No,52.0,Yes,No,DSL,No,Yes,Yes,Yes,Yes,Yes,Two year,Yes,Credit card (automatic),75.47,3330.98,No
Male,0,Yes,Yes,47.0,Yes,No,DSL,Yes,Yes,Yes,Yes,No,Yes,Two year,No,Mailed check,73.33,3726.28,No
Female,0,Yes,Yes,66.0,Yes,Yes,DSL,Yes,No,Yes,Yes,Yes,Yes,One year,No,Bank transfer (automatic),91.92,5849.16,No
Female,0,Yes,Yes,56.0,Yes,No,DSL,Yes,No,Yes,Yes,Yes,No,One year,Yes,Electronic check,65.9,4133.58,No
Male,1,Yes,No,53.0,Yes,Yes,DSL,Yes,Yes,Yes,Yes,Yes,Yes,Two year,Yes,Credit card (automatic),85.0,4517.7,No
Male,1,No,No,51.0,Yes,Yes,DSL,No,Yes,Yes,Yes,No,No,One year,Yes,Credit card (automatic),69.58,3823.22,No
Male,0,Yes,No,21.0,Yes,Yes,DSL,No,Yes,Yes,Yes,No,Yes,One year,No,Mailed check,70.68,1540.27,No
Female,0,Yes,No,49.0,Yes,Yes,DSL,Yes,No,Yes,Yes,Yes,No,Two year,No,Electronic check,79.84,3645.78,No
Female,0,Yes,No,43.0,Yes,No,DSL,No,Yes,No,No,Yes,No,One year,Yes,Bank transfer (automatic),57.17,2618.1,No
Female,0,Yes,Yes,27.0,Yes,Yes,DSL,No,No,Yes,No,No,No,Two year,No,Credit card (automatic),56.95,1752.8,No
Female,0,Yes,Yes,28.0,Yes,Yes,DSL,No,No,Yes,No,Yes,No,One year,No,Electronic check,72.05,2259.89,No
Female,0,Yes,No,72.0,Yes,Yes,DSL,Yes,Yes,Yes,Yes,Yes,Yes,Two year,No,Bank transfer (automatic),97.67,7566.14,No
Male,0,Yes,No,72.0,Yes,Yes,DSL,Yes,No,Yes,Yes,No,Yes,Two year,Yes,Mailed check,102.52,8679.84,No
Female,0,No,No,61.0,Yes,Yes,DSL,Yes,Yes,Yes,No,Yes,Yes,Two year,No,Credit card (automatic),75.7,5212.55,No
Female,0,No,Yes,58.0,Yes,No,DSL,Yes,Yes,Yes,Yes,Yes,Yes,Two year,Yes,Credit card (automatic),81.68,4584.95,No
Male,0,No,No,72.0,Yes,Yes,DSL,No,No,Yes,No,No,Yes,One year,Yes,Bank transfer (automatic),75.18,6494.99,No
Male,0,No,No,37.0,Yes,No,DSL,Yes,No,No,Yes,Yes,Yes,One year,Yes,Mailed check,77.02,3047.5,No
Female,0,No,No,17.0,Yes,No,DSL,Yes,No,No,Yes,No,No,One year,No,Electronic check,50.83,708.57,No
Female,0,Yes,No,56.0,Yes,Yes,DSL,Yes,Yes,No,Yes,No,Yes,Two year,Yes,Mailed check,75.48,4254.79,No
Male,0,Yes,No,22.0,Yes,No,DSL,No,Yes,Yes,Yes,No,No,One year,No,Mailed check,61.67,1538.12,No
Female,0,Yes,Yes,32.0,Yes,Yes,DSL,No,Yes,No,No,No,No,Two year,No,Mailed check,58.52,1904.72,No
Female,0,Yes,Yes,57.0,Yes,No,DSL,Yes,Yes,Yes,Yes,No,Yes,Two year,Yes,Bank transfer (automatic),68.94,4344.0,No
Female,0,Yes,No,56.0,Yes,No,DSL,Yes,Yes,No,Yes,No,No,Two year,Yes,Mailed check,58.96,3668.61,No
Female,0,Yes,Yes,46.0,Yes,Yes,DSL,No,Yes,Yes,No,Yes,Yes,Two year,No,Credit card (automatic),87.06,4021.47,No
Male,0,No,No,63.0,Yes,Yes,DSL,Yes,Yes,Yes,No,No,No,Two year,Yes,Electronic check,68.25,4062.33,No
Male,1,Yes,No,65.0,Yes,Yes,DSL,No,No,Yes,Yes,Yes,No,One year,Yes,Credit card (automatic),72.17,4497.8,No
Male,0,Yes,No,36.0,Yes,No,DSL,No,Yes,Yes,No,Yes,Yes,One year,Yes,Credit card (automatic),72.83,2976.77,No
Female,0,Yes,Yes,34.0,Yes,No,DSL,Yes,Yes,No,No,No,No,One year,Yes,Electronic check,51.42,1433.52,No
Female,0,No,Yes,46.0,Yes,No,DSL,No,Yes,No,Yes,Yes,Yes,Two year,Yes,Mailed check,68.95,3508.52,No
Female,0,No,No,51.0,Yes,Yes,DSL,Yes,Yes,No,Yes,No,No,One year,Yes,Bank transfer (automatic),64.53,3578.33,No
Female,1,Yes,Yes,61.0,Yes,Yes,DSL,Yes,Yes,Yes,No,Yes,Yes,Two year,Yes,Credit card (automatic),80.99,4949.13,No
Male,0,Yes,No,66.0,Yes,Yes,DSL,Yes,Yes,Yes,Yes,Yes,No,Two year,No,Credit card (automatic),74.67,5102.33,No
Female,0,Yes,Yes,54.0,Yes,Yes,DSL,Yes,Yes,No,No,No,No,One year,Yes,Electronic check,65.6,3744.65,No
Male,0,Yes,Yes,65.0,Yes,Yes,DSL,Yes,Yes,Yes,Yes,No,Yes,Two year,Yes,Bank transfer (automatic),79.89,4965.93,No
Female,0,Yes,No,51.0,Yes,No,DSL,Yes,No,No,No,No,No,One year,No,Credit card (automatic),52.27,2565.19,No
Male,0,Yes,Yes,32.0,Yes,Yes,DSL,No,No,No,No,No,No,One year,Yes,Electronic check,45.7,1198.94,No
Male,1,Yes,Yes,46.0,Yes,No,DSL,Yes,No,No,Yes,Yes,No,One year,Yes,Mailed check,72.74,3120.94,No
Male,0,No,No,42.0,Yes,No,DSL,Yes,No,No,Yes,Yes,Yes,Two year,Yes,Bank transfer (automatic),71.62,2964.64,No
Male,0,Yes,Yes,19.0,Yes,Yes,DSL,Yes,Yes,Yes,No,No,Yes,One year,No,Credit card (automatic),72.44,1549.88,No
Male,0,Yes,Yes,36.0,Yes,No,DSL,No,Yes,No,Yes,Yes,No,One year,Yes,Credit card (automatic),68.17,2070.12,No
Female,0,Yes,Yes,60.0,Yes,No,DSL,No,Yes,Yes,Yes,Yes,Yes,Two year,Yes,Credit card (automatic),78.6,4685.49,No
Female,0,Yes,Yes,13.0,Yes,Yes,DSL,Yes,No,Yes,Yes,No,Yes,Two year,No,Bank transfer (automatic),75.96,1188.39,No
Male,0,Yes,Yes,40.0,Yes,No,DSL,Yes,No,Yes,Yes,Yes,Yes,Two year,No,Mailed check,73.44,3013.86,No
Male,0,Yes,No,33.0,Yes,Yes,DSL,Yes,Yes,Yes,Yes,Yes,Yes,Two year,Yes,Electronic check,81.03,3218.0,No
Male,0,No,No,14.0,Yes,No,DSL,No,No,No,Yes,Yes,Yes,One year,No,Mailed check,74.81,1260.43,No
Female,0,No,Yes,19.0,Yes,Yes,DSL,Yes,Yes,Yes,No,No,No,One year,Yes,Electronic check,66.09,1368.82,No
Female,0,No,Yes,52.0,Yes,Yes,DSL,Yes,Yes,Yes,No,Yes,Yes,Two year,Yes,Credit card (automatic),82.33,4622.06,No
Female,0,Yes,Yes,62.0,Yes,Yes,DSL,Yes,Yes,No,Yes,No,Yes,One year,Yes,Electronic check,68.05,4251.86,No
Female,0,No,Yes,53.0,Yes,No,DSL,Yes,No,No,No,No,No,Two year,Yes,Electronic check,56.01,2715.79,No
Male,1,No,No,65.0,Yes,Yes,DSL,Yes,Yes,Yes,Yes,No,No,Two year,No,Bank transfer (automatic),69.32,4080.25,No
Female,0,Yes,Yes,72.0,Yes,Yes,DSL,No,No,Yes,Yes,Yes,Yes,One year,Yes,Mailed check,83.06,6361.79,No
Female,0,Yes,No,48.0,Yes,No,DSL,Yes,Yes,Yes,No,No,No,Two year,Yes,Electronic check,57.01,2465.51,No
Male,0,No,No,18.0,Yes,No,DSL,Yes,No,No,Yes,Yes,Yes,One year,No,Mailed check,70.31,1257.38,No
Female,0,No,Yes,44.0,Yes,No,DSL,No,No,No,No,No,Yes,Two year,No,Bank transfer (automatic),53.54,2365.75,No
Female,1,Yes,No,72.0,Yes,Yes,DSL,No,No,Yes,Yes,Yes,No,Two year,No,Bank transfer (automatic),69.14,5582.0,No
Female,1,Yes,No,56.0,Yes,Yes,DSL,Yes,Yes,No,Yes,Yes,Yes,One year,No,Electronic check,80.02,4648.04,No
Male,0,Yes,Yes,33.0,Yes,No,DSL,Yes,No,No,No,No,No,Two year,Yes,Bank transfer (automatic),40.56,1097.46,No
Male,0,Yes,Yes,46.0,Yes,Yes,DSL,Yes,Yes,No,Yes,Yes,Yes,Two year,Yes,Bank transfer (automatic),75.93,3764.82,No
Male,0,No,Yes,43.0,Yes,Yes,DSL,No,Yes,Yes,No,Yes,Yes,One year,No,Bank transfer (automatic),76.27,3154.46,No
Female,1,No,No,63.0,Yes,Yes,DSL,No,Yes,No,Yes,Yes,No,One year,Yes,Bank transfer (automatic),82.39,5620.82,No
Female,0,Yes,Yes,53.0,Yes,Yes,DSL,Yes,Yes,Yes,Yes,Yes,Yes,Two year,No,Credit card (automatic),82.61,4510.53,No
Female,0,Yes,Yes,65.0,Yes,Yes,DSL,Yes,Yes,Yes,Yes,Yes,No,Two year,No,Bank transfer (automatic),75.25,5045.44,No
Female,0,Yes,Yes,26.0,Yes,Yes,DSL,No,No,Yes,Yes,Yes,Yes,Two year,No,Electronic check,80.99,2534.43,No
Male,0,No,Yes,67.0,Yes,Yes,DSL,Yes,Yes,Yes,Yes,Yes,Yes,Two year,Yes,Bank transfer (automatic),96.46,6232.05,No
Male,1,Yes,Yes,62.0,Yes,No,DSL,No,No,No,Yes,Yes,Yes,One year,Yes,Credit card (automatic),72.23,4616.87,No
Female,0,Yes,No,53.0,Yes,No,DSL,Yes,No,No,Yes,No,No,Two year,Yes,Mailed check,64.84,3459.52,No
Male,0,Yes,Yes,55.0,Yes,No,DSL,Yes,Yes,No,Yes,Yes,No,Two year,Yes,Bank transfer (automatic),72.53,4436.25,No
Male,0,Yes,No,72.0,Yes,Yes,DSL,Yes,Yes,Yes,Yes,Yes,No,Two year,Yes,Bank transfer (automatic),74.5,6455.67,No
Female,0,Yes,Yes,72.0,Yes,Yes,DSL,Yes,Yes,Yes,Yes,Yes,Yes,Two year,Yes,Credit card (automatic),100.72,6769.82,No
Female,0,Yes,No,10.0,Yes,No,DSL,No,No,No,Yes,No,Yes,One year,Yes,Bank transfer (automatic),64.52,529.02,No
Female,0,Yes,Yes,42.0,Yes,Yes,DSL,Yes,Yes,No,Yes,Yes,No,One year,No,Credit card (automatic),71.76,3627.24,No
Female,0,No,No,58.0,Yes,Yes,DSL,Yes,Yes,No,Yes,Yes,No,Two year,Yes,Bank transfer (automatic),73.89,4551.06,No
Female,1,Yes,No,58.0,Yes,Yes,DSL,Yes,Yes,No,Yes,No,No,One year,No,Credit card (automatic),69.53,3823.88,No
Male,0,No,No,39.0,Yes,No,DSL,Yes,No,Yes,Yes,No,No,Two year,No,Bank transfer (automatic),75.9,3243.09,No
Female,0,Yes,Yes,56.0,Yes,Yes,DSL,Yes,Yes,Yes,Yes,Yes,Yes,Two year,No,Mailed check,89.22,4805.2,No
Female,0,No,No,70.0,Yes,No,DSL,Yes,Yes,Yes,Yes,Yes,No,One year,Yes,Credit card (automatic),77.32,5586.71,No
Male,0,No,No,67.0,Yes,Yes,DSL,No,No,Yes,No,Yes,Yes,One year,Yes,Bank transfer (automatic),76.77,4666.82,No
Male,0,Yes,No,46.0,Yes,No,DSL,No,Yes,No,No,Yes,Yes,One year,Yes,Bank transfer (automatic),79.45,4075.08,No
Male,0,No,No,27.0,Yes,No,DSL,Yes,No,No,No,Yes,No,One year,Yes,Mailed check,51.92,1149.43,No
Male,0,Yes,No,53.0,Yes,No,DSL,Yes,Yes,Yes,No,Yes,Yes,Two year,No,Bank transfer (automatic),74.09,4038.77,No
Female,0,Yes,No,39.0,Yes,Yes,DSL,Yes,Yes,No,Yes,Yes,Yes,One year,No,Bank transfer (automatic),85.51,4013.73,No
Female,0,Yes,No,32.0,Yes,No,DSL,No,Yes,No,No,Yes,Yes,Two year,No,Credit card (automatic),72.12,2476.06,No
Male,0,No,Yes,33.0,Yes,Yes,DSL,No,Yes,Yes,No,No,Yes,Two year,No,Credit card (automatic),70.26,2611.38,No
Female,0,Yes,No,25.0,Yes,Yes,DSL,Yes,Yes,No,No,Yes,Yes,One year,No,Electronic check,90.38,2719.33,No
Female,0,No,No,35.0,Yes,No,DSL,Yes,No,No,Yes,Yes,No,Two year,Yes,Credit card (automatic),70.07,2829.86,No
Female,0,Yes,No,45.0,Yes,Yes,DSL,No,No,No,No,No,No,One year,No,Mailed check,47.65,1915.83,No
Male,0,Yes,Yes,72.0,Yes,Yes,DSL,Yes,Yes,Yes,Yes,Yes,No,Two year,Yes,Electronic check,82.87,5594.5,No
Female,0,Yes,Yes,17.0,Yes,Yes,DSL,No,Yes,Yes,No,No,No,Two year,No,Mailed check,62.6,1083.13,No
Male,0,Yes,No,68.0,Yes,Yes,DSL,No,No,Yes,No,No,Yes,Two year,Yes,Credit card (automatic),57.28,4139.92,No
Female,1,Yes,No,70.0,Yes,Yes,DSL,Yes,No,Yes,Yes,No,No,Two year,No,Electronic check,69.7,4686.39,No
Female,0,Yes,Yes,50.0,Yes,Yes,DSL,Yes,No,Yes,Yes,No,Yes,One year,Yes,Electronic check,82.08,3929.26,No
Male,0,No,No,65.0,Yes,Yes,DSL,Yes,No,Yes,No,No,No,Two year,Yes,Mailed check,59.14,3769.94,No
Female,0,No,No,63.0,Yes,Yes,DSL,Yes,No,Yes,Yes,No,Yes,Two year,No,Bank transfer (automatic),71.0,4419.39,No
Female,0,No,No,47.0,Yes,Yes,DSL,Yes,Yes,Yes,No,No,Yes,Two year,No,Credit card (automatic),78.76,3699.47,No
Male,0,Yes,No,58.0,Yes,No,DSL,Yes,Yes,No,Yes,No,Yes,Two year,No,Electronic check,75.88,4775.21,No
Male,0,Yes,Yes,43.0,Yes,No,DSL,No,No,Yes,No,Yes,No,Two year,Yes,Mailed check,62.82,2568.19,No
Female,0,No,No,46.0,Yes,Yes,DSL,Yes,Yes,No,Yes,Yes,Yes,Two year,No,Mailed check,84.88,4582.4,No
Male,0,Yes,Yes,65.0,Yes,No,DSL,Yes,Yes,No,Yes,Yes,Yes,Two year,No,Credit card (automatic),74.42,4946.63,No
Male,1,No,No,25.0,Yes,No,DSL,No,Yes,No,Yes,Yes,No,Two year,No,Bank transfer (automatic),63.67,1388.19,No
Female,0,No,Yes,48.0,Yes,Yes,DSL,Yes,No,No,Yes,Yes,Yes,One year,No,Credit card (automatic),82.56,4161.52,No
Male,0,Yes,Yes,58.0,Yes,No,DSL,Yes,No,Yes,No,Yes,No,Two year,No,Credit card (automatic),70.84,4129.12,No
Female,0,No,No,72.0,Yes,Yes,DSL,Yes,Yes,No,Yes,Yes,Yes,Two year,Yes,Bank transfer (automatic),87.68,6005.16,No
Female,0,Yes,No,49.0,Yes,Yes,DSL,No,Yes,No,No,No,Yes,One year,No,Mailed check,73.59,3630.45,No
Male,0,Yes,Yes,65.0,Yes,Yes,DSL,Yes,Yes,Yes,Yes,Yes,Yes,Two year,No,Mailed check,92.34,6142.94,No
Female,0,No,No,44.0,Yes,Yes,DSL,Yes,Yes,Yes,Yes,No,No,Two year,Yes,Bank transfer (automatic),73.59,3593.23,No
Male,0,Yes,No,36.0,Yes,Yes,DSL,Yes,No,Yes,Yes,Yes,Yes,Two year,No,Credit card (automatic),83.52,3447.74,No
Female,0,No,No,43.0,Yes,No,DSL,Yes,No,No,Yes,No,Yes,Two year,No,Mailed check,68.04,3308.45,No
Female,0,Yes,No,40.0,Yes,No,DSL,No,No,No,No,No,Yes,One year,No,Electronic check,61.52,2783.68,No
Male,0,Yes,Yes,49.0,Yes,No,DSL,No,No,No,Yes,No,No,One year,No,Credit card (automatic),47.19,2002.48,No
Female,0,Yes,Yes,72.0,Yes,Yes,DSL,Yes,No,Yes,No,Yes,Yes,Two year,Yes,Credit card (automatic),88.41,7660.93,No
Female,0,Yes,No,47.0,Yes,Yes,DSL,No,No,No,Yes,Yes,Yes,Two year,Yes,Mailed check,67.18,3383.23,No
Female,0,Yes,Yes,39.0,Yes,Yes,DSL,Yes,Yes,No,Yes,No,Yes,Two year,No,Electronic check,76.75,3143.21,No
Female,0,Yes,No,49.0,Yes,Yes,DSL,Yes,Yes,Yes,Yes,Yes,Yes,Two year,No,Mailed check,83.23,3851.46,No
Male,0,No,No,67.0,Yes,No,DSL,Yes,Yes,Yes,Yes,Yes,No,Two year,Yes,Electronic check,74.72,5383.34,No
Female,0,Yes,Yes,39.0,Yes,No,DSL,No,No,No,Yes,No,Yes,One year,No,Mailed check,61.1,2504.08,No
Female,0,Yes,No,63.0,Yes,No,DSL,Yes,Yes,Yes,Yes,No,No,One year,No,Credit card (automatic),74.05,4715.42,No
Male,0,Yes,No,72.0,Yes,Yes,DSL,Yes,No,No,No,Yes,Yes,Two year,Yes,Credit card (automatic),72.25,6083.89,No
Female,0,Yes,Yes,72.0,Yes,No,DSL,Yes,Yes,No,Yes,Yes,Yes,Two year,No,Bank transfer (automatic),73.23,5493.85,No
Male,0,No,No,50.0,Yes,Yes,DSL,Yes,Yes,Yes,Yes,No,Yes,One year,No,Credit card (automatic),78.97,4455.07,No
Female,0,Yes,No,23.0,Yes,Yes,DSL,Yes,No,No,No,No,No,One year,No,Bank transfer (automatic),58.01,1172.41,No
Female,0,Yes,No,69.0,Yes,Yes,DSL,Yes,No,Yes,Yes,Yes,Yes,Two year,Yes,Bank transfer (automatic),92.16,6086.45,No
Female,0,Yes,No,28.0,Yes,Yes,DSL,Yes,No,Yes,Yes,Yes,Yes,One year,No,Bank transfer (automatic),72.08,2396.36,No
Male,1,Yes,No,72.0,Yes,Yes,DSL,Yes,Yes,Yes,No,No,No,Two year,Yes,Credit card (automatic),66.96,5802.49,No
Male,0,Yes,Yes,27.0,Yes,Yes,DSL,Yes,No,Yes,Yes,Yes,Yes,One year,No,Mailed check,72.55,1949.16,No
Female,0,Yes,No,58.0,Yes,Yes,DSL,Yes,Yes,Yes,No,No,Yes,Two year,Yes,Mailed check,78.65,4609.52,No
Female,0,Yes,No,35.0,Yes,Yes,DSL,No,Yes,No,No,No,No,One year,Yes,Credit card (automatic),65.13,2174.94,No
Female,0,Yes,No,42.0,Yes,Yes,DSL,Yes,No,Yes,Yes,No,Yes,Two year,No,Mailed check,75.11,2940.77,No
Male,1,Yes,Yes,72.0,Yes,Yes,DSL,Yes,Yes,Yes,No,Yes,Yes,Two year,Yes,Electronic check,78.09,5837.12,No
Female,0,No,Yes,44.0,Yes,Yes,DSL,Yes,Yes,No,Yes,Yes,Yes,Two year,Yes,Mailed check,83.65,3775.64,No
Male,0,Yes,Yes,56.0,Yes,Yes,DSL,Yes,Yes,Yes,No,No,No,One year,No,Credit card (automatic),66.5,3818.88,No
Male,0,Yes,Yes,44.0,Yes,No,DSL,Yes,Yes,No,Yes,No,No,One year,No,Mailed check,56.95,2613.78,No
Male,0,No,No,72.0,Yes,Yes,DSL,Yes,No,No,Yes,No,No,Two year,No,Bank transfer (automatic),58.04,5029.28,No
Male,0,No,No,39.0,Yes,Yes,DSL,Yes,Yes,No,Yes,Yes,Yes,One year,Yes,Mailed check,83.54,3535.86,No
Female,0,Yes,Yes,48.0,Yes,Yes,DSL,Yes,Yes,Yes,Yes,Yes,Yes,One year,Yes,Bank transfer (automatic),87.1,4248.33,No
Male,0,No,No,17.0,Yes,No,DSL,No,No,No,No,No,No,One year,No,Electronic check,52.1,726.16,No
Female,0,Yes,No,43.0,Yes,Yes,DSL,Yes,Yes,No,No,No,No,One year,No,Mailed check,54.06,2483.14,No
Male,0,No,No,44.0,Yes,Yes,DSL,No,No,Yes,Yes,Yes,No,Two year,No,Credit card (automatic),69.7,2864.49,No
Male,0,No,No,71.0,Yes,Yes,DSL,Yes,Yes,Yes,Yes,No,Yes,Two year,Yes,Credit card (automatic),83.09,5797.43,No
Female,0,Yes,Yes,39.0,Yes,No,DSL,Yes,No,Yes,Yes,No,No,One year,No,Credit card (automatic),61.59,2481.72,No
Male,0,Yes,Yes,60.0,Yes,No,DSL,Yes,No,Yes,Yes,No,No,One year,Yes,Bank transfer (automatic),64.15,3967.3,No
Male,1,Yes,Yes,54.0,Yes,Yes,DSL,Yes,No,Yes,No,Yes,Yes,Two year,No,Credit card (automatic),83.12,4287.99,No
Male,0,No,Yes,42.0,Yes,Yes,DSL,No,Yes,Yes,Yes,Yes,No,Two year,Yes,Bank transfer (automatic),65.38,2796.29,No
Male,0,No,No,47.0,Yes,No,DSL,Yes,No,No,Yes,No,Yes,Two year,No,Mailed check,56.84,2367.37,No
Male,0,Yes,Yes,67.0,Yes,No,DSL,No,No,Yes,Yes,Yes,No,Two year,No,Bank transfer (automatic),60.45,4031.26,No
Male,0,No,Yes,58.0,Yes,Yes,DSL,Yes,No,Yes,Yes,Yes,No,Two year,Yes,Credit card (automatic),79.31,4788.77,No
Female,0,No,Yes,50.0,Yes,Yes,DSL,Yes,Yes,Yes,No,No,No,One year,Yes,Credit card (automatic),69.82,3596.67,No
Female,0,No,No,53.0,Yes,No,DSL,Yes,Yes,No,Yes,No,No,Two year,No,Bank transfer (automatic),68.54,3081.89,No
Male,0,No,No,56.0,Yes,Yes,DSL,No,Yes,Yes,Yes,No,No,One year,Yes,Credit card (automatic),60.44,3419.78,No
Male,0,Yes,Yes,41.0,Yes,No,DSL,Yes,Yes,Yes,No,Yes,Yes,Two year,Yes,Bank transfer (automatic),83.9,3723.22,No
Female,0,Yes,Yes,72.0,Yes,Yes,DSL,Yes,No,Yes,Yes,No,Yes,Two year,Yes,Bank transfer (automatic),89.19,6685.49,No
Male,0,Yes,Yes,51.0,Yes,No,DSL,No,No,No,Yes,Yes,Yes,One year,No,Electronic check,62.34,2935.31,No
Female,0,Yes,Yes,55.0,Yes,No,DSL,Yes,Yes,No,Yes,Yes,Yes,Two year,No,Credit card (automatic),79.56,4085.33,No
Female,0,Yes,Yes,72.0,Yes,No,DSL,No,No,Yes,Yes,Yes,No,Two year,Yes,Electronic check,66.75,5784.09,No
Male,0,Yes,No,59.0,Yes,No,DSL,No,Yes,No,No,Yes,No,Two year,Yes,Mailed check,64.19,4142.16,No
Female,0,Yes,Yes,61.0,Yes,Yes,DSL,Yes,Yes,No,Yes,No,No,One year,No,Bank transfer (automatic),66.71,4365.01,No
Male,0,Yes,No,52.0,Yes,Yes,DSL,Yes,No,No,Yes,No,Yes,One year,No,Mailed check,68.62,3641.93,No
Female,0,Yes,No,63.0,Yes,No,DSL,Yes,No,Yes,Yes,No,No,Two year,Yes,Mailed check,54.62,3308.17,No
Female,0,No,No,41.0,Yes,Yes,DSL,No,No,Yes,Yes,Yes,Yes,Two year,Yes,Credit card (automatic),73.93,3183.88,No
Male,0,No,No,41.0,Yes,No,DSL,Yes,No,No,No,No,No,One year,No,Bank transfer (automatic),56.79,2163.72,No
Female,0,Yes,Yes,40.0,Yes,No,DSL,Yes,Yes,Yes,Yes,Yes,No,One year,No,Electronic check,71.76,3454.37,No
Male,0,No,No,54.0,Yes,Yes,DSL,Yes,No,Yes,No,No,Yes,One year,Yes,Bank transfer (automatic),78.03,4610.78,No
Female,0,Yes,No,29.0,Yes,Yes,DSL,Yes,Yes,Yes,Yes,Yes,Yes,Two year,No,Electronic check,91.55,3195.26,No
Male,1,Yes,Yes,72.0,Yes,Yes,DSL,Yes,Yes,Yes,Yes,Yes,No,Two year,No,Bank transfer (automatic),88.68,6620.98,No
Female,0,Yes,Yes,55.0,Yes,Yes,DSL,No,No,Yes,Yes,No,No,One year,Yes,Mailed check,63.83,3356.85,No
Male,0,Yes,Yes,30.0,Yes,Yes,DSL,No,No,Yes,No,No,No,One year,No,Electronic check,56.68,1394.08,No
Male,0,No,Yes,28.0,Yes,No,DSL,Yes,Yes,Yes,No,Yes,No,One year,Yes,Bank transfer (automatic),65.78,2020.23,No
Female,0,No,Yes,22.0,Yes,No,DSL,No,No,Yes,Yes,Yes,Yes,One year,Yes,Bank transfer (automatic),75.56,1699.46,No
Female,0,No,No,45.0,Yes,No,DSL,No,No,Yes,Yes,No,Yes,One year,No,Bank transfer (automatic),60.21,2465.74,No
Female,0,Yes,No,45.0,Yes,Yes,DSL,No,No,Yes,Yes,No,No,One year,Yes,Credit card (automatic),63.68,3007.27,No
Female,0,Yes,Yes,58.0,Yes,Yes,DSL,No,No,Yes,Yes,Yes,No,Two year,Yes,Bank transfer (automatic),78.43,4766.78,No
Female,0,Yes,Yes,66.0,Yes,No,DSL,Yes,Yes,Yes,No,Yes,No,Two year,Yes,Bank transfer (automatic),69.85,4430.52,No
Male,0,Yes,Yes,63.0,Yes,Yes,DSL,Yes,Yes,No,Yes,No,No,Two year,Yes,Bank transfer (automatic),65.8,4447.79,No
Male,0,Yes,No,46.0,Yes,Yes,DSL,Yes,Yes,Yes,Yes,Yes,Yes,Two year,Yes,Credit card (automatic),81.92,3729.12,No
Male,0,No,No,34.0,Yes,No,DSL,Yes,Yes,Yes,No,No,No,One year,Yes,Bank transfer (automatic),65.48,1968.75,No
Male,0,Yes,Yes,52.0,Yes,Yes,DSL,No,Yes,Yes,No,No,Yes,Two year,No,Bank transfer (automatic),73.41,3763.51,No
Male,0,Yes,Yes,37.0,Yes,No,DSL,Yes,No,No,Yes,No,Yes,Two year,Yes,Bank transfer (automatic),60.89,2711.4,No
Female,0,No,Yes,52.0,Yes,Yes,DSL,Yes,Yes,Yes,No,Yes,No,One year,Yes,Electronic check,77.88,4383.52,No
Male,0,Yes,No,52.0,Yes,Yes,DSL,Yes,Yes,Yes,Yes,Yes,Yes,Two year,No,Credit card (automatic),84.95,4503.09,No
Female,0,No,Yes,15.0,Yes,No,DSL,No,No,Yes,Yes,Yes,No,One year,Yes,Mailed check,61.49,859.85,No
Female,0,No,No,28.0,Yes,Yes,DSL,No,No,No,Yes,Yes,Yes,One year,Yes,Mailed check,70.1,1816.78,No
Male,0,Yes,Yes,59.0,Yes,No,DSL,No,Yes,No,No,Yes,No,One year,Yes,Credit card (automatic),65.3,3810.17,No
Male,0,No,No,63.0,Yes,Yes,DSL,Yes,No,Yes,Yes,Yes,Yes,Two year,Yes,Credit card (automatic),86.64,5400.31,No
Female,0,No,No,72.0,Yes,Yes,DSL,Yes,Yes,Yes,Yes,Yes,No,Two year,No,Bank transfer (automatic),75.14,5476.27,No
Male,0,No,No,37.0,Yes,No,DSL,No,Yes,Yes,No,No,Yes,One year,No,Mailed check,67.03,2334.08,No
Male,0,Yes,Yes,63.0,Yes,Yes,DSL,Yes,No,No,Yes,No,No,One year,Yes,Mailed check,56.69,3651.81,No
Female,0,Yes,Yes,70.0,Yes,No,DSL,Yes,Yes,Yes,Yes,Yes,Yes,Two year,Yes,Bank transfer (automatic),104.37,7053.82,No
Female,0,Yes,Yes,59.0,Yes,Yes,DSL,No,No,Yes,No,Yes,Yes,One year,No,Electronic check,80.38,4740.69,No
Female,1,No,No,22.0,Yes,Yes,DSL,Yes,No,Yes,Yes,No,No,One year,No,Credit card (automatic),60.7,1199.26,No
Female,0,Yes,No,44.0,Yes,No,DSL,No,No,Yes,Yes,Yes,Yes,Two year,Yes,Bank transfer (automatic),78.85,3672.19,No
Male,1,Yes,Yes,72.0,Yes,Yes,DSL,No,No,Yes,No,No,No,Two year,Yes,Bank transfer (automatic),64.33,4722.08,No
Male,0,Yes,Yes,55.0,Yes,No,DSL,Yes,Yes,Yes,No,Yes,No,One year,Yes,Bank transfer (automatic),69.39,4205.74,No
Female,0,No,Yes,72.0,Yes,Yes,DSL,No,Yes,Yes,No,Yes,No,Two year,No,Mailed check,72.38,6271.67,No
Male,0,Yes,Yes,69.0,Yes,Yes,DSL,No,No,Yes,No,Yes,Yes,Two year,Yes,Electronic check,78.3,5716.15,No
Female,0,Yes,No,55.0,Yes,No,DSL,Yes,No,Yes,Yes,Yes,No,One year,Yes,Mailed check,66.38,3392.55,No
Male,0,Yes,No,72.0,Yes,Yes,DSL,Yes,Yes,Yes,Yes,No,Yes,Two year,No,Credit card (automatic),75.86,6104.08,No
Male,1,Yes,No,52.0,Yes,Yes,DSL,Yes,No,Yes,Yes,Yes,No,Two year,Yes,Bank transfer (automatic),67.38,3705.11,No
Female,0,Yes,Yes,22.0,Yes,No,DSL,Yes,No,Yes,Yes,No,Yes,Two year,No,Mailed check,69.1,1777.27,No
Male,0,Yes,No,46.0,Yes,Yes,DSL,No,No,Yes,Yes,Yes,Yes,Two year,No,Credit card (automatic),75.84,3658.16,No
Male,0,Yes,No,54.0,Yes,Yes,DSL,Yes,No,No,Yes,No,No,One year,No,Bank transfer (automatic),62.96,3412.14,No
Male,0,Yes,No,58.0,Yes,No,DSL,Yes,Yes,Yes,Yes,No,No,Two year,Yes,Electronic check,60.17,3311.11,No
Female,0,Yes,Yes,48.0,Yes,No,DSL,Yes,Yes,Yes,No,Yes,No,Two year,No,Bank transfer (automatic),61.84,2714.81,No
Female,0,No,No,49.0,Yes,No,DSL,Yes,Yes,Yes,Yes,Yes,Yes,One year,No,Mailed check,78.07,3362.97,No
Male,0,Yes,No,68.0,Yes,Yes,DSL,Yes,Yes,Yes,Yes,No,No,One year,Yes,Bank transfer (automatic),77.55,5360.26,No
Male,0,Yes,No,67.0,Yes,Yes,DSL,Yes,Yes,Yes,Yes,Yes,Yes,Two year,No,Credit card (automatic),89.12,5846.57,No
Male,0,No,No,50.0,Yes,No,DSL,Yes,Yes,Yes,Yes,No,Yes,Two year,No,Bank transfer (automatic),77.02,3951.34,No
Male,0,No,No,65.0,Yes,Yes,DSL,Yes,Yes,No,Yes,No,Yes,Two year,Yes,Bank transfer (automatic),72.27,4685.93,No
Male,0,No,No,66.0,Yes,No,DSL,Yes,Yes,Yes,Yes,No,No,Two year,No,Bank transfer (automatic),65.86,4297.67,No
Male,0,Yes,Yes,44.0,Yes,No,DSL,Yes,Yes,Yes,Yes,No,Yes,Two year,Yes,Mailed check,76.73,3478.96,No
Female,0,Yes,Yes,47.0,Yes,Yes,DSL,No,Yes,Yes,Yes,Yes,No,One year,No,Electronic check,73.96,3727.94,No
Female,0,Yes,Yes,24.0,Yes,Yes,DSL,No,No,No,Yes,Yes,No,One year,No,Credit card (automatic),58.49,1382.84,No
Male,0,Yes,No,56.0,Yes,No,DSL,Yes,Yes,Yes,Yes,Yes,Yes,Two year,No,Credit card (automatic),88.01,4882.31,No
Female,0,Yes,No,56.0,Yes,Yes,DSL,No,Yes,Yes,No,No,No,Two year,No,Credit card (automatic),65.26,3625.6,No
Female,0,Yes,Yes,39.0,Yes,Yes,DSL,Yes,Yes,No,Yes,Yes,No,Two year,No,Bank transfer (automatic),83.09,3359.45,No
Male,0,Yes,No,31.0,Yes,No,DSL,Yes,No,No,No,No,Yes,One year,No,Bank transfer (automatic),70.26,2386.11,No
Female,0,Yes,Yes,59.0,Yes,Yes,DSL,Yes,Yes,Yes,Yes,Yes,Yes,Two year,Yes,Bank transfer (automatic),82.13,5269.94,No
Male,0,Yes,No,49.0,Yes,Yes,DSL,Yes,Yes,Yes,Yes,Yes,Yes,One year,No,Electronic check,93.29,5011.02,No
Female,0,Yes,Yes,72.0,Yes,Yes,DSL,Yes,Yes,Yes,Yes,Yes,Yes,Two year,Yes,Electronic check,105.04,7660.44,No
Female,0,Yes,Yes,40.0,Yes,Yes,DSL,Yes,No,No,Yes,No,No,One year,Yes,Bank transfer (automatic),59.56,2308.16,No
Female,0,Yes,Yes,37.0,Yes,No,DSL,Yes,No,Yes,Yes,No,Yes,One year,No,Credit card (automatic),71.98,2764.95,No
Male,0,No,Yes,18.0,Yes,No,DSL,No,No,Yes,No,Yes,Yes,One year,Yes,Electronic check,74.82,1620.8,No
Female,0,No,Yes,64.0,Yes,Yes,DSL,Yes,Yes,Yes,Yes,No,No,Two year,No,Credit card (automatic),74.43,4580.28,No
Male,0,Yes,Yes,52.0,Yes,Yes,DSL,Yes,Yes,Yes,Yes,Yes,No,Two year,No,Credit card (automatic),81.64,4277.51,No
Female,0,No,No,54.0,Yes,No,DSL,Yes,No,Yes,Yes,Yes,Yes,Two year,Yes,Credit card (automatic),73.92,4102.94,No
Male,0,Yes,No,66.0,Yes,Yes,DSL,Yes,Yes,Yes,Yes,No,No,Two year,No,Bank transfer (automatic),66.34,4507.73,No
Female,0,No,No,25.0,Yes,Yes,DSL,Yes,No,Yes,No,No,No,One year,Yes,Electronic check,65.56,1507.13,No
Female,0,Yes,Yes,38.0,Yes,No,DSL,No,Yes,No,Yes,Yes,No,One year,Yes,Mailed check,66.07,2688.7,No
Female,0,Yes,Yes,32.0,Yes,No,DSL,Yes,No,No,No,No,No,One year,No,Bank transfer (automatic),61.35,1681.11,No
Female,0,Yes,No,72.0,Yes,Yes,DSL,No,Yes,Yes,No,Yes,Yes,One year,No,Bank transfer (automatic),75.55,6307.12,No
Male,0,Yes,No,31.0,Yes,Yes,DSL,Yes,No,Yes,Yes,No,Yes,One year,No,Electronic check,74.39,2754.66,No
Male,0,Yes,No,61.0,Yes,No,DSL,Yes,Yes,Yes,Yes,No,Yes,Two year,No,Credit card (automatic),79.52,4905.38,No
Male,0,No,No,61.0,Yes,No,DSL,Yes,Yes,Yes,Yes,Yes,No,Two year,No,Credit card (automatic),83.98,5664.35,No
Male,0,No,Yes,37.0,Yes,No,DSL,Yes,Yes,Yes,Yes,No,Yes,Two year,No,Credit card (automatic),69.73,2856.33,No
Female,0,Yes,Yes,12.0,Yes,No,DSL,Yes,No,Yes,Yes,Yes,Yes,One year,Yes,Mailed check,71.87,952.52,No
Female,0,Yes,Yes,72.0,Yes,Yes,DSL,Yes,Yes,No,Yes,No,Yes,Two year,Yes,Mailed check,76.85,5742.6,No
Female,0,No,Yes,49.0,Yes,Yes,DSL,Yes,No,Yes,No,Yes,Yes,Two year,No,Credit card (automatic),74.63,4088.34,No
Female,0,No,No,59.0,Yes,No,DSL,Yes,Yes,Yes,Yes,No,No,One year,No,Mailed check,60.03,3719.18,No
Male,0,Yes,No,59.0,Yes,Yes,DSL,No,Yes,No,Yes,No,No,One year,No,Bank transfer (automatic),67.37,4269.14,No
Female,0,Yes,No,66.0,Yes,Yes,DSL,Yes,Yes,No,Yes,Yes,Yes,Two year,Yes,Bank transfer (automatic),82.03,5037.37,No
Female,0,No,No,28.0,Yes,No,DSL,Yes,Yes,No,Yes,Yes,No,Two year,No,Credit card (automatic),69.48,2020.23,No
Female,0,Yes,Yes,72.0,Yes,No,DSL,Yes,Yes,Yes,Yes,Yes,Yes,Two year,Yes,Credit card (automatic),82.02,5854.3,No
Male,0,Yes,No,72.0,Yes,Yes,DSL,No,Yes,No,No,Yes,No,Two year,Yes,Credit card (automatic),63.8,4981.77,No
Female,0,Yes,Yes,37.0,Yes,No,DSL,Yes,Yes,Yes,Yes,Yes,Yes,Two year,No,Mailed check,78.38,3490.17,No
Male,0,No,Yes,64.0,Yes,Yes,DSL,Yes,Yes,Yes,Yes,Yes,Yes,Two year,Yes,Credit card (automatic),87.11,5340.19,No
Female,0,Yes,No,0.0,Yes,No,DSL,No,No,Yes,No,No,No,One year,No,Credit card (automatic),48.85,0.0,No
Male,0,Yes,Yes,22.0,Yes,No,DSL,No,Yes,No,No,No,No,One year,Yes,Electronic check,54.4,981.22,No
Female,0,Yes,Yes,23.0,Yes,No,DSL,Yes,Yes,Yes,No,Yes,Yes,Two year,Yes,Mailed check,86.75,2401.36,No
Male,0,Yes,Yes,72.0,Yes,Yes,DSL,No,Yes,Yes,No,No,No,Two year,No,Credit card (automatic),73.02,6102.25,No
Female,0,No,No,52.0,Yes,No,DSL,No,Yes,No,Yes,Yes,No,Two year,Yes,Mailed check,60.3,3042.43,No
Male,0,Yes,Yes,43.0,Yes,Yes,DSL,No,No,Yes,Yes,Yes,Yes,One year,No,Electronic check,79.32,3361.68,No
Female,1,No,No,72.0,Yes,Yes,DSL,Yes,No,Yes,No,Yes,Yes,Two year,Yes,Bank transfer (automatic),83.0,6617.49,No
Male,0,Yes,Yes,43.0,Yes,No,DSL,Yes,No,Yes,Yes,Yes,Yes,Two year,No,Credit card (automatic),75.04,3456.39,No
Female,0,Yes,No,38.0,Yes,Yes,DSL,Yes,No,Yes,No,No,No,Two year,No,Mailed check,65.99,2378.85,No
Female,0,No,Yes,36.0,Yes,No,DSL,Yes,Yes,Yes,No,No,Yes,One year,No,Bank transfer (automatic),68.28,2361.07,No
Male,0,Yes,Yes,61.0,Yes,No,DSL,Yes,Yes,Yes,Yes,No,Yes,Two year,No,Mailed check,81.9,5234.47,No
Female,0,No,Yes,44.0,Yes,No,DSL,Yes,Yes,Yes,Yes,No,No,One year,No,Credit card (automatic),69.55,3026.99,No
Male,0,Yes,Yes,45.0,Yes,No,DSL,Yes,Yes,Yes,No,No,No,One year,No,Bank transfer (automatic),66.79,3092.74,No
Female,0,Yes,No,33.0,Yes,No,DSL,Yes,No,Yes,No,Yes,Yes,One year,Yes,Bank transfer (automatic),68.41,2066.72,No
Female,0,Yes,No,65.0,Yes,Yes,DSL,Yes,Yes,Yes,Yes,No,No,Two year,No,Bank transfer (automatic),87.13,5428.91,No
Female,0,Yes,No,72.0,Yes,No,DSL,Yes,Yes,No,Yes,Yes,No,Two year,No,Credit card (automatic),61.55,5333.84,No
Female,0,Yes,Yes,72.0,Yes,Yes,DSL,Yes,No,Yes,Yes,Yes,Yes,Two year,Yes,Bank transfer (automatic),82.61,5257.69,No
Female,0,No,No,55.0,Yes,No,DSL,Yes,Yes,No,Yes,Yes,Yes,One year,No,Bank transfer (automatic),98.54,5485.01,No
Female,0,Yes,No,60.0,Yes,No,DSL,Yes,No,No,No,No,No,One year,No,Bank transfer (automatic),62.68,3975.46,No
Female,1,No,No,37.0,Yes,No,DSL,No,No,Yes,No,No,Yes,One year,Yes,Credit card (automatic),61.66,1870.58,No
Male,0,Yes,Yes,46.0,Yes,No,DSL,Yes,No,Yes,Yes,No,No,Two year,No,Bank transfer (automatic),67.26,3418.68,No
Male,0,Yes,Yes,59.0,Yes,Yes,DSL,Yes,Yes,Yes,No,No,No,One year,No,Bank transfer (automatic),65.37,4083.5,No
Female,0,No,Yes,38.0,Yes,Yes,DSL,No,No,No,Yes,Yes,Yes,One year,Yes,Electronic check,73.09,2702.21,No
Male,0,Yes,Yes,44.0,Yes,Yes,DSL,No,Yes,No,Yes,Yes,No,Two year,Yes,Credit card (automatic),72.55,3490.48,No
Female,0,Yes,Yes,32.0,Yes,Yes,DSL,Yes,No,No,Yes,No,No,Two year,Yes,Bank transfer (automatic),63.32,1909.15,No
Female,0,Yes,No,53.0,Yes,No,DSL,Yes,Yes,Yes,No,No,Yes,Two year,Yes,Credit card (automatic),67.27,3862.49,No
Male,0,Yes,No,49.0,Yes,No,DSL,Yes,No,Yes,Yes,Yes,Yes,One year,Yes,Electronic check,81.84,4304.62,No
Male,0,Yes,Yes,51.0,Yes,No,DSL,No,Yes,Yes,No,No,No,One year,No,Credit card (automatic),57.69,2940.85,No
Male,1,Yes,Yes,63.0,Yes,Yes,DSL,No,Yes,Yes,Yes,Yes,Yes,Two year,Yes,Credit card (automatic),90.75,5295.28,No
Male,0,Yes,Yes,34.0,Yes,Yes,DSL,No,No,No,Yes,Yes,Yes,Two year,No,Credit card (automatic),78.52,2938.87,No
Male,1,Yes,No,68.0,Yes,Yes,DSL,No,No,No,Yes,No,No,One year,No,Bank transfer (automatic),54.66,3918.76,No
Male,0,No,No,24.0,Yes,No,DSL,Yes,No,No,Yes,No,No,One year,No,Bank transfer (automatic),62.11,1222.18,No
Female,0,Yes,Yes,56.0,Yes,Yes,DSL,No,Yes,Yes,No,Yes,Yes,Two year,No,Credit card (automatic),77.97,4749.46,No
Male,0,No,No,57.0,Yes,No,DSL,Yes,No,No,Yes,No,Yes,One year,Yes,Bank transfer (automatic),64.42,4061.17,No
Female,0,No,No,35.0,Yes,Yes,DSL,No,Yes,No,No,No,Yes,One year,No,Credit card (automatic),64.48,1850.31,No
Male,0,Yes,No,62.0,Yes,Yes,DSL,No,No,Yes,Yes,Yes,Yes,Two year,No,Credit card (automatic),89.47,5163.91,No
Female,0,Yes,No,45.0,Yes,No,DSL,Yes,Yes,Yes,Yes,Yes,Yes,Two year,No,Credit card (automatic),79.15,3589.01,No
Male,0,Yes,Yes,72.0,Yes,Yes,DSL,Yes,Yes,Yes,No,Yes,No,Two year,Yes,Credit card (automatic),73.24,5934.9,No
Female,0,Yes,No,72.0,Yes,Yes,DSL,Yes,Yes,Yes,Yes,Yes,Yes,Two year,Yes,Bank transfer (automatic),77.65,5883.88,No
Female,0,Yes,No,53.0,Yes,Yes,DSL,No,Yes,Yes,No,Yes,No,Two year,Yes,Mailed check,67.81,4036.01,No
Male,0,No,No,24.0,Yes,No,DSL,Yes,No,Yes,Yes,No,Yes,One year,Yes,Credit card (automatic),68.56,1980.44,No
Female,0,No,No,44.0,Yes,No,DSL,Yes,No,Yes,Yes,No,Yes,Two year,Yes,Mailed check,57.36,2277.58,No
Male,0,Yes,Yes,49.0,Yes,Yes,DSL,No,No,Yes,Yes,Yes,Yes,Two year,Yes,Bank transfer (automatic),79.96,4317.51,No
Male,0,No,No,26.0,Yes,Yes,DSL,Yes,No,Yes,Yes,Yes,Yes,One year,No,Credit card (automatic),82.91,2594.46,No
Male,0,Yes,No,72.0,Yes,Yes,DSL,Yes,No,Yes,Yes,Yes,Yes,Two year,No,Credit card (automatic),98.06,8012.46,No
Male,0,Yes,No,46.0,Yes,Yes,DSL,No,Yes,Yes,Yes,Yes,Yes,Two year,No,Bank transfer (automatic),80.83,3924.84,No
Male,0,Yes,Yes,51.0,Yes,Yes,DSL,No,Yes,No,No,Yes,No,One year,Yes,Mailed check,63.93,3258.09,No
Male,1,Yes,Yes,57.0,Yes,Yes,DSL,Yes,No,Yes,No,Yes,Yes,Two year,No,Credit card (automatic),77.88,4275.74,No
Female,0,Yes,No,72.0,Yes,Yes,DSL,Yes,No,Yes,Yes,No,No,One year,No,Mailed check,69.27,5359.61,No
Female,0,No,No,56.0,Yes,No,DSL,Yes,Yes,Yes,Yes,Yes,Yes,Two year,Yes,Mailed check,88.92,4753.39,No
Male,0,Yes,Yes,41.0,Yes,Yes,DSL,No,Yes,Yes,No,Yes,No,One year,Yes,Electronic check,74.44,2998.31,No
Female,0,Yes,Yes,38.0,Yes,Yes,DSL,No,No,No,Yes,No,No,Two year,Yes,Credit card (automatic),55.24,2139.24,No
Female,0,No,No,37.0,Yes,Yes,DSL,No,No,No,Yes,Yes,No,Two year,No,Credit card (automatic),63.8,2540.03,No
Male,0,Yes,No,59.0,Yes,Yes,DSL,No,Yes,Yes,Yes,No,Yes,Two year,No,Bank transfer (automatic),73.63,4410.01,No
Female,0,No,No,62.0,Yes,No,DSL,Yes,No,Yes,Yes,Yes,Yes,Two year,Yes,Credit card (automatic),78.9,5273.42,No
Female,0,Yes,Yes,69.0,Yes,No,DSL,Yes,Yes,Yes,Yes,Yes,No,Two year,Yes,Mailed check,87.7,6081.67,No
Female,0,Yes,Yes,53.0,Yes,Yes,DSL,Yes,No,No,No,No,No,One year,Yes,Bank transfer (automatic),65.97,3508.62,No
Female,0,Yes,Yes,71.0,Yes,Yes,DSL,No,Yes,No,No,No,No,Two year,Yes,Mailed check,54.32,4458.69,No
Male,0,Yes,Yes,48.0,Yes,Yes,DSL,No,Yes,Yes,Yes,No,No,One year,No,Bank transfer (automatic),65.0,3194.39,No
Female,0,Yes,No,72.0,Yes,Yes,DSL,No,No,Yes,Yes,Yes,No,Two year,Yes,Bank transfer (automatic),80.44,6290.25,No
Male,0,No,No,23.0,Yes,No,DSL,No,No,No,Yes,No,No,One year,Yes,Electronic check,47.1,888.18,No
Male,0,Yes,Yes,19.0,Yes,Yes,DSL,No,No,Yes,No,Yes,Yes,Two year,Yes,Bank transfer (automatic),79.99,1829.16,No
Female,1,Yes,Yes,70.0,Yes,Yes,DSL,Yes,No,Yes,Yes,Yes,Yes,One year,Yes,Bank transfer (automatic),80.94,5846.75,No
Female,0,Yes,No,67.0,Yes,Yes,DSL,No,Yes,Yes,Yes,Yes,No,Two year,Yes,Bank transfer (automatic),78.53,5288.67,No
Female,0,No,No,61.0,Yes,No,DSL,No,Yes,Yes,Yes,No,No,One year,No,Credit card (automatic),60.01,3568.17,No
Female,0,Yes,No,43.0,Yes,Yes,DSL,No,No,Yes,Yes,Yes,Yes,Two year,Yes,Electronic check,87.76,4270.7,No
Female,0,Yes,No,49.0,Yes,Yes,DSL,Yes,Yes,No,Yes,Yes,No,Two year,No,Electronic check,70.98,3116.75,No
Female,0,Yes,No,72.0,Yes,Yes,DSL,Yes,Yes,Yes,Yes,Yes,Yes,Two year,No,Bank transfer (automatic),98.37,8271.16,No
Female,0,Yes,Yes,72.0,Yes,No,DSL,Yes,Yes,Yes,Yes,No,No,Two year,Yes,Bank transfer (automatic),64.5,5096.83,No
Female,0,Yes,No,40.0,Yes,Yes,DSL,No,Yes,Yes,Yes,Yes,Yes,One year,Yes,Bank transfer (automatic),80.41,2941.27,No
Male,0,No,Yes,45.0,Yes,Yes,DSL,Yes,Yes,Yes,Yes,Yes,Yes,One year,Yes,Credit card (automatic),86.65,3734.18,No
Male,0,Yes,No,48.0,Yes,Yes,DSL,No,No,Yes,No,Yes,No,Two year,No,Mailed check,65.82,2992.6,No
Male,0,Yes,No,42.0,Yes,No,DSL,No,No,Yes,No,No,No,Two year,No,Bank transfer (automatic),54.88,2132.95,No
Male,0,Yes,Yes,50.0,Yes,No,DSL,Yes,Yes,No,No,Yes,Yes,Two year,No,Credit card (automatic),71.85,3967.4,No
Female,0,Yes,Yes,41.0,Yes,No,DSL,Yes,Yes,Yes,Yes,Yes,No,Two year,No,Electronic check,59.06,2645.17,No
Male,0,Yes,No,53.0,Yes,Yes,DSL,Yes,No,Yes,No,No,No,Two year,No,Mailed check,67.73,3706.32,No
Male,0,Yes,Yes,32.0,Yes,No,DSL,Yes,No,Yes,No,No,No,One year,Yes,Mailed check,50.32,1320.26,No
Male,0,Yes,Yes,72.0,Yes,No,DSL,Yes,Yes,Yes,Yes,Yes,No,Two year,Yes,Bank transfer (automatic),65.56,4738.88,No
Male,0,Yes,No,39.0,Yes,No,DSL,No,Yes,No,Yes,Yes,No,One year,No,Mailed check,63.37,2411.89,No
Female,0,Yes,Yes,56.0,Yes,No,DSL,Yes,No,Yes,No,No,No,Two year,Yes,Credit card (automatic),45.23,2423.61,No
Female,0,No,No,34.0,Yes,Yes,DSL,Yes,Yes,Yes,No,Yes,No,One year,No,Credit card (automatic),70.98,2266.92,No
Female,0,No,Yes,56.0,Yes,Yes,DSL,Yes,Yes,Yes,No,Yes,Yes,Two year,Yes,Credit card (automatic),77.15,4295.01,No
Male,0,Yes,Yes,62.0,Yes,No,DSL,Yes,Yes,No,Yes,Yes,No,Two year,Yes,Bank transfer (automatic),74.94,4740.87,No
Female,0,Yes,Yes,52.0,Yes,No,DSL,Yes,No,Yes,Yes,Yes,Yes,One year,No,Mailed check,86.01,4713.06,No
Female,0,Yes,Yes,61.0,Yes,No,DSL,No,Yes,Yes,No,Yes,Yes,One year,Yes,Credit card (automatic),87.69,5104.26,No
Male,0,Yes,Yes,42.0,Yes,No,DSL,No,Yes,No,Yes,Yes,No,Two year,Yes,Mailed check,71.34,3342.53,No
Male,0,Yes,No,32.0,Yes,No,DSL,No,Yes,Yes,Yes,Yes,No,One year,No,Mailed check,62.62,2108.45,No
Male,0,Yes,Yes,41.0,Yes,No,DSL,Yes,Yes,No,Yes,No,No,One year,No,Bank transfer (automatic),57.66,2080.87,No
Male,0,Yes,Yes,41.0,Yes,Yes,DSL,Yes,No,Yes,Yes,Yes,No,One year,No,Credit card (automatic),75.23,3069.3,No
Male,0,No,No,48.0,Yes,No,DSL,Yes,Yes,No,Yes,No,No,One year,No,Mailed check,56.01,2267.67,No
Female,0,Yes,Yes,42.0,Yes,Yes,DSL,Yes,Yes,No,No,No,No,One year,No,Credit card (automatic),58.89,2456.42,No
Female,0,Yes,No,72.0,Yes,Yes,DSL,Yes,Yes,Yes,Yes,Yes,Yes,Two year,Yes,Bank transfer (automatic),92.31,6420.45,No
Female,0,No,No,9.0,Yes,No,DSL,Yes,No,Yes,Yes,No,Yes,One year,Yes,Credit card (automatic),69.58,653.83,No
Female,0,Yes,No,67.0,Yes,No,DSL,Yes,Yes,Yes,Yes,No,No,Two year,No,Bank transfer (automatic),65.72,4599.33,No
Female,0,Yes,No,72.0,Yes,Yes,DSL,Yes,Yes,Yes,Yes,Yes,Yes,Two year,Yes,Credit card (automatic),84.29,6761.64,No
Female,0,Yes,Yes,33.0,Yes,No,DSL,No,No,Yes,Yes,No,Yes,Two year,Yes,Mailed check,55.16,1864.12,No
Female,0,Yes,No,72.0,Yes,No,DSL,Yes,Yes,Yes,Yes,No,No,Two year,Yes,Bank transfer (automatic),68.49,5060.58,No
Female,0,No,No,41.0,Yes,No,DSL,Yes,No,Yes,No,Yes,Yes,Two year,No,Credit card (automatic),75.86,3227.52,No
Female,0,Yes,Yes,60.0,Yes,Yes,DSL,Yes,Yes,Yes,Yes,Yes,Yes,One year,Yes,Electronic check,90.69,5698.59,No
Female,0,No,No,36.0,Yes,No,DSL,No,Yes,Yes,Yes,No,Yes,One year,Yes,Bank transfer (automatic),70.84,2561.06,No
Female,0,Yes,Yes,72.0,Yes,Yes,DSL,Yes,Yes,No,Yes,Yes,No,Two year,Yes,Bank transfer (automatic),83.87,7007.47,No
Female,0,Yes,Yes,43.0,Yes,No,DSL,Yes,No,No,Yes,Yes,No,One year,Yes,Mailed check,64.06,2403.37,No
Female,0,Yes,No,62.0,Yes,Yes,DSL,Yes,No,Yes,No,Yes,Yes,Two year,No,Credit card (automatic),78.81,4582.33,No
Female,0,No,No,58.0,Yes,No,DSL,Yes,Yes,Yes,Yes,Yes,Yes,Two year,Yes,Bank transfer (automatic),90.58,5316.98,No
Male,0,Yes,Yes,58.0,Yes,No,DSL,Yes,Yes,Yes,Yes,No,Yes,Two year,No,Credit card (automatic),75.84,4584.2,No
Male,1,No,No,72.0,Yes,No,DSL,Yes,Yes,Yes,Yes,Yes,Yes,Two year,Yes,Mailed check,78.32,6059.17,No
Female,0,No,Yes,67.0,Yes,No,DSL,Yes,Yes,Yes,Yes,Yes,Yes,Two year,No,Mailed check,84.27,5693.48,No
Female,0,Yes,No,55.0,Yes,No,DSL,No,Yes,Yes,No,Yes,Yes,Two year,Yes,Electronic check,81.13,4536.87,No
Female,0,Yes,Yes,36.0,Yes,Yes,DSL,Yes,No,No,Yes,No,No,Two year,Yes,Mailed check,62.95,2649.54,No
Female,0,Yes,Yes,47.0,Yes,Yes,DSL,No,No,Yes,No,Yes,Yes,Two year,No,Bank transfer (automatic),79.24,3642.68,No
Female,0,Yes,No,72.0,Yes,Yes,DSL,Yes,Yes,Yes,Yes,No,Yes,Two year,Yes,Bank transfer (automatic),70.92,5238.25,No
Male,0,No,Yes,57.0,Yes,No,DSL,Yes,No,Yes,No,Yes,Yes,Two year,Yes,Credit card (automatic),76.94,4116.84,No
Male,0,Yes,No,40.0,Yes,No,DSL,No,Yes,Yes,Yes,Yes,Yes,Two year,No,Credit card (automatic),79.08,3334.02,No
Male,0,Yes,Yes,44.0,Yes,No,DSL,No,No,No,No,Yes,No,One year,Yes,Mailed check,59.18,2779.14,No
Male,0,No,Yes,5.0,Yes,No,DSL,No,No,No,No,Yes,No,One year,Yes,Credit card (automatic),52.07,213.45,No
Male,0,Yes,Yes,45.0,Yes,No,DSL,Yes,Yes,No,Yes,No,No,One year,No,Electronic check,64.31,2420.85,No
Male,0,Yes,No,33.0,Yes,No,DSL,No,No,Yes,No,Yes,Yes,One year,No,Bank transfer (automatic),73.27,2353.37,No
Male,0,Yes,No,32.0,Yes,No,DSL,No,No,No,Yes,No,No,One year,No,Credit card (automatic),48.2,1264.62,No
Male,1,No,No,72.0,Yes,No,DSL,Yes,No,Yes,Yes,No,No,Two year,No,Credit card (automatic),68.94,5023.91,No
Male,0,No,No,45.0,Yes,No,DSL,Yes,Yes,No,No,No,No,One year,Yes,Bank transfer (automatic),64.87,3021.08,No
Female,0,Yes,Yes,40.0,Yes,No,DSL,Yes,Yes,No,Yes,No,No,One year,Yes,Mailed check,58.13,2488.82,No
Female,0,No,No,68.0,Yes,No,DSL,Yes,No,Yes,Yes,Yes,Yes,Two year,Yes,Mailed check,84.24,5419.33,No
Male,0,Yes,Yes,25.0,Yes,No,DSL,No,No,Yes,No,No,No,One year,No,Bank transfer (automatic),59.43,1218.16,No
Male,0,No,No,56.0,Yes,No,DSL,Yes,Yes,No,No,No,Yes,Two year,Yes,Mailed check,61.91,3758.42,No
Male,0,No,No,56.0,Yes,No,DSL,Yes,No,Yes,Yes,Yes,Yes,One year,No,Credit card (automatic),83.85,4802.09,No
Male,1,Yes,Yes,72.0,Yes,Yes,DSL,No,Yes,Yes,No,No,Yes,Two year,No,Credit card (automatic),70.3,5030.96,No
Male,0,Yes,No,64.0,Yes,Yes,DSL,Yes,No,Yes,No,Yes,No,One year,No,Credit card (automatic),67.61,4870.42,No
Male,0,No,No,39.0,Yes,No,DSL,Yes,Yes,No,Yes,No,Yes,One year,No,Credit card (automatic),64.28,2441.75,No
Male,0,No,No,24.0,Yes,No,DSL,Yes,No,No,No,No,No,One year,No,Credit card (automatic),53.84,1059.46,No
Female,0,No,No,45.0,Yes,No,DSL,Yes,Yes,Yes,No,No,No,One year,No,Credit card (automatic),54.1,2216.35,No
Male,0,Yes,Yes,45.0,Yes,No,DSL,Yes,No,Yes,Yes,Yes,No,Two year,Yes,Credit card (automatic),70.65,3042.64,No
Female,0,Yes,Yes,62.0,Yes,No,DSL,Yes,No,Yes,Yes,Yes,No,One year,No,Bank transfer (automatic),71.84,4584.87,No
Male,0,Yes,Yes,49.0,Yes,No,DSL,No,Yes,No,Yes,Yes,Yes,One year,Yes,Electronic check,77.36,4247.34,No
Female,1,Yes,Yes,69.0,Yes,Yes,DSL,No,No,Yes,Yes,Yes,Yes,Two year,Yes,Bank transfer (automatic),89.34,5658.61,No
Female,1,No,Yes,63.0,Yes,Yes,DSL,Yes,No,Yes,No,No,No,Two year,No,Bank transfer (automatic),61.65,3874.85,No
Male,0,No,No,24.0,Yes,No,DSL,No,No,No,No,Yes,Yes,One year,Yes,Credit card (automatic),67.68,1578.45,No
Female,0,Yes,No,49.0,Yes,No,DSL,Yes,Yes,Yes,No,Yes,Yes,Two year,No,Credit card (automatic),73.18,3505.28,No
Male,0,Yes,Yes,41.0,Yes,No,DSL,Yes,No,No,No,No,Yes,Two year,No,Bank transfer (automatic),65.87,2782.91,No
Female,0,Yes,Yes,32.0,Yes,No,DSL,No,Yes,No,Yes,No,No,One year,Yes,Bank transfer (automatic),60.51,1587.74,No
Female,0,No,No,52.0,Yes,No,DSL,Yes,No,Yes,Yes,Yes,No,One year,Yes,Electronic check,71.65,3421.47,No
Male,0,Yes,No,69.0,Yes,Yes,DSL,Yes,No,Yes,Yes,Yes,Yes,Two year,No,Bank transfer (automatic),85.83,6001.33,No
Female,0,Yes,Yes,67.0,Yes,Yes,DSL,Yes,Yes,Yes,Yes,Yes,Yes,Two year,No,Credit card (automatic),90.99,6046.95,No
Male,0,Yes,No,36.0,Yes,Yes,DSL,No,Yes,Yes,Yes,Yes,No,One year,No,Bank transfer (automatic),81.71,3069.44,No
Female,0,Yes,No,54.0,Yes,Yes,DSL,No,Yes,Yes,No,Yes,Yes,Two year,Yes,Credit card (automatic),75.39,4171.99,No
Male,0,Yes,Yes,52.0,Yes,No,DSL,Yes,No,Yes,Yes,No,Yes,One year,Yes,Electronic check,73.02,3845.45,No
Male,0,Yes,Yes,45.0,Yes,No,DSL,No,Yes,Yes,Yes,No,Yes,One year,Yes,Bank transfer (automatic),73.38,2995.42,No
Male,0,Yes,Yes,37.0,Yes,No,DSL,Yes,Yes,Yes,Yes,Yes,Yes,One year,No,Bank transfer (automatic),84.9,3545.94,No
Male,0,No,No,48.0,Yes,No,DSL,No,Yes,No,Yes,No,No,One year,Yes,Bank transfer (automatic),54.87,2860.36,No
Male,0,Yes,No,63.0,Yes,No,DSL,Yes,Yes,No,Yes,No,Yes,Two year,No,Bank transfer (automatic),63.62,4180.1,No
Male,0,No,No,23.0,Yes,Yes,DSL,Yes,No,No,No,No,No,One year,No,Credit card (automatic),63.54,1284.03,No
Female,0,No,Yes,63.0,Yes,Yes,DSL,No,Yes,Yes,No,Yes,No,Two year,No,Credit card (automatic),72.51,4642.52,No
Female,0,No,No,29.0,Yes,No,DSL,Yes,No,No,Yes,Yes,No,Two year,Yes,Mailed check,78.54,2442.39,No
Male,0,Yes,Yes,72.0,Yes,Yes,DSL,Yes,Yes,Yes,Yes,Yes,Yes,Two year,Yes,Credit card (automatic),91.26,6641.62,No
Male,0,Yes,No,59.0,Yes,No,DSL,Yes,Yes,Yes,Yes,Yes,Yes,Two year,No,Bank transfer (automatic),75.15,4516.45,No
Female,0,Yes,No,62.0,Yes,No,DSL,Yes,Yes,No,Yes,No,No,Two year,No,Bank transfer (automatic),55.91,3557.86,No
Female,0,No,Yes,40.0,Yes,No,DSL,Yes,Yes,No,Yes,Yes,No,One year,No,Credit card (automatic),71.38,2810.78,No
Male,0,Yes,No,72.0,Yes,Yes,DSL,Yes,Yes,No,Yes,No,Yes,Two year,No,Mailed check,77.43,5789.89,No
Female,0,No,No,27.0,Yes,No,DSL,Yes,Yes,No,Yes,No,No,One year,Yes,Electronic check,73.23,2379.58,No
Male,0,Yes,No,72.0,Yes,Yes,DSL,Yes,Yes,Yes,Yes,Yes,Yes,Two year,No,Credit card (automatic),86.16,6319.3,No
Male,0,Yes,No,44.0,Yes,Yes,DSL,Yes,No,Yes,Yes,No,No,Two year,No,Mailed check,68.08,2879.29,No
Female,0,No,No,35.0,Yes,No,DSL,Yes,No,No,No,Yes,Yes,One year,Yes,Electronic check,66.22,1952.53,No
Female,0,Yes,No,38.0,Yes,Yes,DSL,No,Yes,No,Yes,Yes,Yes,One year,Yes,Electronic check,62.09,2030.1,No
Male,0,Yes,No,72.0,Yes,No,DSL,Yes,Yes,Yes,Yes,No,No,One year,Yes,Mailed check,67.96,4882.37,No
Female,0,No,No,20.0,Yes,Yes,DSL,No,No,Yes,Yes,Yes,Yes,Two year,Yes,Credit card (automatic),84.99,2002.64,No
Female,0,No,No,37.0,Yes,Yes,DSL,Yes,Yes,No,Yes,No,No,One year,Yes,Bank transfer (automatic),48.94,1592.41,No
Female,0,No,No,58.0,Yes,Yes,DSL,Yes,Yes,Yes,Yes,Yes,Yes,Two year,Yes,Electronic check,89.27,5263.61,No
Male,0,Yes,Yes,49.0,Yes,Yes,DSL,Yes,Yes,Yes,No,Yes,Yes,One year,Yes,Mailed check,95.33,4774.68,No
Female,0,Yes,Yes,38.0,Yes,No,DSL,Yes,Yes,No,Yes,Yes,Yes,Two year,No,Mailed check,73.03,2617.19,No
Female,0,Yes,No,54.0,Yes,Yes,DSL,No,Yes,No,Yes,Yes,No,Two year,No,Credit card (automatic),65.67,3965.89,No
Female,1,Yes,No,54.0,Yes,Yes,DSL,No,No,Yes,Yes,Yes,Yes,Two year,No,Credit card (automatic),84.35,4778.93,No
Female,0,Yes,No,58.0,Yes,Yes,DSL,Yes,Yes,Yes,Yes,Yes,Yes,Two year,No,Bank transfer (automatic),86.66,5091.16,No
Female,1,No,No,69.0,Yes,Yes,DSL,Yes,Yes,No,No,Yes,No,Two year,Yes,Bank transfer (automatic),64.36,4627.03,No
Female,0,Yes,Yes,63.0,Yes,Yes,DSL,No,Yes,Yes,Yes,No,Yes,Two year,Yes,Mailed check,88.63,5615.33,No
Male,0,No,Yes,22.0,Yes,No,DSL,No,Yes,Yes,No,Yes,No,One year,No,Bank transfer (automatic),62.79,1132.65,No
Male,0,No,No,50.0,Yes,Yes,DSL,Yes,Yes,No,Yes,Yes,Yes,Two year,Yes,Electronic check,82.29,4307.75,No
Female,0,No,Yes,31.0,Yes,No,DSL,Yes,No,No,No,No,No,One year,Yes,Mailed check,49.18,1250.1,No
Female,0,No,No,48.0,Yes,No,DSL,Yes,No,Yes,No,Yes,No,Two year,No,Mailed check,65.27,3214.25,No
Male,0,Yes,Yes,59.0,Yes,Yes,DSL,Yes,Yes,Yes,Yes,No,Yes,One year,No,Bank transfer (automatic),79.46,4441.24,No
Female,0,Yes,Yes,29.0,Yes,No,DSL,Yes,No,No,Yes,Yes,Yes,Two year,No,Bank transfer (automatic),68.95,1875.63,No
Male,0,No,No,45.0,Yes,No,DSL,No,Yes,Yes,No,No,No,One year,Yes,Bank transfer (automatic),56.25,2727.02,No
Female,0,Yes,No,70.0,Yes,Yes,DSL,Yes,Yes,Yes,Yes,No,Yes,Two year,No,Credit card (automatic),82.32,5764.38,No
Male,1,Yes,Yes,72.0,Yes,No,DSL,Yes,No,Yes,Yes,No,No,Two year,No,Bank transfer (automatic),68.9,5068.84,No
Male,0,No,Yes,40.0,Yes,Yes,DSL,No,Yes,No,No,No,No,Two year,No,Mailed check,56.63,2183.7,No
Female,0,No,No,34.0,Yes,No,DSL,No,Yes,No,No,No,No,One year,No,Mailed check,41.77,1453.53,No
Male,0,Yes,Yes,44.0,Yes,No,DSL,Yes,Yes,Yes,Yes,No,Yes,One year,Yes,Credit card (automatic),72.3,3521.22,No
Male,0,Yes,Yes,16.0,Yes,Yes,DSL,Yes,Yes,Yes,Yes,Yes,No,One year,No,Mailed check,67.15,1071.11,No
Female,0,No,Yes,33.0,Yes,No,DSL,Yes,Yes,Yes,No,No,No,Two year,No,Bank transfer (automatic),64.7,2334.33,No
Male,0,Yes,Yes,48.0,Yes,No,DSL,No,Yes,Yes,Yes,No,Yes,Two year,Yes,Bank transfer (automatic),75.56,3470.17,No
Female,0,No,No,18.0,Yes,No,DSL,Yes,No,No,Yes,No,No,One year,Yes,Mailed check,57.39,866.73,No
Female,0,No,No,71.0,Yes,Yes,DSL,Yes,Yes,Yes,Yes,Yes,Yes,Two year,Yes,Credit card (automatic),84.38,5629.86,No
Female,0,No,Yes,43.0,Yes,No,DSL,No,No,Yes,No,Yes,Yes,One year,No,Credit card (automatic),80.2,3449.78,No
Male,0,Yes,No,55.0,Yes,Yes,DSL,Yes,No,No,No,No,Yes,One year,Yes,Credit card (automatic),64.78,3394.79,No
Male,0,No,No,65.0,Yes,No,DSL,No,Yes,Yes,Yes,No,Yes,Two year,Yes,Bank transfer (automatic),71.96,4469.17,No
Male,0,Yes,No,46.0,Yes,No,DSL,Yes,Yes,No,Yes,No,Yes,One year,Yes,Credit card (automatic),67.35,3003.69,No
Female,0,Yes,No,62.0,Yes,Yes,DSL,No,Yes,Yes,Yes,No,No,Two year,Yes,Bank transfer (automatic),71.9,4644.29,No
Female,0,No,No,70.0,Yes,Yes,DSL,Yes,No,No,Yes,Yes,Yes,Two year,Yes,Credit card (automatic),71.47,5141.17,No
Female,0,Yes,No,49.0,Yes,No,DSL,Yes,Yes,Yes,Yes,No,Yes,Two year,No,Bank transfer (automatic),70.73,3577.63,No
Female,0,Yes,Yes,19.0,Yes,No,DSL,Yes,No,No,Yes,Yes,No,One year,Yes,Electronic check,66.95,1154.33,No
Male,0,Yes,Yes,72.0,Yes,No,DSL,Yes,Yes,Yes,Yes,Yes,No,Two year,Yes,Bank transfer (automatic),75.58,6549.41,No
Female,0,Yes,Yes,24.0,Yes,No,DSL,Yes,No,Yes,Yes,No,Yes,One year,No,Mailed check,70.76,1874.77,No
Female,0,Yes,Yes,46.0,Yes,Yes,DSL,No,No,Yes,Yes,Yes,No,Two year,Yes,Electronic check,64.65,2685.3,No
Female,0,No,Yes,18.0,Yes,No,DSL,No,No,No,No,No,No,One year,Yes,Electronic check,42.87,632.7,No
Male,1,No,No,72.0,Yes,Yes,DSL,Yes,Yes,Yes,No,Yes,Yes,Two year,No,Bank transfer (automatic),91.83,7541.61,No
Female,0,Yes,No,51.0,Yes,Yes,DSL,Yes,Yes,Yes,Yes,Yes,Yes,One year,Yes,Credit card (automatic),84.78,4329.47,No
Female,0,No,No,18.0,Yes,No,DSL,No,No,Yes,Yes,Yes,Yes,One year,Yes,Bank transfer (automatic),75.38,1632.98,No
Male,0,Yes,No,58.0,Yes,Yes,DSL,Yes,Yes,Yes,No,No,No,Two year,Yes,Bank transfer (automatic),73.93,4415.74,No
Female,0,Yes,No,56.0,Yes,No,DSL,Yes,Yes,Yes,Yes,Yes,Yes,Two year,No,Bank transfer (automatic),84.69,4865.31,No
Female,0,Yes,No,72.0,Yes,Yes,DSL,Yes,No,Yes,Yes,No,Yes,Two year,Yes,Bank transfer (automatic),74.72,6475.0,No
Female,0,Yes,Yes,42.0,Yes,No,DSL,Yes,Yes,No,Yes,Yes,No,Two year,Yes,Credit card (automatic),69.56,3150.45,No
Male,0,Yes,Yes,45.0,Yes,No,DSL,Yes,No,No,Yes,No,Yes,One year,No,Bank transfer (automatic),68.32,3461.07,No
Female,1,Yes,No,43.0,Yes,Yes,DSL,No,No,No,Yes,No,No,One year,No,Bank transfer (automatic),56.06,2901.21,No
Male,0,No,No,36.0,Yes,No,DSL,No,No,Yes,Yes,Yes,Yes,One year,No,Electronic check,80.72,3188.62,No
Female,0,Yes,Yes,44.0,Yes,Yes,DSL,Yes,Yes,No,Yes,No,No,One year,Yes,Bank transfer (automatic),71.11,3402.45,No
Female,0,Yes,No,63.0,Yes,No,DSL,Yes,No,Yes,Yes,No,Yes,One year,No,Bank transfer (automatic),71.87,4500.84,No
Female,1,No,No,53.0,Yes,No,DSL,No,Yes,Yes,Yes,No,No,Two year,No,Bank transfer (automatic),65.15,3655.86,No
Female,0,Yes,Yes,32.0,Yes,No,DSL,No,Yes,Yes,Yes,No,No,One year,Yes,Credit card (automatic),58.62,1727.95,No
Female,0,Yes,Yes,49.0,Yes,Yes,DSL,Yes,Yes,Yes,Yes,Yes,Yes,Two year,No,Credit card (automatic),94.13,4827.92,No
Female,0,No,No,31.0,Yes,Yes,DSL,No,Yes,Yes,Yes,Yes,Yes,One year,No,Bank transfer (automatic),77.07,2326.7,No
Male,0,No,No,34.0,Yes,Yes,DSL,Yes,Yes,Yes,Yes,No,Yes,Two year,No,Electronic check,73.53,2823.28,No
Male,0,Yes,Yes,72.0,Yes,No,DSL,No,No,Yes,Yes,No,Yes,Two year,No,Mailed check,68.51,5084.88,No
Female,0,Yes,Yes,65.0,Yes,Yes,DSL,Yes,Yes,Yes,No,Yes,Yes,Two year,Yes,Credit card (automatic),86.14,6074.93,No
Female,0,Yes,No,61.0,Yes,Yes,DSL,Yes,No,Yes,Yes,No,Yes,One year,Yes,Bank transfer (automatic),70.78,4586.66,No
Female,0,No,Yes,36.0,Yes,No,DSL,Yes,Yes,Yes,Yes,No,Yes,Two year,Yes,Credit card (automatic),77.87,2709.36,No
Male,0,No,No,49.0,Yes,Yes,DSL,Yes,Yes,No,Yes,No,No,One year,Yes,Credit card (automatic),64.53,3391.65,No
Female,0,No,No,63.0,Yes,Yes,DSL,Yes,No,Yes,No,Yes,No,One year,No,Credit card (automatic),74.12,4721.34,No
Female,0,Yes,No,7.0,Yes,No,DSL,No,No,No,No,Yes,Yes,One year,Yes,Bank transfer (automatic),62.93,361.19,No
Male,0,No,No,19.0,Yes,No,DSL,Yes,No,No,No,No,No,One year,Yes,Credit card (automatic),54.94,1025.22,No
Female,0,No,No,67.0,Yes,No,DSL,Yes,No,No,Yes,No,No,One year,No,Credit card (automatic),55.78,3665.91,No
Female,0,Yes,Yes,63.0,Yes,No,DSL,Yes,No,Yes,Yes,No,No,One year,No,Credit card (automatic),63.97,4062.2,No
Male,0,No,No,39.0,Yes,Yes,DSL,Yes,Yes,No,No,No,No,One year,Yes,Credit card (automatic),63.09,2137.92,No
Male,0,No,No,40.0,Yes,No,DSL,Yes,Yes,No,Yes,No,No,One year,No,Mailed check,60.5,2299.31,No
Female,0,Yes,No,72.0,Yes,Yes,DSL,Yes,Yes,Yes,Yes,Yes,Yes,Two year,Yes,Credit card (automatic),107.14,8457.73,No
Male,0,Yes,Yes,35.0,Yes,Yes,DSL,Yes,No,Yes,No,Yes,Yes,One year,Yes,Credit card (automatic),72.63,2960.08,No
Male,0,Yes,No,72.0,Yes,Yes,DSL,Yes,Yes,Yes,No,Yes,Yes,Two year,No,Bank transfer (automatic),104.1,7104.98,No
Female,0,Yes,No,72.0,Yes,Yes,DSL,Yes,Yes,Yes,Yes,Yes,Yes,One year,Yes,Credit card (automatic),76.73,5703.49,No
Female,0,Yes,No,31.0,Yes,No,DSL,Yes,No,No,Yes,No,Yes,One year,Yes,Mailed check,64.39,1874.05,No
Female,0,No,No,56.0,Yes,Yes,DSL,Yes,Yes,No,No,No,Yes,Two year,No,Bank transfer (automatic),75.12,3728.47,No
Female,0,No,No,5.0,Yes,No,DSL,Yes,No,Yes,No,No,No,One year,Yes,Credit card (automatic),47.7,195.53,No
Male,0,Yes,Yes,72.0,Yes,Yes,DSL,Yes,Yes,Yes,Yes,Yes,Yes,Two year,Yes,Electronic check,96.52,7505.44,No
Male,0,No,No,49.0,Yes,No,DSL,No,No,No,Yes,Yes,No,Two year,Yes,Mailed check,60.22,3079.77,No
Female,0,No,No,40.0,Yes,No,DSL,Yes,Yes,No,Yes,Yes,No,One year,No,Bank transfer (automatic),70.94,3050.65,No
Male,0,No,Yes,42.0,Yes,Yes,DSL,Yes,No,No,No,Yes,No,Two year,No,Credit card (automatic),70.83,2916.6,No
Male,0,Yes,Yes,72.0,Yes,Yes,DSL,Yes,Yes,Yes,No,Yes,No,Two year,No,Credit card (automatic),88.25,6588.81,No
Female,0,Yes,No,23.0,Yes,No,DSL,No,No,No,No,No,No,One year,No,Mailed check,51.52,971.55,No
Female,0,No,No,51.0,Yes,Yes,DSL,Yes,No,No,Yes,No,Yes,One year,No,Electronic check,64.75,3695.66,No
Female,0,Yes,No,60.0,Yes,Yes,DSL,Yes,Yes,Yes,Yes,Yes,No,Two year,No,Bank transfer (automatic),81.11,5033.24,No
Male,0,No,No,45.0,Yes,Yes,DSL,Yes,No,Yes,Yes,Yes,Yes,Two year,Yes,Bank transfer (automatic),94.44,4346.29,No
Female,0,Yes,Yes,72.0,Yes,No,DSL,Yes,Yes,Yes,Yes,Yes,No,Two year,Yes,Credit card (automatic),71.22,6171.7,No
Female,0,Yes,Yes,72.0,Yes,Yes,DSL,Yes,Yes,Yes,Yes,Yes,Yes,Two year,Yes,Bank transfer (automatic),81.52,6146.57,No
Male,0,Yes,Yes,43.0,Yes,Yes,DSL,Yes,Yes,Yes,No,No,No,Two year,Yes,Credit card (automatic),63.81,2962.48,No
Female,0,No,Yes,45.0,Yes,No,DSL,No,No,Yes,No,Yes,Yes,Two year,Yes,Mailed check,77.04,3691.23,No
Female,0,No,No,45.0,Yes,Yes,DSL,No,No,No,Yes,Yes,No,One year,No,Credit card (automatic),65.37,3509.43,No
Female,0,Yes,Yes,66.0,Yes,No,DSL,No,No,Yes,Yes,Yes,No,Two year,No,Bank transfer (automatic),69.69,4822.47,No
Male,0,Yes,No,41.0,Yes,No,DSL,No,No,No,No,Yes,No,One year,Yes,Credit card (automatic),44.51,1496.36,No
Female,0,Yes,Yes,72.0,Yes,Yes,DSL,Yes,Yes,Yes,Yes,No,Yes,Two year,Yes,Bank transfer (automatic),81.07,7025.22,No
Female,0,Yes,Yes,10.0,Yes,No,DSL,No,No,Yes,No,Yes,No,One year,No,Mailed check,56.74,465.26,No
Female,0,Yes,Yes,39.0,Yes,No,DSL,No,No,Yes,Yes,Yes,Yes,Two year,Yes,Bank transfer (automatic),66.77,2570.32,No
Male,0,Yes,Yes,47.0,Yes,Yes,DSL,Yes,Yes,Yes,Yes,Yes,Yes,Two year,No,Mailed check,83.54,4516.0,No
Female,0,Yes,No,69.0,Yes,No,DSL,No,No,No,Yes,No,No,Two year,Yes,Electronic check,62.34,4407.95,No
Female,0,No,No,28.0,Yes,No,DSL,No,No,No,Yes,Yes,No,One year,Yes,Mailed check,63.92,1467.42,No
Female,0,Yes,No,34.0,Yes,No,DSL,No,No,Yes,No,Yes,No,One year,No,Electronic check,67.45,2511.67,No
Female,0,Yes,No,68.0,Yes,Yes,DSL,Yes,Yes,No,Yes,Yes,Yes,Two year,No,Credit card (automatic),86.09,6037.67,No
Male,0,No,No,72.0,Yes,No,DSL,No,Yes,Yes,Yes,Yes,Yes,Two year,Yes,Credit card (automatic),83.8,6348.69,No
Female,0,Yes,No,72.0,Yes,No,DSL,Yes,Yes,Yes,Yes,Yes,Yes,Two year,Yes,Credit card (automatic),86.43,7163.03,No
Male,0,No,No,26.0,Yes,No,DSL,Yes,Yes,Yes,No,No,No,One year,No,Bank transfer (automatic),45.21,963.82,No
Male,0,No,No,60.0,Yes,Yes,DSL,No,Yes,Yes,Yes,Yes,Yes,Two year,No,Bank transfer (automatic),88.26,5491.83,No
Male,0,Yes,No,50.0,Yes,Yes,DSL,Yes,No,Yes,Yes,Yes,Yes,One year,No,Credit card (automatic),74.1,3857.18,No
Male,0,No,No,44.0,Yes,Yes,DSL,No,No,Yes,Yes,Yes,No,One year,Yes,Mailed check,81.51,3511.96,No
Male,0,No,No,45.0,Yes,Yes,DSL,Yes,Yes,No,Yes,Yes,Yes,One year,Yes,Credit card (automatic),80.15,4340.55,No
Male,0,Yes,No,72.0,Yes,Yes,DSL,Yes,Yes,Yes,No,Yes,No,One year,No,Mailed check,80.37,6611.0,No
Male,0,Yes,Yes,72.0,Yes,Yes,DSL,Yes,Yes,No,Yes,No,No,Two year,Yes,Credit card (automatic),73.83,6397.61,No
Male,0,No,No,20.0,Yes,No,DSL,No,No,No,Yes,Yes,No,One year,No,Bank transfer (automatic),65.27,1245.98,No
Female,0,No,Yes,55.0,Yes,Yes,DSL,Yes,Yes,No,No,Yes,Yes,Two year,No,Bank transfer (automatic),86.73,4473.23,No
Female,0,Yes,No,48.0,Yes,Yes,DSL,Yes,No,Yes,Yes,Yes,Yes,Two year,Yes,Credit card (automatic),78.34,3989.13,No
Female,0,No,Yes,65.0,Yes,No,DSL,No,Yes,Yes,Yes,Yes,Yes,Two year,Yes,Electronic check,81.56,5419.01,No
Female,0,No,No,33.0,Yes,Yes,DSL,Yes,Yes,Yes,Yes,No,Yes,One year,No,Bank transfer (automatic),75.92,2730.87,No
Female,0,Yes,No,72.0,Yes,Yes,DSL,Yes,Yes,Yes,Yes,Yes,Yes,Two year,Yes,Credit card (automatic),79.9,5463.02,No
Male,0,Yes,No,72.0,Yes,Yes,DSL,Yes,Yes,Yes,No,Yes,Yes,Two year,No,Electronic check,72.49,5559.99,No
Male,0,Yes,Yes,72.0,Yes,No,DSL,No,Yes,Yes,No,Yes,No,Two year,Yes,Bank transfer (automatic),74.74,5310.99,No
Male,0,No,Yes,30.0,Yes,Yes,DSL,Yes,Yes,No,No,No,No,One year,Yes,Mailed check,62.14,1805.61,No
Female,0,Yes,Yes,52.0,Yes,Yes,DSL,Yes,No,No,Yes,No,No,One year,No,Credit card (automatic),70.1,3216.76,No
Male,0,No,No,59.0,Yes,No,DSL,No,No,Yes,Yes,No,No,One year,No,Credit card (automatic),62.93,4138.29,No
Male,0,Yes,Yes,70.0,Yes,Yes,DSL,Yes,No,Yes,No,No,No,Two year,Yes,Bank transfer (automatic),67.12,5239.86,No
Female,0,No,No,55.0,Yes,No,DSL,No,Yes,Yes,No,Yes,Yes,Two year,No,Credit card (automatic),83.23,4582.05,No
Male,0,Yes,Yes,58.0,Yes,No,DSL,Yes,No,No,Yes,No,No,Two year,No,Mailed check,67.27,3970.18,No
Male,0,Yes,Yes,46.0,Yes,Yes,DSL,Yes,No,Yes,Yes,Yes,Yes,Two year,Yes,Credit card (automatic),82.6,3686.67,No
Female,0,Yes,No,35.0,Yes,No,DSL,No,Yes,Yes,No,No,No,One year,No,Credit card (automatic),59.51,1713.29,No
Female,0,No,No,16.0,Yes,Yes,DSL,No,No,No,Yes,Yes,Yes,One year,No,Bank transfer (automatic),68.8,1204.67,No
Female,0,Yes,Yes,54.0,Yes,No,DSL,Yes,No,Yes,Yes,No,Yes,Two year,Yes,Mailed check,76.6,4145.71,No
Female,1,Yes,No,72.0,Yes,Yes,DSL,Yes,No,Yes,Yes,No,No,Two year,Yes,Bank transfer (automatic),70.27,5043.11,No
Female,0,Yes,Yes,41.0,Yes,No,DSL,No,Yes,Yes,Yes,No,Yes,One year,No,Electronic check,69.27,3235.22,No
Male,0,Yes,Yes,30.0,Yes,No,DSL,Yes,Yes,No,No,No,Yes,Two year,Yes,Mailed check,66.85,1730.37,No
Female,0,No,No,72.0,Yes,No,DSL,Yes,Yes,Yes,Yes,No,No,Two year,Yes,Bank transfer (automatic),55.97,4730.32,No
Female,1,No,Yes,30.0,Yes,Yes,DSL,Yes,Yes,Yes,No,Yes,Yes,Two year,No,Credit card (automatic),77.03,2557.97,No
Female,0,No,No,43.0,Yes,No,DSL,Yes,Yes,Yes,No,Yes,Yes,One year,Yes,Mailed check,74.39,2960.96,No
Male,0,No,No,64.0,Yes,No,DSL,No,Yes,Yes,Yes,Yes,No,One year,No,Electronic check,71.81,4535.15,No
Male,0,No,Yes,21.0,Yes,Yes,DSL,Yes,No,No,Yes,Yes,No,One year,No,Bank transfer (automatic),76.43,1931.78,No
Female,0,Yes,Yes,16.0,Yes,Yes,DSL,Yes,No,No,Yes,No,Yes,One year,No,Credit card (automatic),64.46,1015.76,No
Female,0,Yes,Yes,29.0,Yes,No,DSL,Yes,No,Yes,Yes,Yes,Yes,Two year,Yes,Electronic check,74.63,2557.28,No
Male,0,No,No,72.0,Yes,Yes,DSL,Yes,Yes,Yes,Yes,Yes,Yes,Two year,Yes,Credit card (automatic),80.8,6801.05,No
Female,0,No,No,45.0,Yes,No,DSL,Yes,No,No,Yes,No,Yes,One year,Yes,Bank transfer (automatic),56.96,2681.48,No
Female,0,Yes,Yes,49.0,Yes,Yes,DSL,Yes,No,No,Yes,No,No,One year,No,Bank transfer (automatic),72.34,4157.16,No
Female,0,Yes,Yes,72.0,Yes,Yes,DSL,Yes,Yes,Yes,Yes,Yes,Yes,Two year,No,Bank transfer (automatic),89.48,7754.03,No
Female,0,No,No,54.0,Yes,Yes,DSL,No,No,No,Yes,Yes,No,One year,Yes,Bank transfer (automatic),68.27,3578.79,No
Female,0,No,Yes,25.0,Yes,Yes,DSL,Yes,Yes,No,Yes,Yes,No,One year,No,Electronic check,72.48,1765.71,No
Male,0,No,No,41.0,Yes,No,DSL,No,No,No,No,No,No,One year,No,Electronic check,50.17,1686.57,No
Female,0,Yes,Yes,69.0,Yes,Yes,DSL,Yes,Yes,Yes,Yes,Yes,No,Two year,No,Credit card (automatic),90.25,6270.19,No
Female,1,No,No,29.0,Yes,No,DSL,Yes,No,Yes,No,Yes,No,One year,Yes,Credit card (automatic),71.87,1940.56,No
Female,0,Yes,Yes,61.0,Yes,No,DSL,Yes,Yes,Yes,No,No,No,Two year,Yes,Mailed check,71.83,4389.66,No
Female,0,Yes,No,61.0,Yes,Yes,DSL,Yes,Yes,Yes,Yes,Yes,Yes,Two year,Yes,Credit card (automatic),86.02,5771.69,No
Female,0,Yes,Yes,26.0,Yes,No,DSL,Yes,No,No,Yes,No,No,One year,Yes,Bank transfer (automatic),54.06,1152.55,No
Female,0,No,No,2.0,Yes,No,DSL,No,Yes,No,No,No,No,One year,No,Mailed check,45.92,75.31,No
Female,0,No,No,72.0,Yes,Yes,DSL,Yes,Yes,Yes,Yes,Yes,Yes,Two year,No,Bank transfer (automatic),97.48,8447.11,No
Female,0,No,No,54.0,Yes,Yes,DSL,Yes,Yes,Yes,Yes,Yes,Yes,One year,Yes,Electronic check,98.21,5315.84,No
Female,0,No,No,48.0,Yes,Yes,DSL,Yes,Yes,Yes,Yes,No,Yes,One year,Yes,Credit card (automatic),72.56,3282.12,No
Female,0,Yes,Yes,55.0,Yes,Yes,DSL,No,No,No,Yes,No,Yes,Two year,Yes,Credit card (automatic),65.91,3755.34,No
Female,0,Yes,No,72.0,Yes,Yes,DSL,Yes,Yes,Yes,Yes,Yes,Yes,Two year,Yes,Credit card (automatic),92.72,8034.83,No
Female,0,Yes,Yes,28.0,Yes,Yes,DSL,Yes,No,No,Yes,Yes,Yes,One year,Yes,Credit card (automatic),67.28,1635.56,No
Female,0,Yes,Yes,52.0,Yes,No,DSL,No,Yes,No,Yes,No,No,One year,No,Bank transfer (automatic),48.19,2172.77,No
Male,0,Yes,Yes,39.0,Yes,No,DSL,Yes,No,No,No,No,No,One year,No,Credit card (automatic),53.81,1913.54,No
Male,0,No,No,31.0,Yes,Yes,DSL,No,No,Yes,Yes,Yes,No,One year,No,Mailed check,66.24,2471.46,No
Male,0,No,Yes,50.0,Yes,Yes,DSL,Yes,No,No,Yes,Yes,Yes,Two year,Yes,Bank transfer (automatic),72.89,3542.52,No
Female,0,No,No,28.0,Yes,No,DSL,Yes,Yes,No,No,No,No,One year,No,Mailed check,63.08,2125.72,No
Male,0,No,No,35.0,Yes,No,DSL,No,Yes,No,No,Yes,No,One year,No,Credit card (automatic),65.87,2459.2,No
Female,0,Yes,No,48.0,Yes,No,DSL,Yes,Yes,No,Yes,Yes,Yes,Two year,No,Bank transfer (automatic),79.8,3950.2,No
Male,0,Yes,Yes,27.0,Yes,Yes,DSL,No,Yes,No,Yes,Yes,Yes,Two year,No,Mailed check,79.99,2599.2,No
Female,0,Yes,Yes,47.0,Yes,Yes,DSL,Yes,Yes,Yes,No,Yes,Yes,One year,Yes,Electronic check,82.48,4254.2,No
Female,0,Yes,No,60.0,Yes,Yes,DSL,Yes,No,Yes,No,No,Yes,Two year,No,Bank transfer (automatic),78.5,5062.09,No
Female,0,Yes,No,50.0,Yes,No,DSL,Yes,Yes,No,No,No,Yes,One year,Yes,Bank transfer (automatic),67.37,3626.21,No
Female,0,Yes,No,72.0,Yes,No,DSL,Yes,Yes,Yes,Yes,Yes,Yes,Two year,No,Bank transfer (automatic),82.04,6970.8,No
Male,0,Yes,Yes,37.0,Yes,No,DSL,Yes,Yes,No,Yes,No,No,Two year,No,Mailed check,65.51,2263.41,No
Male,0,Yes,Yes,19.0,Yes,Yes,DSL,Yes,No,No,Yes,Yes,No,Two year,Yes,Mailed check,71.08,1625.34,No
Male,0,Yes,Yes,56.0,Yes,Yes,DSL,Yes,No,Yes,Yes,No,Yes,One year,Yes,Credit card (automatic),65.05,4254.1,No
Female,0,No,Yes,20.0,Yes,No,DSL,Yes,No,No,Yes,Yes,No,One year,No,Electronic check,62.85,1152.36,No
Male,1,No,No,72.0,Yes,No,DSL,Yes,Yes,No,Yes,No,Yes,Two year,Yes,Bank transfer (automatic),68.32,5510.72,No
Male,0,No,Yes,15.0,Yes,No,DSL,No,Yes,Yes,Yes,No,No,One year,No,Mailed check,58.52,719.67,No
Female,0,No,No,33.0,Yes,Yes,DSL,Yes,Yes,No,No,No,Yes,One year,Yes,Bank transfer (automatic),71.07,2669.26,No
Male,1,No,No,30.0,Yes,No,DSL,Yes,Yes,No,Yes,No,Yes,Two year,Yes,Bank transfer (automatic),64.85,2287.48,No
Male,0,No,Yes,72.0,Yes,No,DSL,Yes,Yes,Yes,Yes,No,No,Two year,Yes,Bank transfer (automatic),63.85,5532.38,No
Male,0,Yes,No,72.0,Yes,Yes,DSL,No,Yes,Yes,Yes,Yes,Yes,Two year,Yes,Bank transfer (automatic),88.5,7300.24,No
Female,0,Yes,Yes,22.0,Yes,No,DSL,Yes,No,Yes,Yes,No,No,One year,Yes,Bank transfer (automatic),51.37,926.56,No
Female,0,Yes,No,47.0,Yes,No,DSL,Yes,No,Yes,Yes,No,No,One year,Yes,Bank transfer (automatic),54.38,2511.92,No
Female,0,Yes,Yes,72.0,Yes,No,DSL,No,Yes,Yes,No,Yes,Yes,One year,Yes,Bank transfer (automatic),77.88,5709.81,No
Female,0,Yes,Yes,49.0,Yes,No,DSL,No,Yes,No,Yes,No,Yes,One year,Yes,Credit card (automatic),64.76,3390.62,No
Male,0,No,No,47.0,Yes,No,DSL,No,No,Yes,No,No,No,One year,Yes,Bank transfer (automatic),59.07,2276.28,No
Female,0,Yes,No,67.0,Yes,Yes,DSL,Yes,No,Yes,Yes,Yes,No,One year,Yes,Mailed check,66.73,4283.99,No
Male,0,Yes,Yes,72.0,Yes,Yes,DSL,Yes,No,Yes,No,Yes,Yes,One year,Yes,Bank transfer (automatic),65.46,5050.44,No
Male,0,Yes,Yes,38.0,Yes,No,DSL,Yes,Yes,No,Yes,Yes,No,Two year,No,Credit card (automatic),81.39,3722.42,No
Male,0,No,No,42.0,Yes,No,DSL,Yes,No,Yes,No,No,Yes,One year,Yes,Credit card (automatic),73.65,3263.01,No
Male,1,Yes,Yes,47.0,Yes,No,DSL,No,No,No,No,No,Yes,One year,No,Bank transfer (automatic),62.39,2866.75,No
Female,0,Yes,No,70.0,Yes,Yes,DSL,Yes,Yes,Yes,Yes,Yes,No,Two year,Yes,Electronic check,81.87,5653.25,No
Male,0,Yes,Yes,72.0,Yes,Yes,DSL,Yes,Yes,Yes,Yes,Yes,Yes,Two year,No,Credit card (automatic),99.71,7065.61,No
Male,1,No,Yes,72.0,Yes,Yes,DSL,Yes,Yes,Yes,Yes,No,Yes,Two year,Yes,Credit card (automatic),73.99,6411.37,No
Male,0,Yes,Yes,20.0,Yes,No,DSL,No,No,No,No,Yes,No,One year,Yes,Mailed check,47.23,774.55,No
Female,1,Yes,No,30.0,Yes,Yes,DSL,Yes,Yes,Yes,No,No,No,Two year,No,Bank transfer (automatic),74.43,2594.55,No
Male,0,No,No,57.0,Yes,Yes,DSL,Yes,Yes,Yes,Yes,Yes,Yes,One year,Yes,Mailed check,90.89,4939.89,No
Female,0,Yes,No,55.0,Yes,Yes,DSL,Yes,Yes,No,Yes,Yes,Yes,Two year,No,Mailed check,85.02,4846.69,No
Male,0,No,Yes,42.0,Yes,No,DSL,Yes,No,Yes,Yes,Yes,No,One year,Yes,Credit card (automatic),71.99,3443.12,No
Male,0,No,No,55.0,Yes,No,DSL,Yes,Yes,Yes,Yes,No,No,One year,No,Credit card (automatic),68.0,3968.18,No
Male,0,Yes,No,39.0,Yes,No,DSL,Yes,Yes,Yes,No,No,Yes,Two year,No,Credit card (automatic),71.42,2789.15,No
Male,0,No,No,0.0,Yes,No,DSL,No,Yes,No,No,No,Yes,One year,Yes,Credit card (automatic),54.93,0.0,No
Male,0,No,No,15.0,Yes,No,DSL,No,Yes,Yes,Yes,No,Yes,One year,No,Mailed check,72.24,973.52,No
Female,1,No,No,53.0,Yes,Yes,DSL,No,No,Yes,Yes,No,Yes,One year,Yes,Credit card (automatic),66.18,3802.05,No
Female,0,Yes,Yes,9.0,Yes,No,DSL,No,No,Yes,Yes,Yes,No,One year,Yes,Electronic check,68.18,582.17,No
Male,0,Yes,Yes,28.0,Yes,No,DSL,Yes,Yes,No,No,No,Yes,One year,No,Mailed check,54.31,1830.27,No
Male,0,Yes,No,72.0,Yes,Yes,DSL,Yes,Yes,Yes,Yes,Yes,No,Two year,No,Credit card (automatic),75.22,5560.61,No
Male,0,No,No,46.0,Yes,Yes,DSL,Yes,Yes,Yes,Yes,No,No,Two year,No,Bank transfer (automatic),74.9,3731.2,No
Male,0,Yes,No,47.0,Yes,Yes,DSL,Yes,No,Yes,Yes,Yes,Yes,One year,Yes,Credit card (automatic),76.98,3523.66,No
Male,0,Yes,Yes,32.0,Yes,Yes,DSL,Yes,Yes,No,Yes,No,Yes,One year,No,Credit card (automatic),73.71,2838.82,No
Female,0,No,No,51.0,Yes,No,DSL,No,No,Yes,Yes,No,No,One year,No,Credit card (automatic),48.58,2496.89,No
Male,0,No,No,43.0,Yes,Yes,DSL,Yes,No,No,Yes,Yes,Yes,Two year,Yes,Mailed check,80.62,3754.97,No
Female,0,Yes,No,43.0,Yes,No,DSL,No,Yes,No,No,No,Yes,One year,Yes,Electronic check,53.44,2472.04,No
Male,0,Yes,Yes,72.0,Yes,Yes,DSL,Yes,Yes,Yes,No,Yes,Yes,Two year,No,Bank transfer (automatic),88.51,6087.03,No
Male,0,No,No,67.0,Yes,Yes,DSL,Yes,Yes,Yes,Yes,Yes,Yes,Two year,No,Credit card (automatic),88.05,5556.59,No
Male,0,No,No,55.0,Yes,Yes,DSL,Yes,Yes,Yes,No,Yes,No,Two year,Yes,Electronic check,79.14,4105.37,No
Male,0,Yes,No,72.0,Yes,Yes,DSL,No,No,Yes,Yes,No,Yes,One year,Yes,Credit card (automatic),66.93,5799.59,No
Male,0,Yes,Yes,72.0,Yes,Yes,DSL,Yes,Yes,Yes,No,No,No,Two year,No,Mailed check,64.67,5602.17,No
Male,0,Yes,No,52.0,Yes,Yes,DSL,Yes,Yes,Yes,Yes,Yes,Yes,Two year,Yes,Bank transfer (automatic),101.49,5016.38,No
Male,0,No,No,41.0,Yes,Yes,DSL,No,No,Yes,No,Yes,Yes,One year,Yes,Credit card (automatic),86.91,3808.56,No
Male,0,Yes,No,62.0,Yes,No,DSL,No,No,Yes,Yes,No,Yes,One year,Yes,Credit card (automatic),67.49,4126.19,No
Male,0,No,No,16.0,Yes,No,DSL,Yes,Yes,No,Yes,Yes,Yes,One year,No,Mailed check,67.32,1135.77,No
Male,0,No,No,67.0,Yes,Yes,DSL,No,Yes,Yes,Yes,Yes,Yes,Two year,No,Credit card (automatic),92.64,5667.33,No
Male,0,Yes,No,59.0,Yes,Yes,DSL,Yes,No,Yes,Yes,No,Yes,Two year,No,Electronic check,81.37,4750.39,No
Male,0,Yes,Yes,72.0,Yes,No,DSL,Yes,Yes,No,Yes,No,Yes,One year,No,Bank transfer (automatic),74.68,5345.65,No
Female,0,Yes,Yes,33.0,Yes,Yes,DSL,No,No,Yes,Yes,Yes,Yes,One year,Yes,Mailed check,76.2,2546.96,No
Female,0,No,No,39.0,Yes,Yes,DSL,No,Yes,Yes,Yes,Yes,No,One year,No,Bank transfer (automatic),69.18,2846.17,No
Female,0,No,No,72.0,Yes,No,DSL,Yes,Yes,Yes,No,No,No,One year,Yes,Bank transfer (automatic),62.98,4393.51,No
Female,0,No,No,23.0,Yes,No,DSL,Yes,Yes,Yes,No,Yes,No,One year,No,Electronic check,69.71,1594.89,No
Female,0,Yes,No,17.0,Yes,No,DSL,No,No,No,Yes,Yes,No,One year,Yes,Mailed check,63.19,880.75,No
Male,0,Yes,No,68.0,Yes,Yes,DSL,Yes,Yes,Yes,Yes,Yes,No,Two year,Yes,Electronic check,87.9,5781.82,No
Female,0,Yes,Yes,72.0,Yes,No,DSL,No,No,Yes,No,Yes,Yes,Two year,Yes,Bank transfer (automatic),67.28,5640.87,No
Female,0,Yes,Yes,53.0,Yes,No,DSL,Yes,No,No,No,No,No,Two year,Yes,Electronic check,56.78,3165.62,No
Female,0,Yes,Yes,38.0,Yes,Yes,DSL,No,Yes,Yes,Yes,Yes,Yes,One year,No,Credit card (automatic),74.88,3271.1,No
Female,0,Yes,No,46.0,Yes,No,DSL,Yes,Yes,Yes,Yes,Yes,No,One year,No,Mailed check,79.71,3442.45,No
Male,0,Yes,Yes,72.0,Yes,No,DSL,No,Yes,No,No,Yes,No,Two year,No,Credit card (automatic),67.68,5538.98,No
Female,0,No,No,63.0,Yes,Yes,DSL,Yes,Yes,No,Yes,Yes,Yes,One year,Yes,Mailed check,92.67,5169.61,No
Female,0,Yes,Yes,61.0,Yes,No,DSL,Yes,No,Yes,Yes,No,No,Two year,Yes,Electronic check,62.38,4315.23,No
Female,0,Yes,No,57.0,Yes,Yes,DSL,No,Yes,Yes,Yes,Yes,Yes,Two year,Yes,Mailed check,89.65,5025.3,No
Female,0,Yes,No,63.0,Yes,No,DSL,Yes,Yes,Yes,Yes,No,Yes,Two year,No,Credit card (automatic),67.48,4304.59,No
Male,0,Yes,No,57.0,Yes,No,DSL,Yes,Yes,Yes,No,Yes,No,One year,No,Credit card (automatic),73.09,4190.33,No
Female,0,Yes,Yes,46.0,Yes,Yes,DSL,Yes,No,Yes,Yes,Yes,Yes,Two year,Yes,Credit card (automatic),79.34,3194.81,No
Female,0,No,No,42.0,Yes,Yes,DSL,Yes,No,Yes,Yes,No,No,One year,Yes,Credit card (automatic),71.9,2996.25,No
Female,0,Yes,Yes,59.0,Yes,Yes,DSL,Yes,No,No,Yes,Yes,Yes,Two year,No,Mailed check,87.94,5013.79,No
Female,0,No,Yes,47.0,Yes,Yes,DSL,No,No,Yes,Yes,No,No,Two year,Yes,Credit card (automatic),61.47,2972.26,No
Female,0,Yes,No,45.0,Yes,Yes,DSL,No,Yes,No,Yes,No,Yes,One year,No,Electronic check,65.64,3172.54,No
Male,0,Yes,Yes,57.0,Yes,Yes,DSL,Yes,Yes,Yes,Yes,Yes,Yes,Two year,No,Credit card (automatic),83.84,4829.3,No
Female,0,Yes,No,64.0,Yes,Yes,DSL,Yes,Yes,Yes,Yes,Yes,Yes,Two year,Yes,Bank transfer (automatic),96.38,5663.97,No
Male,0,No,No,54.0,Yes,Yes,DSL,Yes,Yes,No,No,Yes,Yes,One year,Yes,Electronic check,87.31,4731.21,No
Female,0,No,No,46.0,Yes,Yes,DSL,Yes,Yes,Yes,Yes,No,No,One year,Yes,Credit card (automatic),63.34,3000.38,No
Male,0,No,No,52.0,Yes,No,DSL,No,Yes,No,No,No,Yes,Two year,No,Bank transfer (automatic),63.42,3406.83,No
Female,0,No,No,72.0,Yes,No,DSL,Yes,Yes,Yes,Yes,Yes,Yes,Two year,Yes,Bank transfer (automatic),79.41,6720.32,No
Female,0,Yes,Yes,49.0,Yes,Yes,DSL,No,Yes,Yes,Yes,Yes,Yes,Two year,No,Bank transfer (automatic),81.64,4320.32,No
Male,0,No,No,54.0,Yes,No,DSL,Yes,Yes,Yes,Yes,Yes,Yes,Two year,No,Bank transfer (automatic),81.82,4680.7,No
Female,0,Yes,Yes,50.0,Yes,Yes,DSL,Yes,No,Yes,Yes,Yes,Yes,Two year,No,Bank transfer (automatic),82.31,4563.56,No
Male,0,Yes,No,67.0,Yes,Yes,DSL,Yes,No,No,Yes,No,No,One year,Yes,Bank transfer (automatic),62.21,4594.22,No
Female,0,Yes,Yes,48.0,Yes,Yes,DSL,No,Yes,Yes,Yes,Yes,Yes,One year,Yes,Bank transfer (automatic),77.08,3906.57,No
Male,1,Yes,No,52.0,Yes,Yes,DSL,Yes,Yes,No,No,No,No,One year,No,Credit card (automatic),55.9,3001.06,No
Female,0,Yes,No,42.0,Yes,No,DSL,Yes,Yes,Yes,Yes,No,No,One year,No,Electronic check,65.59,2584.08,No
Male,0,Yes,Yes,72.0,Yes,No,DSL,Yes,Yes,Yes,Yes,Yes,Yes,Two year,Yes,Electronic check,82.22,6810.25,No
Male,1,Yes,No,72.0,Yes,Yes,DSL,Yes,Yes,Yes,Yes,No,No,Two year,Yes,Credit card (automatic),69.04,5127.31,No
Female,0,Yes,No,72.0,Yes,Yes,DSL,Yes,Yes,Yes,Yes,Yes,Yes,Two year,No,Credit card (automatic),92.83,6909.9,No
Male,0,No,No,29.0,Yes,No,DSL,Yes,Yes,No,Yes,Yes,Yes,One year,No,Bank transfer (automatic),70.57,2129.08,No
Male,0,No,No,70.0,Yes,Yes,DSL,Yes,Yes,Yes,No,No,No,One year,No,Credit card (automatic),70.19,4958.98,No
Male,0,Yes,No,54.0,Yes,No,DSL,Yes,Yes,Yes,Yes,Yes,No,Two year,No,Credit card (automatic),71.56,3329.06,No
Male,0,Yes,Yes,66.0,Yes,Yes,DSL,Yes,Yes,Yes,No,Yes,Yes,Two year,No,Bank transfer (automatic),76.15,4907.8,No
Female,0,Yes,Yes,50.0,Yes,Yes,DSL,Yes,No,Yes,Yes,Yes,Yes,One year,No,Mailed check,88.62,4523.01,No
Male,0,Yes,Yes,72.0,Yes,Yes,DSL,Yes,Yes,No,Yes,Yes,No,Two year,No,Bank transfer (automatic),72.98,6323.73,No
Male,0,No,No,57.0,Yes,Yes,DSL,No,No,No,Yes,Yes,Yes,One year,No,Electronic check,74.56,4027.09,No
Male,0,Yes,Yes,57.0,Yes,No,DSL,Yes,Yes,Yes,Yes,Yes,Yes,Two year,No,Bank transfer (automatic),70.31,4180.35,No
Male,0,Yes,Yes,36.0,Yes,No,DSL,Yes,Yes,Yes,Yes,Yes,Yes,Two year,Yes,Credit card (automatic),90.32,3913.13,No
Male,0,No,Yes,16.0,Yes,No,DSL,Yes,No,No,Yes,Yes,No,One year,Yes,Mailed check,55.61,729.58,No
Female,0,Yes,Yes,72.0,Yes,No,DSL,No,Yes,Yes,No,Yes,Yes,Two year,No,Bank transfer (automatic),75.31,5662.27,No
Male,0,Yes,No,54.0,Yes,Yes,DSL,No,Yes,No,Yes,Yes,Yes,Two year,Yes,Bank transfer (automatic),84.71,5045.0,No
Male,0,No,No,44.0,Yes,Yes,DSL,Yes,Yes,No,No,Yes,No,One year,No,Credit card (automatic),62.53,2623.55,No
Male,0,No,Yes,67.0,Yes,Yes,DSL,Yes,No,Yes,Yes,Yes,Yes,Two year,No,Mailed check,84.41,5755.65,No
Male,0,Yes,Yes,48.0,Yes,No,DSL,Yes,No,Yes,No,Yes,No,One year,No,Credit card (automatic),73.21,3418.88,No
Female,0,Yes,No,72.0,Yes,No,DSL,No,Yes,No,Yes,Yes,No,Two year,Yes,Bank transfer (automatic),62.81,5442.91,No
Female,0,Yes,No,72.0,Yes,Yes,DSL,No,Yes,No,Yes,No,No,Two year,No,Bank transfer (automatic),61.42,5070.78,No
Female,0,Yes,Yes,26.0,Yes,Yes,DSL,Yes,Yes,Yes,No,Yes,No,Two year,No,Mailed check,79.93,2014.95,No
Male,0,No,No,4.0,Yes,No,DSL,No,No,Yes,Yes,Yes,Yes,Two year,No,Credit card (automatic),64.41,211.26,No
Female,0,No,No,38.0,Yes,No,DSL,Yes,Yes,Yes,Yes,Yes,No,One year,No,Electronic check,67.72,2162.39,No
Female,0,Yes,No,70.0,Yes,Yes,DSL,No,Yes,Yes,No,Yes,No,One year,No,Credit card (automatic),67.23,5046.97,No
Female,0,No,No,42.0,Yes,Yes,DSL,Yes,Yes,Yes,Yes,No,No,One year,No,Credit card (automatic),72.75,3064.93,No
Female,0,Yes,No,57.0,Yes,Yes,DSL,Yes,Yes,Yes,Yes,Yes,Yes,Two year,Yes,Bank transfer (automatic),85.34,4609.28,No
Female,0,Yes,Yes,61.0,Yes,Yes,DSL,Yes,Yes,Yes,No,Yes,Yes,Two year,Yes,Electronic check,84.69,5021.58,No
Male,0,No,Yes,38.0,Yes,Yes,DSL,No,Yes,Yes,Yes,No,Yes,One year,Yes,Bank transfer (automatic),72.37,2401.78,No
Female,0,Yes,No,50.0,Yes,No,DSL,Yes,Yes,Yes,Yes,No,No,Two year,No,Credit card (automatic),60.73,3148.55,No
Male,0,Yes,Yes,72.0,Yes,No,DSL,Yes,Yes,No,No,No,No,Two year,No,Credit card (automatic),63.07,4700.83,No
Female,0,Yes,No,60.0,Yes,Yes,DSL,Yes,No,No,Yes,Yes,Yes,Two year,No,Bank transfer (automatic),73.74,4679.13,No
Male,0,No,Yes,6.0,Yes,No,DSL,Yes,No,No,Yes,Yes,Yes,One year,Yes,Mailed check,72.57,472.6,No
Female,0,No,No,56.0,Yes,Yes,DSL,No,No,No,Yes,Yes,No,One year,No,Credit card (automatic),62.2,3763.06,No
Male,0,Yes,No,49.0,Yes,Yes,DSL,Yes,Yes,No,No,Yes,Yes,One year,Yes,Bank transfer (automatic),79.47,4041.79,No
Female,0,Yes,No,38.0,Yes,Yes,DSL,No,No,Yes,No,Yes,Yes,One year,Yes,Credit card (automatic),87.3,3576.7,No
Female,0,Yes,Yes,47.0,Yes,No,DSL,Yes,No,No,No,No,No,Two year,No,Bank transfer (automatic),52.95,2762.11,No
Male,0,No,No,31.0,Yes,No,DSL,Yes,No,No,No,No,No,One year,No,Mailed check,44.17,1122.79,No
Male,0,Yes,No,65.0,Yes,Yes,DSL,No,Yes,Yes,Yes,Yes,Yes,Two year,No,Credit card (automatic),91.42,5551.51,No
Male,0,Yes,Yes,55.0,Yes,Yes,DSL,Yes,No,No,Yes,Yes,Yes,One year,Yes,Bank transfer (automatic),67.21,4220.18,No
Female,0,Yes,Yes,48.0,Yes,No,DSL,No,Yes,Yes,Yes,Yes,No,One year,Yes,Bank transfer (automatic),72.2,3260.05,No
Female,1,No,No,72.0,Yes,Yes,DSL,No,Yes,No,Yes,Yes,Yes,Two year,Yes,Mailed check,89.13,6952.6,No
Female,0,Yes,Yes,68.0,Yes,Yes,DSL,Yes,Yes,Yes,Yes,No,No,Two year,No,Bank transfer (automatic),70.4,4798.99,No
Female,0,Yes,Yes,44.0,Yes,No,DSL,Yes,No,No,Yes,No,No,Two year,No,Credit card (automatic),61.12,2948.58,No
Male,0,Yes,Yes,54.0,Yes,No,DSL,Yes,Yes,Yes,Yes,No,Yes,Two year,Yes,Credit card (automatic),74.36,3613.73,No
Male,0,No,No,50.0,Yes,No,DSL,No,No,No,Yes,No,Yes,One year,Yes,Bank transfer (automatic),57.4,2782.58,No
Male,0,Yes,Yes,37.0,Yes,Yes,DSL,Yes,No,Yes,Yes,Yes,Yes,Two year,No,Mailed check,82.4,3142.43,No
Female,0,Yes,Yes,24.0,Yes,No,DSL,Yes,Yes,Yes,No,Yes,Yes,Two year,No,Credit card (automatic),75.24,1561.92,No
Male,0,Yes,Yes,21.0,Yes,Yes,DSL,Yes,Yes,No,No,Yes,Yes,One year,Yes,Credit card (automatic),73.17,1563.71,No
Male,0,Yes,Yes,64.0,Yes,Yes,DSL,Yes,Yes,No,No,No,No,One year,No,Bank transfer (automatic),57.65,4148.16,No
Male,0,Yes,Yes,50.0,Yes,Yes,DSL,Yes,Yes,Yes,Yes,Yes,No,One year,No,Credit card (automatic),76.61,3927.9,No
Female,0,Yes,Yes,50.0,Yes,Yes,DSL,No,No,Yes,Yes,Yes,Yes,Two year,Yes,Electronic check,98.32,5114.48,No
Male,0,Yes,No,55.0,Yes,No,DSL,No,No,Yes,Yes,No,Yes,Two year,Yes,Bank transfer (automatic),69.64,4034.79,No
Female,0,Yes,Yes,48.0,Yes,No,DSL,Yes,Yes,Yes,Yes,No,No,Two year,No,Electronic check,63.1,2848.72,No
Female,0,Yes,Yes,46.0,Yes,No,DSL,No,Yes,Yes,Yes,No,Yes,One year,Yes,Bank transfer (automatic),65.06,2760.33,No
Female,0,Yes,Yes,34.0,Yes,No,DSL,Yes,No,No,Yes,Yes,No,One year,Yes,Bank transfer (automatic),58.33,2186.08,No
Male,0,No,No,19.0,Yes,Yes,DSL,No,Yes,No,No,No,No,One year,Yes,Mailed check,48.23,751.4,No
Female,0,Yes,No,68.0,Yes,Yes,DSL,Yes,Yes,No,No,No,Yes,Two year,No,Bank transfer (automatic),69.22,4839.94,No
Female,0,Yes,No,23.0,Yes,No,DSL,No,Yes,No,Yes,No,No,One year,Yes,Mailed check,47.99,905.02,No
Female,0,No,No,39.0,Yes,No,DSL,Yes,Yes,Yes,Yes,No,No,Two year,No,Mailed check,67.81,2696.65,No
Female,0,No,No,44.0,Yes,Yes,DSL,Yes,Yes,No,Yes,Yes,Yes,One year,Yes,Mailed check,105.35,4662.93,No
Male,0,No,Yes,71.0,Yes,Yes,DSL,Yes,Yes,Yes,Yes,Yes,Yes,Two year,Yes,Bank transfer (automatic),95.98,6744.88,No
Female,0,Yes,Yes,42.0,Yes,No,DSL,Yes,Yes,Yes,No,No,Yes,One year,Yes,Mailed check,59.01,2806.16,No
Female,1,Yes,Yes,49.0,Yes,No,DSL,Yes,No,No,Yes,No,Yes,Two year,No,Mailed check,60.78,3491.82,No
Male,0,Yes,Yes,60.0,Yes,No,DSL,Yes,No,Yes,No,No,No,Two year,No,Credit card (automatic),57.41,3681.21,No
Female,0,No,No,59.0,Yes,Yes,DSL,Yes,Yes,Yes,No,Yes,Yes,One year,Yes,Credit card (automatic),83.95,4792.22,No
Female,0,No,Yes,35.0,Yes,Yes,DSL,No,No,Yes,No,No,Yes,One year,Yes,Mailed check,62.99,1986.25,No
Male,0,Yes,No,48.0,Yes,Yes,DSL,No,No,Yes,Yes,No,Yes,One year,No,Mailed check,59.86,3179.03,No
Female,0,No,Yes,45.0,Yes,No,DSL,Yes,No,Yes,No,No,Yes,One year,Yes,Bank transfer (automatic),63.55,2938.95,No
Male,0,Yes,Yes,28.0,Yes,Yes,DSL,No,Yes,No,No,No,No,Two year,No,Mailed check,56.26,1792.61,No
Female,0,Yes,No,51.0,Yes,Yes,DSL,No,No,Yes,Yes,Yes,Yes,One year,No,Credit card (automatic),74.61,3531.27,No
Female,0,Yes,No,53.0,Yes,Yes,DSL,Yes,No,Yes,No,No,No,One year,Yes,Mailed check,54.42,2813.38,No
Male,0,No,No,72.0,Yes,Yes,DSL,Yes,No,Yes,Yes,Yes,Yes,Two year,No,Bank transfer (automatic),79.85,6919.49,No
Female,0,No,No,11.0,Yes,No,DSL,Yes,No,No,Yes,No,No,One year,No,Credit card (automatic),61.82,557.54,No
Female,0,Yes,Yes,72.0,Yes,No,DSL,Yes,Yes,Yes,No,Yes,No,Two year,No,Bank transfer (automatic),74.64,6467.89,No
Male,0,Yes,Yes,48.0,Yes,Yes,DSL,No,Yes,Yes,No,No,Yes,Two year,Yes,Credit card (automatic),68.62,3543.42,No
Male,0,No,No,64.0,Yes,Yes,DSL,Yes,Yes,Yes,Yes,Yes,Yes,Two year,No,Bank transfer (automatic),90.84,6218.42,No
Male,0,No,Yes,33.0,Yes,No,DSL,No,No,No,No,No,Yes,One year,Yes,Bank transfer (automatic),60.1,2386.74,No
Female,0,No,Yes,24.0,Yes,No,DSL,Yes,No,No,Yes,No,No,One year,No,Mailed check,66.44,1641.3,No
Female,0,No,No,44.0,Yes,Yes,DSL,No,Yes,Yes,No,Yes,No,One year,No,Electronic check,71.88,2992.98,No
Male,0,No,No,42.0,Yes,No,DSL,No,No,No,Yes,Yes,Yes,Two year,Yes,Credit card (automatic),67.71,2858.54,No
Female,1,No,No,56.0,Yes,Yes,DSL,No,No,Yes,Yes,Yes,No,One year,No,Bank transfer (automatic),69.94,4486.42,No
Female,0,No,No,59.0,Yes,Yes,DSL,Yes,Yes,Yes,No,No,Yes,One year,Yes,Mailed check,73.7,4343.73,No
Female,0,Yes,Yes,46.0,Yes,No,DSL,Yes,Yes,Yes,No,Yes,No,Two year,Yes,Bank transfer (automatic),71.91,3764.18,No
Male,0,Yes,No,65.0,Yes,No,DSL,No,Yes,Yes,Yes,Yes,No,One year,Yes,Bank transfer (automatic),83.92,5405.16,No
Male,0,No,No,53.0,Yes,No,DSL,Yes,Yes,Yes,Yes,No,No,Two year,Yes,Bank transfer (automatic),64.15,3648.51,No
Male,0,No,No,72.0,Yes,No,DSL,Yes,Yes,Yes,No,Yes,Yes,Two year,Yes,Bank transfer (automatic),76.92,5371.25,No
Female,0,Yes,Yes,63.0,Yes,No,DSL,Yes,Yes,Yes,Yes,Yes,Yes,One year,Yes,Electronic check,86.18,5250.98,No
Female,0,No,Yes,45.0,Yes,No,DSL,No,Yes,No,Yes,Yes,No,Two year,No,Credit card (automatic),67.06,3631.6,No
Male,0,No,Yes,21.0,Yes,No,DSL,No,No,Yes,Yes,Yes,Yes,One year,No,Mailed check,66.66,1147.81,No
Male,0,Yes,No,52.0,Yes,No,DSL,Yes,Yes,No,No,No,No,One year,No,Credit card (automatic),54.29,3032.03,No
Female,0,Yes,Yes,72.0,Yes,Yes,DSL,No,Yes,Yes,Yes,Yes,Yes,Two year,Yes,Bank transfer (automatic),84.2,7295.83,No
Male,0,No,Yes,51.0,Yes,Yes,DSL,No,No,Yes,Yes,Yes,No,Two year,No,Bank transfer (automatic),69.83,3599.68,No
Male,0,Yes,Yes,31.0,Yes,No,DSL,No,No,Yes,No,Yes,Yes,Two year,Yes,Mailed check,64.02,1761.77,No
Male,0,Yes,No,37.0,Yes,Yes,DSL,No,Yes,No,Yes,Yes,Yes,Two year,Yes,Credit card (automatic),76.94,2846.52,No
Female,0,No,Yes,23.0,Yes,No,DSL,No,Yes,Yes,Yes,Yes,Yes,Two year,No,Mailed check,74.54,1777.45,No
Female,0,Yes,No,66.0,Yes,Yes,DSL,Yes,Yes,Yes,No,Yes,Yes,One year,No,Bank transfer (automatic),80.9,5074.65,No
Male,0,No,No,72.0,Yes,No,DSL,Yes,Yes,Yes,Yes,No,No,Two year,No,Credit card (automatic),64.93,5626.05,No
Female,0,Yes,Yes,72.0,Yes,Yes,DSL,Yes,Yes,Yes,Yes,Yes,Yes,Two year,Yes,Credit card (automatic),82.93,5692.2,No
Female,0,No,Yes,51.0,Yes,Yes,DSL,No,No,Yes,Yes,Yes,No,Two year,No,Bank transfer (automatic),73.54,3624.67,No
Female,0,Yes,No,72.0,Yes,Yes,DSL,Yes,Yes,No,Yes,Yes,Yes,Two year,No,Credit card (automatic),83.52,6580.09,No
Female,1,No,No,0.0,No,No,DSL,Yes,No,No,No,No,Yes,Month-to-month,Yes,Mailed check,44.04,0.0,Yes
Male,1,No,No,10.0,Yes,No,DSL,No,Yes,No,No,No,No,Month-to-month,Yes,Mailed check,40.59,347.24,No
Female,0,No,No,20.0,No,No,DSL,No,No,No,No,No,No,Month-to-month,No,Mailed check,42.29,865.69,Yes
Female,0,Yes,Yes,13.0,Yes,No,DSL,Yes,No,No,No,No,No,Month-to-month,No,Electronic check,57.33,736.68,No
Male,0,No,No,0.0,No,No,DSL,No,Yes,No,No,No,No,Month-to-month,Yes,Electronic check,27.22,0.0,Yes
Female,0,No,Yes,31.0,Yes,No,DSL,Yes,No,Yes,No,No,No,Month-to-month,No,Mailed check,56.06,1824.39,No
Female,0,No,No,10.0,Yes,No,DSL,No,No,No,No,Yes,No,Month-to-month,No,Mailed check,43.9,368.33,No
Male,0,No,Yes,12.0,Yes,No,DSL,No,No,No,Yes,Yes,No,Month-to-month,No,Mailed check,56.27,553.6,No
Male,0,No,No,0.0,No,No,DSL,No,No,No,No,No,No,Month-to-month,No,Electronic check,18.25,0.0,Yes
Male,0,Yes,Yes,5.0,No,No,DSL,Yes,Yes,No,No,No,No,Month-to-month,No,Mailed check,29.91,141.86,Yes
Male,0,No,No,7.0,No,No,DSL,Yes,Yes,No,No,Yes,Yes,Month-to-month,Yes,Electronic check,60.39,458.32,Yes
Female,0,No,No,4.0,No,No,DSL,No,Yes,No,No,No,No,Month-to-month,No,Electronic check,39.56,162.75,Yes
Female,0,Yes,No,11.0,Yes,No,DSL,No,No,Yes,No,No,Yes,Month-to-month,Yes,Electronic check,53.9,713.61,Yes
Female,0,No,No,26.0,Yes,No,DSL,Yes,Yes,No,No,No,No,Month-to-month,Yes,Mailed check,54.0,1440.83,No
Male,0,No,No,19.0,Yes,No,DSL,Yes,Yes,No,No,No,No,Month-to-month,Yes,Electronic check,55.75,868.45,No
Female,0,Yes,Yes,15.0,No,No,DSL,Yes,Yes,No,No,No,No,Month-to-month,No,Electronic check,41.75,753.7,No
Male,0,No,No,3.0,Yes,No,DSL,No,No,No,Yes,No,No,Month-to-month,Yes,Mailed check,43.56,107.14,Yes
Male,0,No,No,0.0,No,No,DSL,No,Yes,No,Yes,No,No,Month-to-month,Yes,Electronic check,41.38,0.0,Yes
Female,0,Yes,No,21.0,Yes,Yes,DSL,No,No,No,No,No,No,Month-to-month,No,Electronic check,44.46,963.3,Yes
Male,0,No,No,13.0,Yes,No,DSL,No,No,No,No,No,No,Month-to-month,No,Mailed check,43.9,467.98,No
Female,0,No,No,2.0,Yes,No,DSL,No,No,No,No,No,No,Month-to-month,Yes,Mailed check,46.24,83.37,No
Female,1,No,No,12.0,Yes,Yes,DSL,Yes,Yes,Yes,No,No,No,Month-to-month,Yes,Electronic check,47.81,470.39,No
Male,0,No,No,0.0,No,No,DSL,No,No,No,No,No,No,Month-to-month,No,Electronic check,24.19,0.0,No
Male,0,No,No,4.0,Yes,No,DSL,No,No,No,No,No,Yes,Month-to-month,Yes,Electronic check,52.61,253.27,No
Female,0,Yes,Yes,20.0,No,No,DSL,No,No,No,Yes,No,No,Month-to-month,No,Credit card (automatic),42.13,1014.05,Yes
Male,0,Yes,No,-0.0,No,No,DSL,Yes,No,No,No,Yes,Yes,Month-to-month,Yes,Mailed check,50.22,0.0,Yes
Male,0,No,No,8.0,No,No,DSL,No,No,No,No,No,Yes,Month-to-month,Yes,Electronic check,43.21,399.2,No
Male,1,No,Yes,0.0,No,No,DSL,No,Yes,Yes,Yes,No,Yes,Month-to-month,Yes,Mailed check,51.07,0.0,Yes
Male,0,No,No,14.0,Yes,No,DSL,No,No,Yes,No,No,No,Month-to-month,No,Electronic check,39.93,545.16,No
Male,0,No,No,0.0,No,No,DSL,No,No,No,No,Yes,No,Month-to-month,Yes,Electronic check,38.53,0.0,No
Male,0,No,Yes,6.0,No,No,DSL,No,No,No,No,No,No,Month-to-month,No,Mailed check,39.13,192.5,Yes
Male,0,No,No,0.0,No,No,DSL,No,No,No,No,No,No,Month-to-month,No,Mailed check,36.51,0.0,No
Female,0,Yes,No,0.0,Yes,No,DSL,No,No,No,No,No,No,Month-to-month,No,Electronic check,42.2,0.0,No
Female,0,No,No,11.0,No,No,DSL,No,No,No,No,No,Yes,Month-to-month,Yes,Electronic check,44.12,584.03,No
Female,0,No,No,11.0,Yes,No,DSL,No,No,No,No,No,No,Month-to-month,No,Mailed check,30.99,410.2,No
Female,1,No,No,0.0,No,No,DSL,No,No,No,No,Yes,No,Month-to-month,Yes,Electronic check,45.85,0.0,Yes
Male,0,No,No,2.0,Yes,No,DSL,No,No,No,Yes,No,Yes,Month-to-month,No,Electronic check,62.94,151.5,No
Male,0,Yes,Yes,24.0,Yes,Yes,DSL,No,No,Yes,Yes,Yes,No,Month-to-month,No,Electronic check,64.05,1343.64,Yes
Female,0,No,No,9.0,Yes,No,DSL,No,No,No,Yes,Yes,No,Month-to-month,Yes,Mailed check,53.42,578.61,Yes
Female,0,No,No,25.0,Yes,No,DSL,Yes,Yes,No,Yes,No,Yes,Month-to-month,No,Mailed check,81.86,1678.01,No
Male,0,No,No,4.0,Yes,No,DSL,No,Yes,No,Yes,No,No,Month-to-month,No,Mailed check,58.28,191.13,Yes
Female,0,No,No,26.0,Yes,No,DSL,No,No,No,Yes,No,No,Month-to-month,Yes,Electronic check,49.17,1285.58,No
Male,0,Yes,No,7.0,No,No,DSL,No,No,Yes,Yes,Yes,Yes,Month-to-month,Yes,Mailed check,50.88,391.64,No
Female,0,No,No,34.0,Yes,Yes,DSL,Yes,Yes,Yes,No,Yes,Yes,Month-to-month,No,Electronic check,81.29,2266.18,No
Female,0,Yes,Yes,8.0,Yes,No,DSL,No,Yes,No,No,Yes,No,Month-to-month,Yes,Mailed check,53.71,517.17,No
Female,0,No,No,15.0,Yes,No,DSL,No,Yes,No,No,No,No,Month-to-month,No,Electronic check,56.71,831.74,No
Male,0,Yes,Yes,9.0,Yes,No,DSL,No,No,No,No,No,No,Month-to-month,No,Electronic check,47.18,373.12,Yes
Female,1,No,No,0.0,No,No,DSL,No,No,No,No,No,No,Month-to-month,No,Electronic check,27.24,0.0,No
Male,0,No,No,4.0,Yes,No,DSL,No,No,No,Yes,No,No,Month-to-month,No,Mailed check,39.74,130.33,Yes
Female,0,No,No,8.0,No,No,DSL,No,No,No,No,No,No,Month-to-month,Yes,Electronic check,19.16,125.7,No
Female,1,No,No,12.0,No,No,DSL,Yes,Yes,No,No,Yes,Yes,Month-to-month,No,Mailed check,55.91,807.51,No
Male,1,No,No,0.0,No,No,DSL,No,No,No,No,No,Yes,Month-to-month,Yes,Electronic check,43.95,0.0,Yes
Female,0,Yes,No,9.0,Yes,No,DSL,Yes,No,No,Yes,No,No,Month-to-month,No,Electronic check,66.02,487.2,Yes
Female,0,No,No,15.0,No,No,DSL,No,Yes,No,No,No,No,Month-to-month,Yes,Mailed check,28.74,518.79,Yes
Male,0,No,No,9.0,Yes,No,DSL,Yes,Yes,No,No,No,No,Month-to-month,Yes,Electronic check,58.48,547.77,No
Female,0,No,No,20.0,No,No,DSL,Yes,Yes,No,No,Yes,No,Month-to-month,Yes,Electronic check,41.9,911.02,No
Female,0,No,No,0.0,Yes,No,DSL,Yes,No,No,No,No,No,Month-to-month,Yes,Electronic check,55.48,0.0,Yes
Female,0,No,No,7.0,Yes,No,DSL,No,No,No,No,No,No,Month-to-month,Yes,Electronic check,49.13,413.9,Yes
Male,0,No,No,7.0,No,No,DSL,No,Yes,No,Yes,Yes,Yes,Month-to-month,Yes,Electronic check,68.61,393.79,No
Male,1,No,No,0.0,Yes,No,DSL,No,No,No,No,No,No,Month-to-month,Yes,Electronic check,43.96,0.0,Yes
Male,0,No,No,9.0,Yes,No,DSL,Yes,No,No,No,No,Yes,Month-to-month,No,Mailed check,51.55,497.99,No
Male,1,Yes,No,6.0,No,No,DSL,No,No,No,No,No,No,Month-to-month,No,Electronic check,18.25,89.78,Yes
Female,0,Yes,No,20.0,No,No,DSL,No,No,No,No,No,No,Month-to-month,Yes,Electronic check,32.2,663.67,No
Female,0,Yes,Yes,20.0,Yes,No,DSL,Yes,No,No,Yes,Yes,Yes,Month-to-month,Yes,Mailed check,68.58,1263.38,No
Female,0,No,No,9.0,No,No,DSL,No,No,No,No,No,No,Month-to-month,No,Electronic check,32.53,319.15,Yes
Male,0,No,Yes,22.0,Yes,Yes,DSL,Yes,No,No,No,No,No,Month-to-month,No,Mailed check,67.96,1225.87,No
Male,0,No,No,0.0,Yes,No,DSL,No,No,No,No,Yes,No,Month-to-month,Yes,Electronic check,47.84,0.0,Yes
Male,0,No,No,0.0,Yes,No,DSL,No,No,No,No,No,No,Month-to-month,Yes,Mailed check,53.26,0.0,Yes
Male,0,No,No,0.0,Yes,No,DSL,No,No,Yes,Yes,Yes,No,Month-to-month,Yes,Mailed check,55.82,0.0,No
Male,0,No,No,11.0,Yes,No,DSL,No,No,No,No,No,Yes,Month-to-month,No,Mailed check,44.63,539.51,No
Female,0,No,Yes,7.0,Yes,No,DSL,Yes,Yes,No,No,No,Yes,Month-to-month,Yes,Mailed check,59.78,377.11,No
Male,0,No,No,10.0,Yes,No,DSL,Yes,No,No,No,Yes,No,Month-to-month,No,Mailed check,61.3,737.71,No
Female,0,No,Yes,7.0,Yes,No,DSL,No,Yes,No,No,Yes,No,Month-to-month,Yes,Electronic check,57.7,331.14,No
Female,0,Yes,No,12.0,Yes,No,DSL,Yes,No,No,Yes,Yes,Yes,Month-to-month,Yes,Electronic check,66.48,697.06,Yes
Female,0,No,No,5.0,No,No,DSL,No,No,No,Yes,Yes,Yes,Month-to-month,Yes,Credit card (automatic),49.09,238.58,Yes
Female,0,No,Yes,27.0,No,No,DSL,Yes,Yes,Yes,Yes,No,No,Month-to-month,Yes,Electronic check,50.31,1313.92,No
Female,1,No,No,6.0,Yes,Yes,DSL,No,No,No,No,No,No,Month-to-month,Yes,Electronic check,48.25,250.94,Yes
Female,0,No,No,4.0,Yes,No,DSL,No,No,No,No,No,No,Month-to-month,No,Electronic check,40.91,134.16,No
Female,0,No,Yes,2.0,Yes,No,DSL,No,Yes,No,No,No,No,Month-to-month,No,Mailed check,39.16,94.27,No
Male,0,No,No,12.0,Yes,No,DSL,No,Yes,No,No,No,No,Month-to-month,No,Electronic check,49.69,576.66,No
Female,0,No,No,1.0,Yes,No,DSL,Yes,Yes,No,No,Yes,Yes,Month-to-month,Yes,Mailed check,57.17,68.81,No
Female,0,No,No,5.0,Yes,No,DSL,No,No,No,No,No,No,Month-to-month,No,Electronic check,29.8,122.15,Yes
Male,0,No,No,8.0,Yes,No,DSL,No,Yes,No,Yes,No,No,Month-to-month,Yes,Credit card (automatic),45.45,437.63,Yes
Male,0,Yes,No,9.0,No,No,DSL,No,Yes,Yes,No,No,Yes,Month-to-month,No,Electronic check,41.72,451.89,No
Male,0,No,Yes,0.0,No,No,DSL,No,No,No,Yes,No,No,Month-to-month,Yes,Mailed check,33.62,0.0,Yes
Male,0,No,No,12.0,Yes,No,DSL,Yes,No,No,No,No,No,Month-to-month,Yes,Mailed check,54.75,615.73,Yes
Female,0,Yes,No,7.0,Yes,No,DSL,Yes,No,No,No,No,No,Month-to-month,No,Mailed check,45.91,386.78,No
Female,0,No,Yes,9.0,No,No,DSL,No,Yes,No,No,No,Yes,Month-to-month,Yes,Mailed check,38.79,420.12,Yes
Male,0,No,No,27.0,Yes,No,DSL,No,Yes,No,No,No,No,Month-to-month,No,Mailed check,47.01,1341.3,No
Female,0,No,No,1.0,Yes,No,DSL,Yes,Yes,No,No,Yes,No,Month-to-month,No,Electronic check,66.99,80.63,No
Male,0,Yes,Yes,19.0,Yes,No,DSL,Yes,No,No,No,No,No,Month-to-month,Yes,Electronic check,51.16,1169.8,No
Female,0,No,No,0.0,Yes,No,DSL,Yes,No,No,No,No,Yes,Month-to-month,No,Electronic check,57.94,0.0,Yes
Male,0,No,No,14.0,Yes,No,DSL,No,No,No,No,No,No,Month-to-month,Yes,Mailed check,54.7,810.11,No
Male,0,No,No,15.0,No,No,DSL,No,No,No,No,No,No,Month-to-month,No,Mailed check,28.25,510.01,No
Female,0,No,No,14.0,No,No,DSL,Yes,Yes,No,No,No,No,Month-to-month,Yes,Electronic check,50.74,854.88,No
Male,0,No,No,20.0,Yes,No,DSL,Yes,Yes,No,No,No,No,Month-to-month,No,Mailed check,49.73,1157.77,No
Male,0,No,No,3.0,No,No,DSL,No,No,No,No,Yes,No,Month-to-month,Yes,Mailed check,31.38,77.2,No
Male,0,Yes,No,6.0,No,No,DSL,No,No,No,No,No,No,Month-to-month,No,Electronic check,29.94,216.23,No
Female,1,No,No,25.0,Yes,Yes,DSL,No,No,No,No,Yes,Yes,Month-to-month,Yes,Electronic check,62.91,1335.4,No
Male,0,No,No,19.0,Yes,No,DSL,No,No,No,Yes,No,No,Month-to-month,Yes,Electronic check,47.25,917.93,Yes
Male,0,No,Yes,18.0,Yes,No,DSL,No,Yes,Yes,No,Yes,No,Month-to-month,No,Mailed check,81.09,1196.79,No
Male,0,No,No,1.0,Yes,No,DSL,No,No,No,No,No,No,Month-to-month,No,Mailed check,43.42,35.6,No
Male,0,Yes,Yes,16.0,Yes,No,DSL,Yes,Yes,No,No,Yes,Yes,Month-to-month,Yes,Mailed check,71.77,1048.96,No
Female,0,Yes,Yes,15.0,No,No,DSL,No,No,No,No,Yes,No,Month-to-month,Yes,Electronic check,38.77,664.69,No
Female,0,No,No,19.0,Yes,Yes,DSL,No,No,No,Yes,Yes,Yes,Month-to-month,Yes,Mailed check,69.78,1087.12,No
Female,0,No,Yes,15.0,Yes,No,DSL,Yes,No,No,Yes,No,No,Month-to-month,No,Electronic check,53.21,960.62,Yes
Male,0,No,No,-0.0,No,No,DSL,No,No,No,No,No,No,Month-to-month,Yes,Mailed check,32.04,0.0,Yes
Male,0,No,No,11.0,No,No,DSL,No,No,No,No,No,No,Month-to-month,Yes,Electronic check,27.42,331.8,Yes
Female,0,No,No,30.0,Yes,No,DSL,Yes,Yes,No,Yes,Yes,Yes,Month-to-month,Yes,Mailed check,72.68,1887.05,No
Female,0,No,No,25.0,Yes,Yes,DSL,No,No,No,No,Yes,No,Month-to-month,Yes,Electronic check,78.77,1614.57,Yes
Female,0,No,No,8.0,Yes,Yes,DSL,Yes,No,No,Yes,No,No,Month-to-month,Yes,Mailed check,68.68,608.81,Yes
Female,0,No,No,20.0,Yes,No,DSL,No,No,No,Yes,Yes,No,Month-to-month,No,Mailed check,63.33,1049.37,No
Female,0,No,No,5.0,No,No,DSL,No,Yes,No,No,No,Yes,Month-to-month,Yes,Mailed check,48.57,240.67,No
Male,0,No,No,13.0,No,No,DSL,No,Yes,Yes,No,No,No,Month-to-month,Yes,Electronic check,26.87,391.51,No
Male,0,Yes,No,23.0,Yes,Yes,DSL,Yes,No,No,No,No,No,Month-to-month,Yes,Electronic check,61.83,1342.61,No
Male,0,Yes,No,12.0,Yes,No,DSL,Yes,Yes,No,No,No,No,Month-to-month,Yes,Mailed check,50.22,722.87,Yes
Female,1,No,No,0.0,No,No,DSL,No,Yes,No,No,No,No,Month-to-month,Yes,Electronic check,38.82,0.0,Yes
Male,0,No,No,7.0,No,No,DSL,No,No,No,No,Yes,Yes,Month-to-month,Yes,Electronic check,42.02,241.16,Yes
Female,1,No,Yes,16.0,No,No,DSL,No,No,No,Yes,No,Yes,Month-to-month,No,Mailed check,45.73,722.53,No
Female,0,Yes,Yes,15.0,Yes,Yes,DSL,Yes,No,No,No,No,No,Month-to-month,Yes,Mailed check,43.09,740.79,Yes
Male,0,No,Yes,7.0,Yes,No,DSL,No,No,No,No,No,No,Month-to-month,No,Electronic check,42.8,292.35,Yes
Male,0,No,No,5.0,Yes,No,DSL,No,No,No,No,No,No,Month-to-month,Yes,Mailed check,63.08,379.6,No
Male,0,No,No,6.0,Yes,Yes,DSL,No,No,No,Yes,No,No,Month-to-month,Yes,Mailed check,66.08,370.12,No
Male,0,No,No,14.0,Yes,No,DSL,No,No,No,No,Yes,Yes,Month-to-month,Yes,Electronic check,59.33,681.06,No
Female,0,No,No,26.0,Yes,No,DSL,Yes,No,Yes,No,Yes,No,Month-to-month,No,Mailed check,66.33,1490.06,No
Male,0,No,No,0.0,No,No,DSL,No,No,No,No,No,No,Month-to-month,Yes,Electronic check,34.13,0.0,Yes
Female,0,No,No,22.0,Yes,Yes,DSL,No,No,No,No,No,No,Month-to-month,No,Mailed check,35.92,951.02,No
Male,0,No,No,4.0,Yes,No,DSL,No,Yes,No,Yes,No,No,Month-to-month,No,Mailed check,47.01,222.45,Yes
Male,0,Yes,Yes,28.0,Yes,No,DSL,Yes,Yes,No,Yes,No,Yes,Month-to-month,No,Mailed check,60.63,1405.73,No
Female,0,Yes,Yes,14.0,Yes,No,DSL,Yes,No,No,No,No,No,Month-to-month,Yes,Mailed check,47.64,802.78,No
Male,0,No,No,9.0,Yes,No,DSL,Yes,No,Yes,No,Yes,Yes,Month-to-month,Yes,Mailed check,75.13,554.4,No
Male,0,No,No,4.0,No,No,DSL,No,No,No,No,No,Yes,Month-to-month,Yes,Mailed check,51.15,246.22,Yes
Female,0,Yes,Yes,11.0,Yes,No,DSL,No,No,No,Yes,No,No,Month-to-month,No,Mailed check,60.72,597.22,Yes
Female,0,Yes,No,2.0,Yes,No,DSL,No,No,No,No,No,No,Month-to-month,Yes,Electronic check,45.75,75.02,Yes
Female,0,No,Yes,7.0,Yes,No,DSL,Yes,Yes,No,Yes,No,No,Month-to-month,No,Mailed check,57.02,327.24,No
Female,0,No,No,16.0,Yes,No,DSL,No,No,No,Yes,No,No,Month-to-month,No,Mailed check,46.73,899.93,No
Male,0,No,No,4.0,Yes,No,DSL,No,No,Yes,No,No,No,Month-to-month,No,Mailed check,45.85,220.73,Yes
Female,0,No,No,11.0,Yes,Yes,DSL,No,Yes,No,No,No,No,Month-to-month,No,Mailed check,61.53,654.67,Yes
Female,1,Yes,Yes,1.0,Yes,No,DSL,No,No,No,No,No,No,Month-to-month,Yes,Electronic check,59.65,71.78,Yes
Male,0,No,No,7.0,Yes,No,DSL,No,No,No,No,No,Yes,Month-to-month,No,Mailed check,50.38,424.44,No
Male,0,Yes,No,13.0,Yes,No,DSL,Yes,No,No,No,No,No,Month-to-month,Yes,Electronic check,44.23,508.08,Yes
Female,0,No,No,9.0,Yes,Yes,DSL,Yes,No,No,Yes,No,Yes,Month-to-month,Yes,Electronic check,59.09,640.03,No
Female,0,No,No,0.0,Yes,No,DSL,No,No,No,No,No,No,Month-to-month,Yes,Electronic check,50.33,0.0,No
Female,0,No,No,8.0,Yes,Yes,DSL,No,Yes,No,Yes,No,No,Month-to-month,Yes,Mailed check,53.51,483.67,Yes
Male,0,No,No,13.0,No,No,DSL,No,No,No,No,Yes,No,Month-to-month,No,Mailed check,33.89,501.34,No
Female,0,Yes,Yes,26.0,Yes,Yes,DSL,No,Yes,No,No,No,No,Month-to-month,Yes,Mailed check,65.06,1494.95,Yes
Female,0,No,No,18.0,Yes,No,DSL,Yes,Yes,No,No,No,No,Month-to-month,No,Mailed check,52.82,915.38,No
Female,0,Yes,Yes,10.0,Yes,Yes,DSL,Yes,Yes,No,No,No,No,Month-to-month,Yes,Mailed check,53.88,441.78,No
Male,0,No,No,0.0,No,No,DSL,Yes,No,Yes,No,No,Yes,Month-to-month,Yes,Electronic check,35.55,0.0,Yes
Female,0,No,No,0.0,No,No,DSL,No,No,No,No,No,No,Month-to-month,Yes,Mailed check,35.76,0.0,Yes
Male,0,No,No,3.0,Yes,No,DSL,No,No,No,No,No,No,Month-to-month,Yes,Mailed check,44.77,132.23,Yes
Female,0,No,No,18.0,Yes,Yes,DSL,Yes,No,No,Yes,No,No,Month-to-month,Yes,Electronic check,47.38,945.68,Yes
Female,1,Yes,No,26.0,No,No,DSL,Yes,No,No,Yes,No,No,Month-to-month,No,Electronic check,51.53,1526.2,Yes
Male,0,No,No,3.0,No,No,DSL,No,No,Yes,No,No,No,Month-to-month,No,Mailed check,18.25,44.89,No
Male,0,No,No,15.0,Yes,No,DSL,Yes,No,Yes,No,Yes,Yes,Month-to-month,No,Electronic check,72.62,893.17,No
Female,0,Yes,Yes,7.0,Yes,No,DSL,Yes,No,No,No,No,No,Month-to-month,Yes,Mailed check,55.87,320.66,Yes
Female,0,No,No,18.0,Yes,Yes,DSL,Yes,Yes,No,No,No,No,Month-to-month,Yes,Mailed check,42.58,884.15,Yes
Male,0,Yes,Yes,13.0,Yes,No,DSL,No,Yes,No,No,No,No,Month-to-month,No,Electronic check,47.83,748.36,No
Female,0,No,No,0.0,Yes,No,DSL,Yes,No,No,No,No,No,Month-to-month,No,Electronic check,42.39,0.0,No
Male,0,No,No,30.0,Yes,No,DSL,Yes,No,Yes,No,No,No,Month-to-month,No,Mailed check,43.91,1585.34,Yes
Female,0,No,No,17.0,Yes,No,DSL,No,Yes,No,No,Yes,No,Month-to-month,No,Electronic check,50.43,865.3,No
Female,0,No,No,0.0,Yes,No,DSL,No,No,No,No,No,No,Month-to-month,No,Electronic check,38.88,0.0,Yes
Female,0,Yes,Yes,11.0,Yes,No,DSL,Yes,No,No,Yes,No,No,Month-to-month,Yes,Mailed check,59.49,661.04,No
Male,0,No,Yes,23.0,Yes,No,DSL,No,No,No,No,No,No,Month-to-month,Yes,Mailed check,39.87,1103.54,No
Female,0,No,Yes,10.0,Yes,Yes,DSL,No,Yes,No,No,No,No,Month-to-month,Yes,Credit card (automatic),53.39,642.59,Yes
Female,0,No,No,0.0,Yes,No,DSL,No,No,No,No,Yes,Yes,Month-to-month,Yes,Electronic check,62.38,0.0,No
Male,0,No,No,0.0,No,No,DSL,No,No,Yes,No,No,No,Month-to-month,No,Mailed check,35.01,0.0,Yes
Male,0,No,Yes,10.0,Yes,No,DSL,No,No,No,Yes,No,No,Month-to-month,Yes,Electronic check,55.14,660.02,No
Female,0,Yes,Yes,0.0,No,No,DSL,No,No,No,No,No,No,Month-to-month,Yes,Electronic check,24.75,0.0,Yes
Male,0,No,Yes,0.0,No,No,DSL,No,No,No,No,No,No,Month-to-month,No,Mailed check,32.53,0.0,Yes
Male,0,No,No,9.0,Yes,Yes,DSL,Yes,No,No,No,No,No,Month-to-month,Yes,Mailed check,47.53,514.84,No
Female,0,No,No,13.0,Yes,No,DSL,No,No,No,No,No,No,Month-to-month,No,Electronic check,37.23,527.71,Yes
Female,0,Yes,No,1.0,Yes,No,DSL,No,No,Yes,No,Yes,No,Month-to-month,Yes,Electronic check,50.45,60.72,No
Female,0,Yes,Yes,17.0,Yes,No,DSL,Yes,No,No,No,No,No,Month-to-month,No,Electronic check,52.47,1030.07,Yes
Male,0,No,No,7.0,Yes,No,DSL,Yes,No,No,No,No,No,Month-to-month,Yes,Mailed check,56.83,478.77,No
Female,0,Yes,Yes,5.0,No,No,DSL,No,No,No,Yes,Yes,No,Month-to-month,No,Electronic check,35.1,143.88,No
Female,0,Yes,Yes,1.0,Yes,Yes,DSL,No,No,No,No,No,No,Month-to-month,No,Mailed check,31.78,26.05,No
Female,0,No,No,29.0,Yes,No,DSL,Yes,No,No,Yes,Yes,No,Month-to-month,No,Electronic check,58.78,1478.95,No
Male,0,No,No,14.0,Yes,No,DSL,No,Yes,No,No,No,No,Month-to-month,No,Mailed check,52.72,605.19,No
Female,0,No,No,15.0,No,No,DSL,No,Yes,No,No,No,Yes,Month-to-month,Yes,Electronic check,46.0,782.12,Yes
Male,0,No,Yes,5.0,Yes,No,DSL,Yes,No,No,No,No,Yes,Month-to-month,No,Electronic check,66.19,398.27,No
Female,1,No,No,5.0,Yes,No,DSL,Yes,Yes,No,Yes,No,No,Month-to-month,Yes,Mailed check,57.0,343.0,No
Female,1,No,No,18.0,Yes,No,DSL,No,Yes,No,No,No,No,Month-to-month,Yes,Electronic check,47.8,968.29,Yes
Male,0,Yes,No,9.0,Yes,No,DSL,No,No,No,No,No,No,Month-to-month,Yes,Electronic check,31.57,341.98,No
Male,1,No,No,0.0,Yes,No,DSL,No,No,No,No,No,No,Month-to-month,No,Bank transfer (automatic),33.3,0.0,Yes
Female,0,No,No,21.0,Yes,No,DSL,Yes,Yes,No,Yes,No,No,Month-to-month,Yes,Mailed check,55.5,1209.59,Yes
Male,0,No,No,9.0,Yes,No,DSL,Yes,Yes,No,No,No,No,Month-to-month,Yes,Mailed check,44.52,366.79,Yes
Male,0,No,No,24.0,Yes,Yes,DSL,Yes,Yes,No,No,Yes,No,Month-to-month,Yes,Mailed check,53.07,1202.08,Yes
Male,0,Yes,Yes,-0.0,Yes,No,DSL,No,No,No,No,No,No,Month-to-month,Yes,Electronic check,45.75,0.0,No
Male,0,No,No,0.0,No,No,DSL,Yes,No,No,No,No,No,Month-to-month,No,Electronic check,35.87,0.0,No
Male,0,Yes,No,0.0,No,No,DSL,No,No,No,No,Yes,No,Month-to-month,No,Electronic check,35.1,0.0,Yes
Female,0,No,Yes,28.0,Yes,No,DSL,Yes,No,No,Yes,No,No,Month-to-month,No,Mailed check,56.96,1919.53,No
Female,0,No,No,8.0,No,No,DSL,No,No,No,No,No,No,Month-to-month,Yes,Mailed check,29.13,280.44,No
Female,0,No,No,13.0,Yes,No,DSL,Yes,Yes,No,Yes,No,No,Month-to-month,Yes,Mailed check,57.73,615.34,No
Female,1,Yes,No,12.0,No,No,DSL,Yes,No,No,No,Yes,No,Month-to-month,No,Electronic check,47.88,691.44,Yes
Male,0,No,No,20.0,Yes,Yes,DSL,No,No,Yes,No,No,No,Month-to-month,Yes,Mailed check,52.84,1067.57,Yes
Male,0,No,No,0.0,Yes,No,DSL,No,No,No,No,No,No,Month-to-month,Yes,Electronic check,48.51,0.0,Yes
Male,0,No,No,0.0,Yes,No,DSL,Yes,No,No,No,No,No,Month-to-month,Yes,Mailed check,34.03,0.0,No
Female,1,Yes,No,18.0,No,No,DSL,No,No,No,No,No,No,Month-to-month,No,Electronic check,27.27,590.86,Yes
Male,0,No,No,27.0,Yes,Yes,DSL,No,Yes,No,No,No,No,Month-to-month,No,Electronic check,51.72,1426.86,No
Male,0,Yes,Yes,7.0,Yes,No,DSL,No,No,Yes,No,No,Yes,Month-to-month,Yes,Electronic check,46.09,265.34,No
Female,0,No,Yes,0.0,Yes,No,DSL,Yes,No,No,No,No,No,Month-to-month,Yes,Mailed check,54.74,0.0,No
Male,0,No,No,7.0,Yes,No,DSL,No,Yes,No,No,No,No,Month-to-month,Yes,Credit card (automatic),41.0,336.07,No
Female,1,Yes,Yes,0.0,No,No,DSL,No,No,No,No,No,No,Month-to-month,No,Electronic check,33.25,0.0,No
Male,0,Yes,No,19.0,Yes,No,DSL,No,Yes,No,No,No,No,Month-to-month,Yes,Electronic check,43.12,951.64,Yes
Male,0,Yes,Yes,25.0,Yes,No,DSL,No,No,No,Yes,No,No,Month-to-month,Yes,Mailed check,58.44,1348.7,No
Male,0,No,No,13.0,No,No,DSL,No,No,No,No,No,No,Month-to-month,Yes,Mailed check,35.03,373.4,No
Male,0,Yes,Yes,0.0,No,No,DSL,No,Yes,No,No,Yes,Yes,Month-to-month,Yes,Mailed check,44.85,0.0,Yes
Male,0,No,No,0.0,Yes,No,DSL,Yes,No,No,No,No,No,Month-to-month,Yes,Electronic check,46.41,0.0,Yes
Female,0,No,Yes,5.0,Yes,Yes,DSL,No,Yes,No,No,No,No,Month-to-month,Yes,Mailed check,59.66,244.57,No
Male,0,Yes,Yes,27.0,No,No,DSL,No,Yes,Yes,No,No,No,Month-to-month,Yes,Mailed check,45.89,1434.67,No
Male,0,No,No,13.0,Yes,No,DSL,No,No,No,No,Yes,No,Month-to-month,Yes,Electronic check,61.42,884.18,Yes
Male,0,No,Yes,12.0,No,No,DSL,No,No,No,Yes,No,No,Month-to-month,Yes,Credit card (automatic),45.58,630.12,Yes
Female,0,Yes,Yes,2.0,Yes,No,DSL,Yes,No,No,No,No,No,Month-to-month,No,Mailed check,47.94,78.62,Yes
Male,0,No,No,11.0,No,No,DSL,No,No,No,No,No,No,Month-to-month,Yes,Mailed check,25.18,333.41,No
Female,0,No,Yes,5.0,Yes,No,DSL,No,No,No,No,No,No,Month-to-month,Yes,Mailed check,34.35,140.8,Yes
Female,0,No,Yes,11.0,Yes,No,DSL,No,No,No,No,Yes,Yes,Month-to-month,No,Mailed check,54.19,717.43,No
Female,0,No,No,16.0,Yes,No,DSL,No,Yes,No,No,No,Yes,Month-to-month,Yes,Mailed check,52.82,865.36,Yes
Male,0,Yes,No,15.0,Yes,No,DSL,Yes,No,No,No,Yes,No,Month-to-month,No,Electronic check,54.69,987.36,No
Female,0,Yes,Yes,9.0,Yes,No,DSL,No,No,No,No,No,Yes,Month-to-month,No,Electronic check,49.9,480.59,No
Female,0,No,No,4.0,Yes,No,DSL,No,No,No,No,No,No,Month-to-month,Yes,Electronic check,44.63,214.83,No
Male,0,No,No,10.0,Yes,No,DSL,No,No,No,No,Yes,No,Month-to-month,No,Electronic check,67.34,713.46,No
Male,0,No,No,8.0,Yes,No,DSL,Yes,No,Yes,Yes,No,No,Month-to-month,Yes,Mailed check,55.09,530.39,No
Male,0,Yes,No,19.0,Yes,Yes,DSL,Yes,No,Yes,No,Yes,No,Month-to-month,No,Electronic check,84.66,1318.89,Yes
Female,0,No,No,11.0,Yes,Yes,DSL,Yes,No,No,Yes,Yes,No,Month-to-month,Yes,Electronic check,60.49,677.5,Yes
Male,0,No,No,19.0,Yes,No,DSL,No,No,No,Yes,Yes,Yes,Month-to-month,Yes,Electronic check,65.53,1020.93,Yes
Female,0,Yes,No,23.0,Yes,No,DSL,Yes,Yes,No,No,No,No,Month-to-month,No,Mailed check,56.08,1373.63,No
Female,0,Yes,Yes,7.0,Yes,No,DSL,No,No,No,Yes,No,No,Month-to-month,No,Mailed check,41.41,321.41,No
Male,0,No,No,14.0,Yes,Yes,DSL,Yes,No,Yes,No,No,No,Month-to-month,No,Electronic check,59.51,807.11,Yes
Male,0,No,No,8.0,Yes,No,DSL,No,No,No,No,Yes,No,Month-to-month,Yes,Electronic check,49.63,477.87,No
Male,0,Yes,No,0.0,Yes,No,DSL,No,No,No,No,No,No,Month-to-month,Yes,Mailed check,43.03,0.0,Yes
Female,0,No,Yes,11.0,Yes,No,DSL,Yes,No,Yes,Yes,No,No,Month-to-month,No,Mailed check,61.46,810.35,Yes
Male,0,Yes,No,17.0,Yes,No,DSL,No,Yes,No,No,No,No,Month-to-month,Yes,Electronic check,42.52,869.89,Yes
Female,0,No,No,21.0,No,No,DSL,No,Yes,No,No,No,No,Month-to-month,No,Mailed check,39.58,1000.4,No
Male,0,No,No,3.0,Yes,No,DSL,Yes,No,No,No,No,No,Month-to-month,Yes,Mailed check,49.36,121.41,Yes
Male,0,No,Yes,4.0,No,No,DSL,No,No,Yes,No,Yes,No,Month-to-month,Yes,Mailed check,33.85,111.0,Yes
Female,0,Yes,Yes,16.0,Yes,Yes,DSL,Yes,Yes,Yes,No,No,Yes,Month-to-month,Yes,Mailed check,64.29,1009.23,No
Male,0,No,Yes,5.0,Yes,No,DSL,No,No,No,Yes,No,Yes,Month-to-month,Yes,Electronic check,50.29,302.65,No
Female,0,Yes,Yes,2.0,Yes,Yes,DSL,Yes,Yes,No,No,No,No,Month-to-month,No,Electronic check,44.66,73.24,No
Male,0,Yes,No,0.0,Yes,No,DSL,No,No,Yes,No,No,Yes,Month-to-month,Yes,Electronic check,67.53,0.0,Yes
Female,0,Yes,No,13.0,No,No,DSL,No,No,No,Yes,No,Yes,Month-to-month,No,Mailed check,38.23,422.37,No
Female,0,No,No,12.0,No,No,DSL,Yes,No,No,No,Yes,Yes,Month-to-month,Yes,Electronic check,52.36,577.94,No
Female,0,No,No,0.0,No,No,DSL,Yes,No,No,No,No,No,Month-to-month,No,Mailed check,38.17,0.0,Yes
Female,0,Yes,No,12.0,Yes,No,DSL,No,Yes,No,No,Yes,No,Month-to-month,Yes,Mailed check,61.84,636.4,Yes
Male,0,No,No,12.0,Yes,Yes,DSL,Yes,No,No,No,No,No,Month-to-month,Yes,Mailed check,57.79,834.65,Yes
Male,0,No,No,9.0,Yes,No,DSL,No,Yes,No,No,No,No,Month-to-month,No,Electronic check,54.76,510.91,No
Female,0,Yes,Yes,11.0,No,No,DSL,No,Yes,No,Yes,Yes,No,Month-to-month,No,Mailed check,53.92,637.45,No
Male,0,No,No,10.0,Yes,No,DSL,Yes,Yes,No,Yes,No,No,Month-to-month,No,Mailed check,46.4,431.91,No
Female,0,Yes,Yes,17.0,No,No,DSL,No,Yes,No,No,No,Yes,Month-to-month,Yes,Mailed check,45.56,932.1,No
Female,0,No,No,0.0,Yes,No,DSL,No,No,No,No,No,No,Month-to-month,No,Electronic check,30.0,0.0,Yes
Female,0,No,Yes,0.0,Yes,No,DSL,No,No,No,No,No,No,Month-to-month,Yes,Mailed check,38.85,0.0,No
Female,0,Yes,No,0.0,Yes,No,DSL,No,No,No,Yes,No,No,Month-to-month,Yes,Mailed check,35.59,0.0,Yes
Male,0,Yes,Yes,3.0,Yes,No,DSL,No,No,No,No,No,No,Month-to-month,No,Mailed check,47.72,172.28,Yes
Male,0,No,No,0.0,Yes,No,DSL,No,No,No,No,No,No,Month-to-month,No,Electronic check,49.3,0.0,Yes
Male,0,Yes,Yes,3.0,Yes,No,DSL,No,No,No,No,No,No,Month-to-month,No,Mailed check,47.19,170.37,No
Female,0,No,No,17.0,No,No,DSL,No,No,No,Yes,No,No,Month-to-month,Yes,Electronic check,32.88,672.64,Yes
Male,0,No,No,18.0,Yes,No,DSL,No,No,No,No,No,No,Month-to-month,No,Electronic check,56.6,933.42,Yes
Female,0,Yes,No,35.0,Yes,No,DSL,Yes,No,No,No,No,No,Month-to-month,Yes,Electronic check,49.56,1770.32,No
Female,0,No,No,14.0,No,No,DSL,Yes,No,No,Yes,Yes,No,Month-to-month,Yes,Electronic check,43.76,699.95,No
Female,0,No,No,0.0,Yes,Yes,DSL,No,No,No,Yes,No,No,Month-to-month,Yes,Electronic check,58.97,0.0,No
Female,0,No,No,20.0,Yes,No,DSL,No,No,No,No,No,Yes,Month-to-month,No,Electronic check,52.43,1242.22,Yes
Female,0,No,No,2.0,No,No,DSL,No,No,No,No,Yes,No,Month-to-month,Yes,Electronic check,48.8,80.02,No
Female,0,No,No,6.0,No,No,DSL,No,Yes,No,No,No,No,Month-to-month,Yes,Mailed check,41.24,286.13,Yes
Female,0,No,No,10.0,Yes,No,DSL,No,No,No,No,No,No,Month-to-month,No,Mailed check,45.57,373.64,No
Female,0,No,No,0.0,Yes,Yes,DSL,Yes,No,No,Yes,No,No,Month-to-month,Yes,Electronic check,65.73,0.0,No
Male,0,No,Yes,3.0,Yes,Yes,DSL,Yes,Yes,Yes,No,No,No,Month-to-month,Yes,Mailed check,57.95,209.22,Yes
Male,0,Yes,No,0.0,Yes,No,DSL,Yes,No,No,No,No,No,Month-to-month,No,Mailed check,59.33,0.0,Yes
Male,0,Yes,No,6.0,Yes,No,DSL,No,Yes,Yes,No,No,Yes,Month-to-month,No,Mailed check,51.26,370.16,No
Female,0,Yes,No,4.0,Yes,No,DSL,No,No,No,No,No,Yes,Month-to-month,No,Electronic check,59.1,218.54,No
Male,0,Yes,No,0.0,Yes,No,DSL,No,No,No,No,No,No,Month-to-month,Yes,Mailed check,29.0,0.0,Yes
Female,0,No,Yes,0.0,No,No,DSL,No,No,No,No,No,No,Month-to-month,No,Electronic check,29.34,0.0,No
Female,0,No,No,11.0,Yes,No,DSL,Yes,No,Yes,Yes,No,No,Month-to-month,Yes,Mailed check,53.51,708.41,Yes
Male,0,No,No,9.0,Yes,Yes,DSL,No,No,Yes,Yes,No,No,Month-to-month,Yes,Credit card (automatic),63.13,683.77,Yes
Female,0,No,No,9.0,Yes,No,DSL,No,No,No,No,No,No,Month-to-month,Yes,Electronic check,50.89,375.5,No
Male,0,Yes,No,8.0,No,No,DSL,No,No,No,No,Yes,Yes,Month-to-month,No,Mailed check,53.1,348.32,No
Female,0,No,No,1.0,Yes,No,DSL,No,No,Yes,No,No,No,Month-to-month,No,Electronic check,52.95,43.42,No
Male,0,No,No,11.0,Yes,No,DSL,No,No,No,No,No,No,Month-to-month,No,Mailed check,37.54,496.97,No
Female,0,No,No,3.0,Yes,No,DSL,Yes,Yes,No,Yes,Yes,No,Month-to-month,No,Electronic check,72.49,261.74,No
Female,0,No,No,11.0,Yes,No,DSL,Yes,No,No,No,No,No,Month-to-month,No,Mailed check,42.19,558.54,No
Female,0,No,No,10.0,Yes,Yes,DSL,Yes,No,No,Yes,Yes,Yes,Month-to-month,Yes,Electronic check,78.21,763.19,Yes
Female,0,Yes,No,16.0,Yes,Yes,DSL,No,No,No,Yes,No,No,Month-to-month,No,Mailed check,58.18,921.92,No
Male,0,Yes,No,5.0,No,No,DSL,No,Yes,No,Yes,No,Yes,Month-to-month,Yes,Electronic check,35.07,169.55,No
Female,0,No,No,3.0,No,No,DSL,No,No,No,Yes,No,Yes,Month-to-month,No,Electronic check,52.79,190.58,Yes
Male,0,No,Yes,0.0,Yes,No,DSL,No,No,Yes,Yes,No,No,Month-to-month,Yes,Mailed check,42.97,0.0,No
Male,0,No,No,10.0,Yes,No,DSL,No,No,No,No,No,No,Month-to-month,No,Electronic check,57.16,532.61,Yes
Female,0,No,No,0.0,No,No,DSL,No,No,No,No,No,No,Month-to-month,Yes,Electronic check,39.58,0.0,No
Male,0,No,No,20.0,Yes,No,DSL,No,Yes,Yes,Yes,No,No,Month-to-month,Yes,Electronic check,67.06,1114.21,No
Female,0,No,No,12.0,Yes,No,DSL,No,No,No,Yes,No,Yes,Month-to-month,Yes,Electronic check,66.76,687.82,No
Male,0,No,No,0.0,Yes,No,DSL,No,No,Yes,No,No,No,Month-to-month,No,Mailed check,53.57,0.0,No
Male,0,No,Yes,17.0,Yes,No,DSL,Yes,No,No,No,Yes,Yes,Month-to-month,Yes,Electronic check,55.66,1138.7,Yes
Male,1,No,No,16.0,Yes,No,DSL,No,No,No,No,Yes,Yes,Month-to-month,Yes,Mailed check,63.54,1201.21,Yes
Male,0,No,No,21.0,No,No,DSL,No,Yes,No,Yes,No,No,Month-to-month,No,Electronic check,33.92,857.33,Yes
Female,0,No,No,10.0,Yes,No,DSL,No,Yes,No,No,No,No,Month-to-month,No,Electronic check,44.96,368.6,No
Female,0,No,No,11.0,Yes,Yes,DSL,Yes,No,No,No,No,No,Month-to-month,No,Electronic check,56.38,741.91,Yes
Male,0,No,No,11.0,Yes,No,DSL,No,No,No,No,No,No,Month-to-month,No,Electronic check,31.84,378.95,Yes
Female,0,No,No,7.0,Yes,No,DSL,Yes,No,Yes,No,No,No,Month-to-month,No,Mailed check,58.31,375.22,Yes
Female,0,Yes,No,33.0,No,No,DSL,No,Yes,No,No,No,No,Month-to-month,Yes,Electronic check,50.3,1922.23,Yes
Male,0,No,No,3.0,Yes,No,DSL,No,No,Yes,Yes,No,No,Month-to-month,Yes,Electronic check,63.45,156.08,No
Male,1,Yes,Yes,3.0,Yes,No,DSL,No,Yes,No,No,No,No,Month-to-month,No,Credit card (automatic),49.52,178.8,Yes
Male,0,No,No,11.0,Yes,Yes,DSL,Yes,No,No,No,No,No,Month-to-month,Yes,Electronic check,54.26,594.33,Yes
Female,0,No,No,7.0,No,No,DSL,No,No,No,No,No,No,Month-to-month,No,Electronic check,38.46,323.99,No
Male,0,Yes,No,16.0,Yes,No,DSL,Yes,No,Yes,No,Yes,No,Month-to-month,No,Mailed check,70.66,927.0,No
Female,0,No,No,11.0,Yes,No,DSL,No,Yes,No,No,No,No,Month-to-month,No,Mailed check,40.06,469.43,No
Male,0,No,No,0.0,Yes,No,DSL,No,No,No,No,No,No,Month-to-month,Yes,Electronic check,34.61,0.0,No
Female,0,No,No,13.0,No,No,DSL,No,Yes,No,No,Yes,No,Month-to-month,Yes,Electronic check,40.03,603.0,Yes
Female,1,No,No,3.0,No,No,DSL,No,No,No,No,No,No,Month-to-month,Yes,Mailed check,29.58,72.77,No
Female,1,Yes,Yes,14.0,Yes,Yes,DSL,Yes,No,No,No,No,No,Month-to-month,Yes,Bank transfer (automatic),32.38,545.54,Yes
Female,0,Yes,No,31.0,Yes,No,DSL,Yes,Yes,No,No,No,No,Month-to-month,Yes,Mailed check,60.58,1782.67,No
Female,0,No,Yes,14.0,Yes,Yes,DSL,No,No,No,No,Yes,No,Month-to-month,No,Mailed check,53.46,760.52,No
Male,0,Yes,Yes,0.0,Yes,No,DSL,No,No,No,Yes,No,No,Month-to-month,No,Mailed check,44.23,0.0,No
Female,0,No,No,0.0,Yes,No,DSL,No,No,No,No,Yes,No,Month-to-month,No,Electronic check,53.44,0.0,No
Male,0,No,No,15.0,Yes,No,DSL,No,No,No,No,No,No,Month-to-month,Yes,Mailed check,42.74,617.05,No
Male,0,No,No,1.0,Yes,No,DSL,Yes,Yes,No,No,No,No,Month-to-month,Yes,Electronic check,54.15,44.4,Yes
Female,1,Yes,Yes,3.0,Yes,No,DSL,No,No,No,Yes,No,No,Month-to-month,No,Mailed check,48.69,119.78,Yes
Male,0,No,No,0.0,Yes,No,DSL,No,No,No,No,Yes,Yes,Month-to-month,No,Bank transfer (automatic),49.35,0.0,Yes
Female,0,No,Yes,7.0,Yes,No,DSL,No,No,Yes,No,No,No,Month-to-month,No,Electronic check,60.63,470.84,Yes
Male,0,No,Yes,0.0,Yes,No,DSL,No,No,No,No,No,No,Month-to-month,No,Electronic check,39.45,0.0,No
Male,0,No,No,0.0,Yes,No,DSL,No,No,Yes,No,No,No,Month-to-month,No,Mailed check,39.58,0.0,No
Male,0,No,No,9.0,No,No,DSL,Yes,No,No,No,No,Yes,Month-to-month,No,Mailed check,41.58,450.4,Yes
Female,0,No,No,2.0,No,No,DSL,No,Yes,No,Yes,Yes,No,Month-to-month,Yes,Electronic check,47.48,77.86,Yes
Female,0,No,No,3.0,No,No,DSL,No,Yes,No,No,Yes,No,Month-to-month,Yes,Electronic check,47.58,117.03,No
Male,0,No,No,0.0,No,No,DSL,No,No,Yes,No,No,No,Month-to-month,Yes,Electronic check,42.7,0.0,No
Male,0,No,No,10.0,No,No,DSL,Yes,No,No,No,No,No,Month-to-month,No,Electronic check,33.77,406.4,No
Female,1,No,No,14.0,Yes,No,DSL,No,No,Yes,No,No,No,Month-to-month,Yes,Electronic check,67.17,906.2,Yes
Female,0,No,No,0.0,Yes,No,DSL,No,No,No,No,No,No,Month-to-month,Yes,Mailed check,46.03,0.0,Yes
Male,0,Yes,No,13.0,No,No,DSL,No,No,No,No,Yes,Yes,Month-to-month,No,Electronic check,59.98,847.31,Yes
Male,0,No,No,6.0,No,No,DSL,Yes,No,No,No,No,No,Month-to-month,Yes,Mailed check,37.94,186.65,No
Male,0,No,No,10.0,No,No,DSL,No,Yes,No,Yes,Yes,Yes,Month-to-month,Yes,Electronic check,62.61,577.05,Yes
Male,1,Yes,Yes,2.0,No,No,DSL,No,No,No,No,Yes,No,Month-to-month,Yes,Electronic check,37.28,61.13,Yes
Male,0,Yes,No,13.0,No,No,DSL,Yes,No,Yes,No,No,No,Month-to-month,No,Electronic check,38.15,596.95,Yes
Male,0,No,No,1.0,No,No,DSL,Yes,No,Yes,No,Yes,No,Month-to-month,Yes,Electronic check,49.58,40.65,No
Female,0,Yes,Yes,11.0,No,No,DSL,No,No,No,No,No,No,Month-to-month,No,Electronic check,38.62,500.9,No
Female,0,No,No,7.0,Yes,No,DSL,No,Yes,No,No,No,No,Month-to-month,Yes,Mailed check,68.05,520.89,Yes
Female,0,No,No,22.0,Yes,No,DSL,Yes,Yes,Yes,No,No,No,Month-to-month,Yes,Electronic check,66.74,1203.9,No
Female,0,Yes,Yes,5.0,Yes,No,DSL,No,Yes,No,No,No,No,Month-to-month,No,Mailed check,51.21,308.15,No
Male,0,No,No,17.0,Yes,No,DSL,No,No,No,No,No,Yes,Month-to-month,No,Mailed check,42.55,628.04,Yes
Male,0,No,No,3.0,No,No,DSL,No,No,Yes,No,Yes,Yes,Month-to-month,No,Electronic check,49.46,121.65,No
Male,0,Yes,Yes,16.0,Yes,No,DSL,No,No,No,No,Yes,No,Month-to-month,No,Mailed check,48.33,634.09,Yes
Male,0,No,No,0.0,Yes,No,DSL,No,Yes,No,No,No,No,Month-to-month,No,Mailed check,47.45,0.0,Yes
Female,0,No,No,-0.0,No,No,DSL,No,No,No,No,No,Yes,Month-to-month,No,Electronic check,37.06,0.0,No
Male,1,Yes,No,0.0,Yes,No,DSL,No,No,No,No,No,Yes,Month-to-month,Yes,Mailed check,52.48,0.0,Yes
Male,0,No,Yes,16.0,Yes,No,DSL,Yes,Yes,No,Yes,No,No,Month-to-month,Yes,Mailed check,54.9,920.22,No
Male,0,No,No,12.0,Yes,No,DSL,No,No,No,No,No,No,Month-to-month,Yes,Electronic check,53.66,668.05,Yes
Male,0,Yes,No,5.0,Yes,No,DSL,No,No,No,No,No,No,Month-to-month,Yes,Electronic check,45.93,188.28,No
Female,0,No,No,27.0,Yes,Yes,DSL,Yes,Yes,No,No,No,No,Month-to-month,Yes,Credit card (automatic),58.61,1359.62,No
Male,0,No,No,0.0,Yes,No,DSL,No,Yes,No,No,No,No,Month-to-month,No,Mailed check,52.98,0.0,No
Female,0,Yes,Yes,32.0,Yes,No,DSL,No,Yes,No,No,No,No,Month-to-month,Yes,Mailed check,54.89,1708.9,No
Male,0,No,No,0.0,Yes,No,DSL,No,No,No,No,No,No,Month-to-month,Yes,Electronic check,37.99,0.0,Yes
Female,0,No,Yes,0.0,Yes,No,DSL,No,Yes,No,No,No,Yes,Month-to-month,Yes,Electronic check,54.61,0.0,No
Male,0,Yes,Yes,4.0,Yes,No,DSL,No,Yes,No,No,No,No,Month-to-month,Yes,Electronic check,28.38,93.08,Yes
Male,0,No,No,10.0,Yes,No,DSL,Yes,No,No,No,No,Yes,Month-to-month,Yes,Electronic check,48.47,466.98,No
Male,0,No,No,10.0,No,No,DSL,No,No,Yes,No,No,No,Month-to-month,Yes,Electronic check,26.17,315.02,Yes
Female,0,No,No,17.0,No,No,DSL,No,No,No,No,No,No,Month-to-month,No,Electronic check,28.9,573.77,No
Male,0,No,No,23.0,No,No,DSL,No,No,No,No,No,No,Month-to-month,Yes,Electronic check,32.96,912.41,Yes
Male,0,Yes,Yes,21.0,No,No,DSL,Yes,No,Yes,No,No,No,Month-to-month,Yes,Mailed check,43.42,1065.29,No
Female,0,Yes,Yes,7.0,No,No,DSL,No,No,No,No,No,No,Month-to-month,Yes,Mailed check,26.33,210.41,Yes
Male,0,No,Yes,10.0,Yes,No,DSL,No,No,No,No,No,No,Month-to-month,No,Electronic check,48.12,394.58,No
Male,0,Yes,No,19.0,Yes,Yes,DSL,No,Yes,Yes,Yes,No,No,Month-to-month,Yes,Electronic check,50.4,801.59,No
Female,0,Yes,No,0.0,No,No,DSL,No,No,No,No,No,No,Month-to-month,No,Mailed check,28.39,0.0,Yes
Female,0,No,No,4.0,Yes,No,DSL,Yes,No,No,Yes,No,No,Month-to-month,Yes,Electronic check,49.02,235.97,No
Female,0,No,No,15.0,Yes,No,DSL,No,No,No,Yes,No,No,Month-to-month,Yes,Electronic check,51.02,627.51,No
Male,0,No,No,8.0,Yes,No,DSL,No,No,No,No,Yes,Yes,Month-to-month,Yes,Electronic check,49.8,326.67,Yes
Female,0,No,Yes,0.0,No,No,DSL,No,No,No,No,No,No,Month-to-month,No,Mailed check,23.24,0.0,No
Female,0,Yes,No,19.0,No,No,DSL,No,No,No,Yes,No,Yes,Month-to-month,Yes,Electronic check,41.86,957.15,Yes
Male,0,No,No,19.0,Yes,No,DSL,No,No,Yes,No,No,No,Month-to-month,Yes,Mailed check,40.69,768.25,Yes
Male,0,No,No,10.0,Yes,No,DSL,Yes,No,Yes,No,No,No,Month-to-month,No,Mailed check,51.53,452.79,No
Male,0,Yes,No,17.0,Yes,Yes,DSL,No,No,Yes,No,Yes,No,Month-to-month,No,Mailed check,59.91,1084.52,No
Male,1,No,No,34.0,Yes,No,DSL,No,No,No,No,No,No,Month-to-month,No,Mailed check,47.51,1884.29,No
Female,0,Yes,No,10.0,No,No,DSL,No,Yes,No,Yes,Yes,No,Month-to-month,No,Mailed check,46.2,480.2,Yes
Female,0,No,No,17.0,No,No,DSL,Yes,No,Yes,No,No,Yes,Month-to-month,Yes,Mailed check,61.07,898.31,Yes
Male,0,Yes,No,2.0,No,No,DSL,No,Yes,No,No,No,No,Month-to-month,No,Mailed check,27.5,45.1,Yes
Male,0,Yes,Yes,31.0,Yes,No,DSL,No,No,No,No,No,No,Month-to-month,No,Mailed check,64.61,1642.12,No
Female,0,No,No,8.0,Yes,Yes,DSL,No,No,No,No,Yes,Yes,Month-to-month,Yes,Mailed check,64.43,422.64,No
Female,0,No,No,0.0,No,No,DSL,No,No,No,No,Yes,No,Month-to-month,Yes,Mailed check,37.19,0.0,No
Male,0,No,No,37.0,Yes,Yes,DSL,No,No,No,No,Yes,No,Month-to-month,Yes,Electronic check,68.13,2066.95,Yes
Male,0,No,No,10.0,Yes,No,DSL,Yes,No,Yes,No,Yes,No,Month-to-month,Yes,Electronic check,62.33,541.21,No
Male,0,No,No,0.0,Yes,No,DSL,No,Yes,No,Yes,No,No,Month-to-month,Yes,Mailed check,34.85,0.0,Yes
Male,0,Yes,Yes,25.0,No,No,DSL,No,Yes,No,Yes,Yes,No,Month-to-month,Yes,Mailed check,43.97,1322.92,No
Female,0,Yes,Yes,26.0,Yes,No,DSL,No,No,No,No,No,Yes,Month-to-month,No,Mailed check,60.6,1670.38,No
Female,0,Yes,No,10.0,Yes,Yes,DSL,Yes,Yes,No,No,No,No,Month-to-month,Yes,Electronic check,45.22,410.83,Yes
Female,0,No,No,19.0,Yes,Yes,DSL,Yes,No,Yes,Yes,No,No,Month-to-month,Yes,Mailed check,55.93,1185.31,Yes
Female,0,Yes,No,11.0,Yes,No,DSL,No,No,No,No,No,No,Month-to-month,Yes,Mailed check,26.37,267.3,No
Female,0,Yes,No,17.0,Yes,Yes,DSL,Yes,No,No,Yes,No,Yes,Month-to-month,No,Mailed check,66.04,1082.54,No
Female,0,Yes,Yes,17.0,Yes,No,DSL,No,No,No,Yes,Yes,Yes,Month-to-month,Yes,Electronic check,68.92,1076.43,No
Male,0,Yes,No,13.0,No,No,DSL,Yes,No,No,No,Yes,No,Month-to-month,Yes,Mailed check,43.9,683.37,Yes
Female,1,No,No,11.0,No,No,DSL,No,No,No,Yes,No,No,Month-to-month,Yes,Electronic check,34.23,429.83,No
Male,1,No,No,19.0,Yes,No,DSL,No,No,No,No,No,No,Month-to-month,No,Mailed check,56.14,1247.2,No
Male,0,No,No,0.0,Yes,Yes,DSL,No,No,No,No,No,No,Month-to-month,Yes,Electronic check,34.86,0.0,No
Male,0,Yes,No,0.0,Yes,No,DSL,Yes,No,No,Yes,No,No,Month-to-month,No,Mailed check,48.44,0.0,Yes
Male,1,No,No,14.0,Yes,No,DSL,No,Yes,No,No,No,Yes,Month-to-month,No,Electronic check,65.67,841.59,Yes
Male,0,No,No,11.0,Yes,No,DSL,No,Yes,No,Yes,No,No,Month-to-month,Yes,Mailed check,45.17,407.41,No
Female,0,Yes,Yes,0.0,Yes,Yes,DSL,No,No,No,No,Yes,No,Month-to-month,No,Mailed check,58.09,0.0,Yes
Male,0,No,No,5.0,Yes,No,DSL,No,No,Yes,Yes,No,Yes,Month-to-month,Yes,Mailed check,58.13,349.83,Yes
Female,1,No,No,0.0,Yes,Yes,DSL,No,No,No,Yes,No,No,Month-to-month,Yes,Electronic check,49.59,0.0,Yes
Female,0,No,No,13.0,No,No,DSL,Yes,No,Yes,No,No,No,Month-to-month,No,Mailed check,25.91,287.14,Yes
Female,0,Yes,No,0.0,Yes,Yes,DSL,No,No,Yes,No,No,No,Month-to-month,Yes,Electronic check,45.71,0.0,Yes
Female,0,No,No,0.0,No,No,DSL,No,Yes,No,No,No,No,Month-to-month,Yes,Electronic check,31.28,0.0,Yes
Female,0,No,No,0.0,Yes,No,DSL,No,No,No,Yes,No,No,Month-to-month,No,Mailed check,59.74,0.0,Yes
Male,0,No,No,0.0,No,No,DSL,Yes,No,No,Yes,No,No,Month-to-month,Yes,Electronic check,42.47,0.0,Yes
Female,0,No,No,0.0,Yes,No,DSL,No,Yes,No,No,Yes,No,Month-to-month,Yes,Electronic check,57.22,0.0,No
Female,1,No,No,10.0,No,No,DSL,Yes,No,No,No,No,No,Month-to-month,No,Electronic check,30.18,363.24,No
Female,0,No,No,15.0,Yes,No,DSL,No,No,No,Yes,Yes,Yes,Month-to-month,Yes,Mailed check,78.45,964.83,Yes
Male,0,No,No,9.0,Yes,No,DSL,No,No,Yes,Yes,No,No,Month-to-month,Yes,Electronic check,66.82,723.79,No
Female,0,No,No,7.0,Yes,No,DSL,No,Yes,No,No,No,No,Month-to-month,No,Electronic check,39.39,226.09,No
Female,0,Yes,Yes,16.0,No,No,DSL,No,No,No,No,No,Yes,Month-to-month,Yes,Mailed check,45.79,803.11,No
Male,1,Yes,Yes,26.0,No,No,DSL,Yes,No,No,No,No,No,Month-to-month,Yes,Electronic check,37.53,1081.52,Yes
Male,0,No,No,0.0,Yes,No,DSL,No,No,Yes,No,No,No,Month-to-month,No,Electronic check,47.11,0.0,Yes
Male,0,Yes,No,24.0,Yes,Yes,DSL,Yes,No,No,Yes,No,No,Month-to-month,No,Mailed check,72.23,1580.31,No
Male,0,No,No,7.0,Yes,No,DSL,No,No,No,No,No,No,Month-to-month,Yes,Mailed check,42.03,354.07,Yes
Female,0,Yes,No,5.0,No,No,DSL,No,Yes,No,No,Yes,No,Month-to-month,Yes,Mailed check,39.86,239.89,No
Female,1,No,Yes,27.0,Yes,Yes,DSL,No,No,No,No,No,Yes,Month-to-month,Yes,Bank transfer (automatic),83.87,1856.67,Yes
Female,0,No,No,10.0,Yes,No,DSL,No,Yes,No,No,No,No,Month-to-month,Yes,Mailed check,51.98,625.62,No
Male,0,No,No,19.0,Yes,No,DSL,Yes,No,No,No,No,No,Month-to-month,Yes,Mailed check,44.15,972.2,Yes
Male,0,Yes,Yes,7.0,Yes,No,DSL,No,No,No,No,No,No,Month-to-month,No,Credit card (automatic),44.86,377.95,Yes
Female,0,No,No,0.0,Yes,No,DSL,No,No,No,No,No,No,Month-to-month,Yes,Electronic check,44.98,0.0,Yes
Male,0,No,No,0.0,Yes,No,DSL,No,No,No,No,No,Yes,Month-to-month,Yes,Mailed check,47.29,0.0,No
Male,0,Yes,Yes,22.0,No,No,DSL,No,No,Yes,Yes,Yes,No,Month-to-month,Yes,Mailed check,50.93,1078.6,No
Male,0,No,No,11.0,Yes,No,DSL,Yes,No,No,No,No,Yes,Month-to-month,Yes,Electronic check,55.11,690.18,No
Male,0,No,No,4.0,Yes,No,DSL,Yes,No,Yes,No,No,No,Month-to-month,No,Mailed check,49.87,240.07,Yes
Male,0,No,No,4.0,Yes,No,DSL,No,No,No,No,No,No,Month-to-month,Yes,Mailed check,46.27,151.76,No
Male,1,No,No,5.0,Yes,No,DSL,No,Yes,No,No,No,No,Month-to-month,Yes,Electronic check,60.79,365.83,No
Female,0,No,No,17.0,Yes,Yes,DSL,No,No,No,Yes,No,Yes,Month-to-month,No,Mailed check,61.61,992.15,No
Male,0,No,No,4.0,Yes,No,DSL,No,Yes,No,Yes,No,No,Month-to-month,No,Electronic check,42.82,140.43,Yes
Male,0,No,No,7.0,Yes,No,DSL,No,No,Yes,No,Yes,No,Month-to-month,No,Mailed check,55.55,467.99,No
Male,1,No,No,0.0,Yes,No,DSL,Yes,No,No,No,No,No,Month-to-month,No,Electronic check,38.57,0.0,Yes
Male,0,Yes,No,4.0,No,No,DSL,Yes,Yes,No,No,No,No,Month-to-month,No,Mailed check,35.19,169.39,No
Female,0,No,No,4.0,No,No,DSL,Yes,No,No,No,No,No,Month-to-month,No,Mailed check,28.43,93.26,No
Female,0,No,No,2.0,No,No,DSL,No,Yes,No,No,No,No,Month-to-month,Yes,Electronic check,23.91,39.21,Yes
Female,0,Yes,Yes,9.0,Yes,No,DSL,Yes,No,No,Yes,Yes,No,Month-to-month,No,Electronic check,60.8,654.28,No
Female,0,Yes,Yes,0.0,Yes,No,DSL,No,No,No,No,No,No,Month-to-month,Yes,Electronic check,48.6,0.0,Yes
Male,1,No,No,8.0,Yes,No,DSL,No,No,No,No,No,No,Month-to-month,Yes,Electronic check,59.03,568.3,Yes
Male,0,No,No,7.0,No,No,DSL,Yes,Yes,No,No,No,Yes,Month-to-month,No,Mailed check,49.16,391.02,Yes
Female,0,No,Yes,10.0,Yes,No,DSL,No,No,No,No,No,No,Month-to-month,No,Mailed check,47.3,387.86,No
Male,1,No,No,6.0,Yes,No,DSL,Yes,No,No,No,No,No,Month-to-month,No,Electronic check,36.89,266.37,No
Female,0,Yes,No,3.0,No,No,DSL,No,No,Yes,No,Yes,Yes,Month-to-month,Yes,Credit card (automatic),59.41,151.11,Yes
Female,1,No,No,12.0,Yes,Yes,DSL,No,Yes,No,Yes,Yes,No,Month-to-month,No,Electronic check,72.09,789.5,No
Male,0,Yes,Yes,0.0,No,No,DSL,No,No,No,No,No,No,Month-to-month,No,Mailed check,21.62,0.0,Yes
Female,0,No,No,17.0,Yes,No,DSL,No,No,No,No,No,No,Month-to-month,No,Mailed check,44.23,876.92,Yes
Male,0,No,No,7.0,Yes,No,DSL,No,No,No,No,No,No,Month-to-month,No,Electronic check,44.58,255.87,Yes
Female,0,No,No,0.0,No,No,DSL,No,No,No,Yes,Yes,Yes,Month-to-month,Yes,Electronic check,56.04,0.0,No
Female,0,No,No,7.0,Yes,No,DSL,Yes,No,No,Yes,Yes,Yes,Month-to-month,Yes,Electronic check,71.17,599.56,Yes
Male,0,No,No,26.0,Yes,Yes,DSL,No,Yes,Yes,Yes,No,No,Month-to-month,Yes,Mailed check,71.31,1694.96,No
Male,0,No,No,11.0,Yes,Yes,DSL,No,No,No,No,No,No,Month-to-month,No,Electronic check,48.64,528.86,Yes
Female,0,Yes,No,7.0,Yes,No,DSL,No,No,No,Yes,No,No,Month-to-month,No,Mailed check,38.63,325.47,No
Female,0,No,No,16.0,Yes,No,DSL,No,Yes,No,No,No,No,Month-to-month,Yes,Mailed check,53.25,873.1,No
Female,0,Yes,Yes,5.0,Yes,No,DSL,No,Yes,No,Yes,No,No,Month-to-month,Yes,Electronic check,42.29,254.47,No
Male,1,Yes,No,7.0,Yes,No,DSL,No,No,No,No,Yes,No,Month-to-month,No,Mailed check,60.38,346.55,Yes
Female,1,No,No,13.0,No,No,DSL,Yes,No,No,No,No,Yes,Month-to-month,No,Mailed check,31.48,492.57,Yes
Male,0,Yes,Yes,0.0,Yes,No,DSL,No,No,No,Yes,No,Yes,Month-to-month,No,Mailed check,53.2,0.0,No
Male,0,No,No,29.0,Yes,No,DSL,No,No,Yes,No,Yes,No,Month-to-month,No,Mailed check,61.25,1596.32,No
Female,0,No,No,17.0,Yes,No,DSL,No,Yes,No,No,No,No,Month-to-month,Yes,Electronic check,40.91,837.04,No
Male,0,No,No,19.0,Yes,No,DSL,No,No,No,No,No,No,Month-to-month,Yes,Electronic check,60.56,1223.49,Yes
Male,0,No,No,0.0,Yes,No,DSL,No,No,Yes,No,No,No,Month-to-month,Yes,Mailed check,36.64,0.0,No
Female,0,Yes,No,7.0,Yes,Yes,DSL,No,No,No,No,No,No,Month-to-month,No,Electronic check,57.78,438.09,Yes
Female,0,Yes,Yes,6.0,Yes,Yes,DSL,No,No,No,No,No,No,Month-to-month,Yes,Mailed check,47.68,234.57,Yes
Male,0,No,No,8.0,No,No,DSL,No,No,No,No,No,Yes,Month-to-month,Yes,Mailed check,33.1,217.14,Yes
Male,0,No,No,30.0,Yes,No,DSL,Yes,Yes,No,No,No,No,Month-to-month,No,Electronic check,52.12,1500.51,No
Female,1,No,No,7.0,No,No,DSL,No,No,No,No,No,No,Month-to-month,Yes,Electronic check,30.92,177.49,Yes
Male,0,Yes,No,10.0,No,No,DSL,No,No,No,No,No,No,Month-to-month,Yes,Electronic check,39.59,428.0,No
Male,0,No,Yes,0.0,Yes,No,DSL,No,No,No,No,Yes,Yes,Month-to-month,Yes,Electronic check,57.36,0.0,Yes
Female,1,Yes,No,19.0,Yes,Yes,DSL,No,Yes,Yes,Yes,Yes,No,Month-to-month,Yes,Electronic check,54.68,1023.61,No
Male,0,No,No,0.0,No,No,DSL,No,No,Yes,No,No,Yes,Month-to-month,No,Electronic check,45.9,0.0,No
Male,0,No,No,5.0,No,No,DSL,Yes,No,No,No,No,No,Month-to-month,Yes,Electronic check,37.25,217.87,No
Male,0,No,No,9.0,Yes,No,DSL,No,No,No,Yes,No,No,Month-to-month,Yes,Electronic check,44.56,328.8,Yes
Male,0,No,No,12.0,No,No,DSL,No,No,No,No,No,Yes,Month-to-month,No,Mailed check,37.88,547.06,Yes
Female,0,Yes,No,3.0,No,No,DSL,No,Yes,No,No,Yes,Yes,Month-to-month,Yes,Mailed check,40.75,102.63,No
Female,0,Yes,No,0.0,Yes,No,DSL,No,No,No,No,No,No,Month-to-month,Yes,Electronic check,40.77,0.0,No
Male,0,No,No,3.0,Yes,No,DSL,No,Yes,No,Yes,No,No,Month-to-month,Yes,Mailed check,64.78,214.93,Yes
Female,0,No,No,11.0,Yes,Yes,DSL,No,No,No,Yes,No,Yes,Month-to-month,Yes,Electronic check,60.74,804.09,No
Female,0,No,Yes,24.0,Yes,No,DSL,Yes,Yes,No,Yes,No,No,Month-to-month,Yes,Mailed check,45.83,1310.9,Yes
Female,0,Yes,Yes,15.0,Yes,Yes,DSL,No,Yes,No,Yes,No,No,Month-to-month,No,Mailed check,57.01,701.14,No
Male,0,No,No,7.0,Yes,Yes,DSL,Yes,No,No,Yes,Yes,No,Month-to-month,Yes,Mailed check,58.84,337.72,Yes
Male,0,No,No,10.0,Yes,No,DSL,Yes,Yes,No,No,No,No,Month-to-month,No,Electronic check,36.17,370.33,Yes
Male,0,Yes,No,10.0,No,No,DSL,No,No,No,No,No,Yes,Month-to-month,Yes,Electronic check,48.48,397.52,No
Male,0,No,No,9.0,No,No,DSL,No,No,No,No,No,No,Month-to-month,Yes,Electronic check,18.25,197.68,Yes
Male,0,No,No,12.0,Yes,No,DSL,No,Yes,Yes,Yes,Yes,Yes,Month-to-month,Yes,Electronic check,63.99,705.67,No
Female,0,Yes,No,17.0,Yes,No,DSL,No,Yes,No,No,No,No,Month-to-month,No,Mailed check,48.95,966.64,No
Female,0,Yes,No,11.0,Yes,No,DSL,No,Yes,No,No,No,No,Month-to-month,No,Electronic check,52.22,471.01,Yes
Male,0,No,No,17.0,No,No,DSL,No,Yes,No,Yes,No,Yes,Month-to-month,Yes,Mailed check,43.57,740.64,No
Female,0,No,No,12.0,Yes,No,DSL,No,No,Yes,Yes,Yes,No,Month-to-month,Yes,Electronic check,65.2,736.07,Yes
Female,0,No,No,15.0,Yes,No,DSL,No,Yes,No,No,Yes,No,Month-to-month,No,Electronic check,71.4,878.19,No
Female,0,No,No,8.0,Yes,No,DSL,Yes,No,No,Yes,No,No,Month-to-month,Yes,Mailed check,46.99,394.3,No
Male,0,Yes,No,7.0,No,No,DSL,No,No,Yes,No,Yes,Yes,Month-to-month,Yes,Mailed check,48.86,280.45,No
Male,0,No,Yes,7.0,Yes,Yes,DSL,No,Yes,No,No,No,No,Month-to-month,Yes,Electronic check,48.65,287.08,Yes
Female,0,No,No,1.0,No,No,DSL,No,Yes,No,No,Yes,No,Month-to-month,Yes,Mailed check,47.92,57.67,Yes
Female,0,No,No,4.0,Yes,No,DSL,No,Yes,No,No,Yes,No,Month-to-month,Yes,Electronic check,43.55,209.66,Yes
Male,0,No,No,17.0,No,No,DSL,Yes,No,No,Yes,Yes,No,Month-to-month,Yes,Electronic check,42.23,864.1,No
Female,0,No,No,8.0,Yes,No,DSL,No,No,No,No,Yes,No,Month-to-month,No,Electronic check,56.32,498.49,No
Male,0,No,No,1.0,No,No,DSL,No,No,No,No,No,No,Month-to-month,Yes,Electronic check,34.02,27.89,Yes
Male,0,No,No,12.0,No,No,DSL,No,No,Yes,No,Yes,Yes,Month-to-month,Yes,Electronic check,36.22,433.95,Yes
Female,0,No,No,1.0,No,No,DSL,No,Yes,No,No,No,No,Month-to-month,Yes,Electronic check,45.24,54.45,Yes
Male,0,No,No,18.0,Yes,Yes,DSL,No,No,No,No,Yes,Yes,Month-to-month,Yes,Electronic check,54.3,1035.81,Yes
Male,0,No,No,5.0,No,No,DSL,No,Yes,Yes,No,No,No,Month-to-month,Yes,Electronic check,48.79,293.61,No
Female,0,Yes,Yes,6.0,Yes,No,DSL,Yes,Yes,Yes,Yes,Yes,No,Month-to-month,Yes,Electronic check,70.31,507.69,No
Female,0,No,No,20.0,No,No,DSL,Yes,No,No,No,No,No,Month-to-month,No,Mailed check,24.34,585.81,Yes
Female,1,No,No,0.0,Yes,No,DSL,Yes,No,No,Yes,No,No,Month-to-month,No,Electronic check,48.49,0.0,Yes
Female,0,No,No,18.0,Yes,Yes,DSL,No,No,No,No,No,No,Month-to-month,Yes,Electronic check,51.85,896.2,Yes
Male,0,Yes,Yes,19.0,Yes,No,DSL,No,No,No,No,Yes,No,Month-to-month,No,Electronic check,49.41,1124.42,No
Female,0,Yes,Yes,9.0,No,No,DSL,No,No,No,No,No,No,Month-to-month,Yes,Electronic check,43.43,470.4,Yes
Male,0,No,No,3.0,Yes,No,DSL,No,No,No,Yes,No,No,Month-to-month,Yes,Mailed check,50.32,181.68,No
Female,0,Yes,Yes,7.0,Yes,No,DSL,No,Yes,No,No,No,No,Month-to-month,Yes,Electronic check,50.76,359.4,Yes
Female,0,No,No,10.0,No,No,DSL,No,No,No,No,No,No,Month-to-month,Yes,Electronic check,20.89,251.47,No
Male,0,No,No,4.0,Yes,No,DSL,No,No,Yes,Yes,No,No,Month-to-month,Yes,Electronic check,63.52,305.8,Yes
Female,0,No,No,15.0,Yes,No,DSL,Yes,No,Yes,No,No,No,Month-to-month,No,Mailed check,58.36,927.77,No
Male,0,No,No,13.0,No,No,DSL,No,No,No,No,No,No,Month-to-month,Yes,Mailed check,27.66,432.75,Yes
Male,0,No,No,14.0,Yes,No,DSL,No,No,Yes,Yes,No,No,Month-to-month,No,Electronic check,50.12,720.05,No
Male,0,No,No,0.0,No,No,DSL,No,No,No,No,No,No,Month-to-month,No,Electronic check,34.63,0.0,Yes
Male,0,Yes,Yes,34.0,No,No,DSL,No,Yes,No,Yes,No,No,Month-to-month,Yes,Mailed check,43.21,1507.18,No
Female,0,No,No,13.0,Yes,No,DSL,No,No,No,No,No,No,Month-to-month,Yes,Electronic check,44.47,695.73,No
Female,0,No,No,7.0,Yes,Yes,DSL,No,No,No,No,No,No,Month-to-month,Yes,Mailed check,56.62,456.36,No
Female,0,Yes,Yes,38.0,Yes,No,DSL,No,Yes,Yes,No,No,No,Month-to-month,Yes,Mailed check,54.63,2091.72,Yes
Female,0,No,Yes,6.0,No,No,DSL,No,Yes,No,No,No,No,Month-to-month,No,Credit card (automatic),31.48,227.33,Yes
Male,0,No,Yes,27.0,Yes,No,DSL,No,Yes,No,No,No,Yes,Month-to-month,Yes,Mailed check,50.28,1185.97,No
Male,0,No,No,17.0,Yes,Yes,DSL,No,No,No,Yes,Yes,Yes,Month-to-month,Yes,Mailed check,80.0,1115.16,No
Female,0,No,No,4.0,Yes,No,DSL,No,No,No,Yes,No,No,Month-to-month,Yes,Mailed check,46.91,225.83,Yes
Female,1,No,No,0.0,No,No,DSL,No,No,No,No,No,No,Month-to-month,Yes,Mailed check,21.52,0.0,Yes
Male,0,No,No,0.0,No,No,DSL,No,No,Yes,No,Yes,No,Month-to-month,Yes,Mailed check,45.72,0.0,Yes
Female,0,No,No,12.0,Yes,No,DSL,No,No,No,No,No,Yes,Month-to-month,No,Electronic check,61.33,603.4,Yes
Male,0,No,No,14.0,Yes,No,DSL,No,No,No,No,No,No,Month-to-month,Yes,Electronic check,41.21,694.39,No
Female,1,Yes,No,-0.0,Yes,No,DSL,No,No,Yes,No,No,No,Month-to-month,Yes,Electronic check,61.44,0.0,No
Female,1,No,No,-0.0,Yes,No,DSL,No,No,No,No,No,No,Month-to-month,No,Electronic check,46.65,0.0,Yes
Female,0,No,Yes,12.0,Yes,No,DSL,No,No,No,No,No,No,Month-to-month,No,Electronic check,41.43,598.3,No
Male,0,Yes,No,2.0,Yes,No,DSL,No,No,No,No,No,Yes,Month-to-month,Yes,Mailed check,48.86,117.6,No
Female,0,No,Yes,32.0,Yes,No,DSL,Yes,Yes,No,No,No,Yes,Month-to-month,No,Electronic check,73.04,1916.3,No
Male,0,Yes,No,20.0,Yes,No,DSL,Yes,No,No,No,No,No,Month-to-month,No,Electronic check,46.74,941.24,No
Male,0,No,No,15.0,Yes,No,DSL,No,No,Yes,No,No,Yes,Month-to-month,No,Mailed check,59.51,1004.05,Yes
Male,0,No,No,2.0,Yes,No,DSL,No,No,No,No,No,No,Month-to-month,Yes,Mailed check,50.29,121.05,Yes
Female,0,Yes,Yes,17.0,Yes,Yes,DSL,No,Yes,No,No,No,No,Month-to-month,Yes,Electronic check,69.02,1103.37,No
Female,0,No,No,7.0,Yes,No,DSL,No,No,Yes,Yes,Yes,No,Month-to-month,No,Mailed check,59.02,497.18,Yes
Male,0,No,No,17.0,No,No,DSL,No,Yes,No,Yes,No,Yes,Month-to-month,Yes,Electronic check,42.67,781.39,Yes
Male,0,Yes,No,1.0,Yes,No,DSL,No,No,No,No,No,No,Month-to-month,Yes,Mailed check,40.27,33.02,No
Female,0,Yes,Yes,21.0,Yes,No,DSL,Yes,Yes,Yes,No,No,No,Month-to-month,Yes,Electronic check,54.87,1168.29,No
Male,1,No,No,12.0,Yes,No,DSL,No,No,No,No,No,No,Month-to-month,Yes,Electronic check,42.09,414.14,Yes
Male,0,No,No,12.0,Yes,No,DSL,No,No,No,No,Yes,No,Month-to-month,No,Electronic check,53.8,652.3,No
Male,0,No,No,9.0,Yes,No,DSL,No,No,No,No,No,No,Month-to-month,Yes,Electronic check,41.0,329.88,No
Male,0,Yes,No,2.0,Yes,No,DSL,Yes,No,No,No,No,Yes,Month-to-month,No,Mailed check,56.29,92.3,Yes
Female,0,No,Yes,10.0,Yes,No,DSL,Yes,Yes,No,No,No,No,Month-to-month,No,Credit card (automatic),59.24,713.01,Yes
Female,1,Yes,No,4.0,No,No,DSL,No,No,No,No,No,No,Month-to-month,Yes,Electronic check,29.95,144.18,Yes
Male,0,No,No,7.0,Yes,No,DSL,No,Yes,Yes,No,Yes,No,Month-to-month,No,Electronic check,57.62,421.21,No
Female,0,No,Yes,0.0,Yes,No,DSL,No,No,Yes,No,Yes,No,Month-to-month,Yes,Mailed check,61.91,0.0,Yes
Male,0,No,No,1.0,Yes,No,DSL,Yes,No,No,No,No,No,Month-to-month,Yes,Electronic check,40.92,49.25,Yes
Male,0,Yes,No,14.0,Yes,No,DSL,No,No,No,No,No,No,Month-to-month,Yes,Electronic check,45.65,725.02,No
Female,1,Yes,No,19.0,Yes,No,DSL,No,No,Yes,No,Yes,Yes,Month-to-month,Yes,Electronic check,69.24,1208.46,Yes
Male,0,No,No,7.0,Yes,No,DSL,Yes,Yes,No,No,No,No,Month-to-month,Yes,Electronic check,45.14,259.09,No
Male,0,No,No,12.0,Yes,No,DSL,No,No,No,No,No,No,Month-to-month,No,Mailed check,74.96,737.56,No
Female,0,No,Yes,2.0,Yes,Yes,DSL,No,No,No,Yes,Yes,Yes,Month-to-month,Yes,Electronic check,79.46,191.26,Yes
Male,1,No,Yes,0.0,Yes,No,DSL,No,No,No,Yes,No,Yes,Month-to-month,Yes,Electronic check,41.14,0.0,No
Female,1,Yes,No,4.0,Yes,No,DSL,Yes,No,No,Yes,No,No,Month-to-month,No,Mailed check,31.39,102.96,No
Female,1,No,No,0.0,No,No,DSL,No,No,No,Yes,No,No,Month-to-month,No,Electronic check,30.38,0.0,Yes
Male,1,No,No,4.0,No,No,DSL,No,No,Yes,No,Yes,No,Month-to-month,No,Mailed check,32.51,106.61,No
Male,0,Yes,Yes,0.0,No,No,DSL,No,No,No,No,No,No,Month-to-month,No,Mailed check,40.07,0.0,No
Female,0,Yes,No,17.0,No,No,DSL,No,Yes,No,Yes,No,No,Month-to-month,No,Mailed check,50.22,1027.54,No
Female,0,Yes,Yes,4.0,Yes,No,DSL,Yes,Yes,No,Yes,No,Yes,Month-to-month,No,Mailed check,65.79,316.72,No
Male,0,No,No,20.0,No,No,DSL,No,Yes,No,No,No,No,Month-to-month,No,Mailed check,43.94,1002.19,No
Male,0,No,No,25.0,Yes,No,DSL,No,No,No,No,No,Yes,Month-to-month,Yes,Mailed check,60.91,1430.52,Yes
Female,0,Yes,No,20.0,No,No,DSL,No,No,No,Yes,Yes,Yes,Month-to-month,Yes,Electronic check,54.52,993.11,No
Female,0,Yes,Yes,8.0,Yes,No,DSL,Yes,No,No,No,No,No,Month-to-month,Yes,Mailed check,54.51,524.84,No
Female,0,No,No,9.0,Yes,No,DSL,Yes,No,No,No,No,No,Month-to-month,Yes,Mailed check,51.02,552.62,Yes
Female,0,No,No,-0.0,Yes,No,DSL,No,No,No,No,No,No,Month-to-month,Yes,Mailed check,35.0,0.0,Yes
Female,0,No,No,19.0,No,No,DSL,No,No,No,Yes,No,No,Month-to-month,No,Mailed check,44.01,976.61,No
Female,0,Yes,No,11.0,No,No,DSL,No,Yes,No,Yes,Yes,No,Month-to-month,No,Credit card (automatic),38.13,470.4,Yes
Male,0,Yes,Yes,32.0,Yes,No,DSL,Yes,Yes,No,Yes,No,Yes,Month-to-month,No,Electronic check,74.86,1964.08,No
Female,0,No,No,0.0,No,No,DSL,No,No,No,No,No,Yes,Month-to-month,No,Electronic check,39.62,0.0,Yes
Female,0,No,No,18.0,Yes,Yes,DSL,No,Yes,No,No,No,Yes,Month-to-month,Yes,Electronic check,55.75,1200.29,Yes
Male,0,No,No,21.0,Yes,Yes,DSL,No,No,No,Yes,No,No,Month-to-month,Yes,Electronic check,58.22,1074.63,No
Male,0,No,No,22.0,No,No,DSL,Yes,No,No,No,No,Yes,Month-to-month,Yes,Electronic check,48.47,1092.15,Yes
Male,0,No,No,21.0,Yes,Yes,DSL,Yes,No,No,No,No,No,Month-to-month,Yes,Mailed check,67.23,1320.71,Yes
Male,0,Yes,Yes,7.0,No,No,DSL,No,No,Yes,Yes,No,Yes,Month-to-month,No,Electronic check,49.12,281.91,No
Male,0,No,No,0.0,No,No,DSL,No,No,No,Yes,Yes,No,Month-to-month,No,Mailed check,51.29,0.0,No
Female,1,Yes,No,15.0,No,No,DSL,No,No,Yes,No,No,No,Month-to-month,Yes,Electronic check,33.68,607.93,Yes
Male,0,Yes,No,16.0,Yes,No,DSL,No,No,No,No,Yes,No,Month-to-month,Yes,Mailed check,52.01,955.61,Yes
Male,0,No,Yes,-0.0,Yes,No,DSL,No,No,No,Yes,No,No,Month-to-month,No,Mailed check,41.0,0.0,Yes
Female,0,Yes,Yes,9.0,Yes,Yes,DSL,No,Yes,Yes,No,No,No,Month-to-month,Yes,Mailed check,62.47,505.94,No
Female,0,No,No,1.0,Yes,Yes,DSL,No,No,No,No,No,No,Month-to-month,No,Mailed check,49.14,59.14,Yes
Female,0,No,No,18.0,Yes,Yes,DSL,No,No,No,No,Yes,No,Month-to-month,No,Mailed check,53.04,782.8,Yes
Female,0,No,No,1.0,Yes,No,DSL,Yes,Yes,Yes,No,No,No,Month-to-month,Yes,Mailed check,57.63,69.36,No
Male,0,No,Yes,5.0,Yes,No,DSL,No,No,Yes,No,No,No,Month-to-month,Yes,Mailed check,59.42,357.58,No
Female,0,No,No,12.0,Yes,Yes,DSL,No,No,Yes,No,Yes,Yes,Month-to-month,Yes,Electronic check,71.76,792.48,No
Female,0,Yes,Yes,17.0,Yes,No,DSL,Yes,No,Yes,No,No,No,Month-to-month,No,Mailed check,82.83,1314.15,No
Female,0,No,No,7.0,Yes,Yes,DSL,No,No,No,Yes,No,No,Month-to-month,Yes,Electronic check,60.35,421.42,No
Female,0,No,No,16.0,Yes,Yes,DSL,Yes,No,No,No,Yes,Yes,Month-to-month,No,Electronic check,49.63,805.66,No
Female,0,No,Yes,-0.0,Yes,No,DSL,No,No,No,No,No,No,Month-to-month,No,Electronic check,34.77,0.0,No
Male,0,No,No,8.0,No,No,DSL,No,No,No,Yes,No,No,Month-to-month,No,Electronic check,39.43,265.24,No
Male,0,No,No,23.0,Yes,No,DSL,Yes,Yes,No,No,No,No,Month-to-month,No,Mailed check,33.45,925.82,No
Female,0,No,No,16.0,No,No,DSL,Yes,Yes,No,Yes,Yes,Yes,Month-to-month,Yes,Mailed check,58.91,838.83,No
Male,0,No,No,0.0,Yes,No,DSL,No,Yes,Yes,No,Yes,No,Month-to-month,Yes,Electronic check,42.2,0.0,No
Male,0,No,No,0.0,No,No,DSL,Yes,No,No,No,No,No,Month-to-month,No,Mailed check,29.69,0.0,No
Female,0,Yes,No,23.0,Yes,No,DSL,No,No,No,No,No,No,Month-to-month,Yes,Mailed check,60.76,1178.42,No
Male,0,No,No,0.0,Yes,Yes,DSL,Yes,Yes,No,Yes,No,No,Month-to-month,No,Electronic check,54.64,0.0,Yes
Male,0,No,No,0.0,Yes,No,DSL,Yes,Yes,No,Yes,No,No,Month-to-month,Yes,Mailed check,46.83,0.0,No
Male,0,Yes,No,10.0,Yes,No,DSL,Yes,No,No,No,Yes,No,Month-to-month,Yes,Mailed check,57.04,502.26,No
Male,0,No,Yes,7.0,Yes,No,DSL,Yes,No,No,No,No,No,Month-to-month,No,Electronic check,64.64,426.34,Yes
Female,0,Yes,Yes,9.0,Yes,No,DSL,No,Yes,No,No,No,No,Month-to-month,Yes,Mailed check,49.21,472.67,No
Female,0,Yes,Yes,0.0,Yes,No,DSL,No,Yes,No,Yes,No,No,Month-to-month,Yes,Mailed check,51.92,0.0,No
Female,0,No,Yes,18.0,No,No,DSL,No,No,Yes,Yes,No,No,Month-to-month,No,Electronic check,37.24,806.77,No
Male,0,No,No,6.0,Yes,No,DSL,Yes,No,No,No,No,No,Month-to-month,Yes,Mailed check,47.16,340.56,Yes
Female,1,No,No,0.0,No,No,DSL,No,No,Yes,No,No,Yes,Month-to-month,Yes,Mailed check,49.74,0.0,No
Male,0,No,Yes,18.0,Yes,No,DSL,No,No,No,No,No,Yes,Month-to-month,No,Mailed check,66.86,1158.66,No
Female,1,No,No,11.0,No,No,DSL,No,Yes,No,No,No,No,Month-to-month,No,Mailed check,36.53,483.64,No
Female,0,No,No,5.0,No,No,DSL,Yes,No,No,Yes,No,No,Month-to-month,Yes,Electronic check,51.87,312.14,No
Female,0,No,No,4.0,Yes,No,DSL,No,Yes,No,Yes,No,No,Month-to-month,Yes,Mailed check,45.37,218.43,Yes
Female,0,Yes,No,15.0,Yes,No,DSL,No,No,No,Yes,Yes,No,Month-to-month,Yes,Electronic check,51.16,629.17,No
Female,0,Yes,No,20.0,No,No,DSL,No,No,No,No,No,No,Month-to-month,No,Electronic check,36.37,875.32,Yes
Male,0,Yes,No,6.0,Yes,No,DSL,No,No,No,No,No,No,Month-to-month,No,Electronic check,46.09,332.8,Yes
Male,1,No,No,15.0,No,No,DSL,Yes,Yes,No,Yes,No,No,Month-to-month,Yes,Mailed check,38.11,687.94,No
Female,0,No,No,0.0,Yes,No,DSL,No,No,Yes,No,No,No,Month-to-month,No,Electronic check,59.13,0.0,No
Female,0,No,No,9.0,No,No,DSL,Yes,No,No,Yes,No,No,Month-to-month,No,Electronic check,45.23,404.28,Yes
Female,1,No,No,26.0,No,No,DSL,No,Yes,No,No,No,No,Month-to-month,Yes,Electronic check,37.3,1167.08,No
Female,0,No,No,0.0,Yes,No,DSL,No,No,No,Yes,No,Yes,Month-to-month,Yes,Mailed check,58.19,0.0,Yes
Male,0,Yes,Yes,6.0,No,No,DSL,Yes,No,No,No,Yes,No,Month-to-month,No,Electronic check,42.99,211.51,Yes
Female,0,Yes,No,0.0,Yes,No,DSL,No,Yes,No,No,No,No,Month-to-month,No,Mailed check,61.22,0.0,Yes
Male,1,No,No,0.0,No,No,DSL,No,No,No,Yes,No,No,Month-to-month,Yes,Electronic check,21.03,0.0,Yes
Female,0,No,No,18.0,Yes,Yes,DSL,No,No,No,Yes,No,No,Month-to-month,Yes,Electronic check,60.7,1059.5,No
Female,0,No,No,25.0,No,No,DSL,Yes,Yes,No,No,Yes,Yes,Month-to-month,Yes,Electronic check,66.88,1911.44,Yes
Female,0,No,No,6.0,No,No,DSL,No,No,Yes,No,No,No,Month-to-month,No,Electronic check,32.76,161.18,Yes
Male,0,Yes,No,-0.0,Yes,No,DSL,No,No,No,No,No,No,Month-to-month,Yes,Electronic check,48.57,0.0,Yes
Female,0,Yes,No,10.0,Yes,Yes,DSL,Yes,Yes,No,No,Yes,Yes,Month-to-month,No,Mailed check,75.49,618.97,No
Female,0,Yes,No,8.0,Yes,Yes,DSL,No,No,No,No,Yes,Yes,Month-to-month,Yes,Mailed check,56.82,372.73,Yes
Female,0,Yes,No,10.0,No,No,DSL,Yes,Yes,Yes,Yes,No,No,Month-to-month,No,Electronic check,50.07,416.15,Yes
Male,0,No,No,5.0,No,No,DSL,Yes,No,No,No,No,Yes,Month-to-month,No,Mailed check,51.8,311.69,Yes
Male,0,Yes,No,2.0,No,No,DSL,No,No,No,No,No,No,Month-to-month,Yes,Electronic check,34.89,83.97,Yes
Female,0,Yes,No,20.0,Yes,No,DSL,Yes,No,No,No,No,Yes,Month-to-month,Yes,Mailed check,61.65,1309.06,Yes
Female,1,No,No,9.0,No,No,DSL,No,No,No,No,No,Yes,Month-to-month,Yes,Electronic check,30.97,335.41,Yes
Male,1,No,No,13.0,Yes,No,DSL,No,No,No,No,No,No,Month-to-month,Yes,Mailed check,40.04,626.52,Yes
Male,0,No,No,14.0,Yes,No,DSL,No,Yes,No,No,No,Yes,Month-to-month,Yes,Mailed check,57.66,912.95,Yes
Male,0,No,No,13.0,Yes,No,DSL,No,No,No,No,No,No,Month-to-month,No,Electronic check,35.64,522.01,Yes
Male,0,Yes,Yes,3.0,No,No,DSL,No,No,No,Yes,Yes,Yes,Month-to-month,Yes,Electronic check,48.73,119.86,No
Female,0,Yes,Yes,13.0,No,No,DSL,Yes,Yes,No,Yes,No,No,Month-to-month,No,Mailed check,47.92,625.33,No
Female,1,No,No,25.0,Yes,Yes,DSL,No,No,No,No,No,No,Month-to-month,No,Electronic check,41.83,1174.19,Yes
Male,0,No,No,17.0,Yes,Yes,DSL,No,Yes,No,No,No,No,Month-to-month,Yes,Mailed check,53.38,925.29,Yes
Male,0,No,Yes,0.0,Yes,No,DSL,No,No,No,No,No,No,Month-to-month,Yes,Electronic check,43.99,0.0,Yes
Female,0,Yes,Yes,11.0,Yes,Yes,DSL,Yes,No,No,Yes,No,No,Month-to-month,No,Mailed check,48.35,452.24,Yes
Male,0,No,No,8.0,Yes,No,DSL,No,No,Yes,No,No,Yes,Month-to-month,Yes,Mailed check,58.58,564.0,Yes
Male,0,No,No,9.0,Yes,No,DSL,No,No,No,Yes,No,No,Month-to-month,Yes,Mailed check,46.16,414.52,Yes
Female,0,No,Yes,13.0,No,No,DSL,No,No,No,No,No,No,Month-to-month,Yes,Electronic check,31.41,491.43,No
Female,0,No,No,11.0,No,No,DSL,Yes,No,No,Yes,Yes,Yes,Month-to-month,Yes,Mailed check,55.94,504.56,Yes
Female,0,No,No,21.0,Yes,Yes,DSL,No,Yes,No,No,No,Yes,Month-to-month,No,Mailed check,57.85,1051.88,No
Male,0,No,No,10.0,Yes,No,DSL,No,Yes,No,Yes,No,Yes,Month-to-month,Yes,Mailed check,80.37,967.21,No
Female,0,No,No,15.0,Yes,No,DSL,Yes,No,No,No,No,No,Month-to-month,Yes,Electronic check,41.75,602.15,No
Female,0,Yes,Yes,24.0,Yes,Yes,DSL,Yes,No,No,No,No,No,Month-to-month,No,Mailed check,48.02,1386.95,No
Female,0,No,No,3.0,No,No,DSL,No,Yes,No,No,No,No,Month-to-month,Yes,Electronic check,29.13,71.65,Yes
Female,0,No,No,9.0,No,No,DSL,No,No,No,Yes,No,No,Month-to-month,No,Mailed check,36.19,391.95,No
Male,0,Yes,No,17.0,Yes,Yes,DSL,No,No,Yes,No,No,No,Month-to-month,Yes,Bank transfer (automatic),57.66,916.57,No
Male,1,No,No,12.0,No,No,DSL,No,No,No,No,No,Yes,Month-to-month,No,Mailed check,50.72,504.72,No
Female,0,No,No,21.0,Yes,No,DSL,No,No,No,No,Yes,No,Month-to-month,Yes,Electronic check,66.66,1147.71,Yes
Female,0,Yes,Yes,7.0,Yes,No,DSL,No,No,Yes,No,Yes,Yes,Month-to-month,No,Electronic check,62.64,468.83,No
Female,0,No,No,2.0,Yes,No,DSL,No,Yes,No,Yes,No,No,Month-to-month,No,Mailed check,38.63,63.34,No
Male,0,No,No,20.0,Yes,No,DSL,No,No,No,No,No,No,Month-to-month,No,Electronic check,38.04,915.67,Yes
Male,0,No,No,3.0,No,No,DSL,No,No,Yes,Yes,No,No,Month-to-month,Yes,Mailed check,23.65,58.16,No
Male,0,No,No,9.0,Yes,No,DSL,No,No,No,Yes,No,No,Month-to-month,No,Mailed check,38.05,412.09,Yes
Male,0,No,No,15.0,No,No,DSL,Yes,Yes,No,No,No,No,Month-to-month,Yes,Electronic check,33.09,449.97,No
Male,0,Yes,No,18.0,Yes,No,DSL,Yes,No,Yes,Yes,No,No,Month-to-month,Yes,Mailed check,48.43,895.5,No
Male,0,No,Yes,0.0,Yes,No,DSL,No,Yes,No,No,No,No,Month-to-month,Yes,Electronic check,40.49,0.0,Yes
Male,0,No,No,2.0,No,No,DSL,Yes,No,Yes,No,Yes,Yes,Month-to-month,Yes,Electronic check,45.59,98.14,Yes
Female,0,No,Yes,10.0,Yes,Yes,DSL,Yes,No,No,No,No,No,Month-to-month,Yes,Electronic check,56.77,564.86,Yes
Male,0,No,No,3.0,Yes,No,DSL,No,No,No,No,No,No,Month-to-month,Yes,Credit card (automatic),30.24,74.38,Yes
Female,0,No,No,15.0,Yes,No,DSL,Yes,No,Yes,Yes,Yes,No,Month-to-month,Yes,Electronic check,59.46,731.35,Yes
Male,0,No,Yes,2.0,No,No,DSL,No,Yes,No,Yes,No,No,Month-to-month,Yes,Electronic check,32.34,77.85,No
Female,0,No,No,11.0,Yes,Yes,DSL,No,No,No,No,No,No,Month-to-month,Yes,Electronic check,36.69,485.75,Yes
Male,0,Yes,Yes,5.0,Yes,No,DSL,No,No,No,No,No,No,Month-to-month,No,Mailed check,30.7,125.85,No
Male,0,Yes,Yes,13.0,Yes,No,DSL,No,No,No,Yes,No,No,Month-to-month,No,Mailed check,51.69,770.15,No
Male,0,No,No,23.0,Yes,No,DSL,Yes,No,Yes,Yes,No,No,Month-to-month,No,Electronic check,42.27,1170.02,No
Female,0,No,No,20.0,No,No,DSL,Yes,No,No,No,No,No,Month-to-month,Yes,Electronic check,32.09,744.41,No
Male,0,Yes,No,18.0,Yes,No,DSL,Yes,Yes,Yes,Yes,No,No,Month-to-month,Yes,Mailed check,61.31,1051.98,No
Female,0,Yes,Yes,13.0,Yes,No,DSL,Yes,No,Yes,No,Yes,Yes,Month-to-month,Yes,Electronic check,61.75,718.12,No
Male,0,No,Yes,7.0,Yes,No,DSL,No,No,Yes,No,No,No,Month-to-month,Yes,Electronic check,44.38,366.69,Yes
Female,0,No,No,0.0,No,No,DSL,No,No,Yes,No,No,No,Month-to-month,Yes,Electronic check,31.58,0.0,Yes
Female,0,No,No,4.0,Yes,No,DSL,No,No,No,No,No,No,Month-to-month,No,Electronic check,42.51,139.43,Yes
Female,0,No,No,0.0,Yes,Yes,DSL,Yes,No,No,No,No,No,Month-to-month,Yes,Electronic check,46.55,0.0,Yes
Female,0,No,No,22.0,Yes,No,DSL,No,No,No,No,No,No,Month-to-month,No,Mailed check,43.33,959.92,Yes
Female,0,Yes,No,10.0,No,No,DSL,Yes,No,No,Yes,No,No,Month-to-month,Yes,Mailed check,42.13,485.97,No
Male,0,No,No,2.0,No,No,DSL,No,No,Yes,Yes,Yes,Yes,Month-to-month,Yes,Electronic check,52.82,94.0,No
Male,0,No,No,30.0,Yes,Yes,DSL,No,Yes,No,Yes,No,No,Month-to-month,Yes,Mailed check,58.02,1650.17,No
Female,0,No,Yes,2.0,Yes,Yes,DSL,No,No,No,No,No,No,Month-to-month,No,Mailed check,49.12,118.24,No
Female,0,No,No,17.0,Yes,No,DSL,Yes,No,No,No,No,No,Month-to-month,No,Mailed check,47.45,970.83,Yes
Male,0,No,Yes,15.0,Yes,No,DSL,No,Yes,No,No,No,No,Month-to-month,Yes,Mailed check,53.54,888.92,Yes
Female,0,No,No,6.0,Yes,No,DSL,No,No,No,No,No,No,Month-to-month,No,Mailed check,47.01,339.49,No
Male,0,No,No,9.0,No,No,DSL,No,No,Yes,Yes,No,Yes,Month-to-month,Yes,Electronic check,40.87,442.71,Yes
Male,0,No,No,24.0,Yes,No,DSL,No,No,No,No,No,No,Month-to-month,Yes,Mailed check,45.59,1155.42,No
Male,1,Yes,Yes,9.0,Yes,No,DSL,No,No,No,No,No,No,Month-to-month,Yes,Electronic check,43.75,455.43,Yes
Female,0,Yes,Yes,-0.0,Yes,Yes,DSL,No,Yes,No,No,No,No,Month-to-month,No,Mailed check,44.62,0.0,Yes
Female,0,No,No,17.0,Yes,Yes,DSL,No,No,No,No,Yes,Yes,Month-to-month,Yes,Electronic check,66.3,951.21,Yes
Male,0,No,No,25.0,Yes,No,DSL,Yes,No,No,Yes,No,No,Month-to-month,Yes,Electronic check,41.58,1251.09,Yes
Male,0,Yes,No,16.0,Yes,No,DSL,No,No,Yes,Yes,Yes,No,Month-to-month,Yes,Mailed check,52.0,695.46,No
Female,0,No,No,0.0,Yes,No,DSL,Yes,No,No,No,No,Yes,Month-to-month,Yes,Electronic check,62.36,0.0,Yes
Female,0,No,No,7.0,Yes,No,DSL,No,No,Yes,No,No,No,Month-to-month,No,Mailed check,50.47,425.17,No
Male,0,No,No,6.0,Yes,No,DSL,No,Yes,No,No,No,No,Month-to-month,No,Electronic check,37.79,203.58,No
Male,0,No,No,3.0,Yes,No,DSL,No,No,No,No,No,No,Month-to-month,Yes,Electronic check,47.83,163.37,Yes
Female,0,Yes,Yes,16.0,No,No,DSL,Yes,No,Yes,No,No,No,Month-to-month,No,Mailed check,33.82,651.33,No
Male,0,No,No,0.0,Yes,No,DSL,No,No,No,No,No,Yes,Month-to-month,No,Mailed check,67.67,0.0,No
Female,0,Yes,Yes,2.0,Yes,No,DSL,No,No,No,Yes,Yes,No,Month-to-month,No,Mailed check,68.86,165.75,No
Male,0,Yes,No,0.0,No,No,DSL,No,No,No,No,No,No,Month-to-month,Yes,Mailed check,24.75,0.0,Yes
Male,0,Yes,Yes,0.0,Yes,No,DSL,Yes,No,No,No,No,No,Month-to-month,No,Mailed check,34.15,0.0,Yes
Female,1,Yes,Yes,16.0,No,No,DSL,No,Yes,No,No,No,No,Month-to-month,No,Electronic check,37.68,725.55,No
Male,0,No,No,9.0,Yes,No,DSL,No,No,No,Yes,No,No,Month-to-month,Yes,Mailed check,62.3,459.72,Yes
Male,0,No,No,22.0,Yes,No,DSL,No,No,Yes,No,No,No,Month-to-month,No,Electronic check,52.16,1280.4,No
Female,0,No,No,6.0,Yes,No,DSL,No,No,No,No,Yes,Yes,Month-to-month,Yes,Mailed check,59.41,415.06,Yes
Female,0,No,No,4.0,Yes,No,DSL,No,No,No,No,No,No,Month-to-month,Yes,Electronic check,29.47,96.66,Yes
Male,0,No,No,18.0,Yes,Yes,DSL,No,Yes,No,No,No,No,Month-to-month,No,Electronic check,49.46,862.03,No
Female,0,No,No,14.0,Yes,Yes,DSL,Yes,No,No,No,No,No,Month-to-month,No,Electronic check,73.72,958.52,No
Female,0,No,Yes,0.0,Yes,No,DSL,No,No,No,No,No,No,Month-to-month,Yes,Mailed check,36.72,0.0,Yes
Male,0,No,No,0.0,No,No,DSL,No,No,Yes,Yes,No,No,Month-to-month,No,Mailed check,27.69,0.0,No
Male,0,No,Yes,21.0,No,No,DSL,Yes,Yes,No,Yes,No,No,Month-to-month,No,Mailed check,38.86,982.17,No
Female,0,No,No,18.0,Yes,No,DSL,No,No,No,No,No,No,Month-to-month,No,Electronic check,40.77,839.01,No
Male,0,Yes,No,7.0,Yes,No,DSL,No,No,No,Yes,No,Yes,Month-to-month,Yes,Electronic check,45.03,258.46,No
Female,0,No,No,22.0,No,No,DSL,No,Yes,No,Yes,No,Yes,Month-to-month,Yes,Mailed check,62.29,1166.9,No
Male,1,No,Yes,6.0,Yes,No,DSL,No,No,No,No,No,No,Month-to-month,Yes,Bank transfer (automatic),35.81,258.58,Yes
Male,0,No,No,5.0,Yes,No,DSL,Yes,No,No,No,No,Yes,Month-to-month,Yes,Mailed check,55.47,243.78,No
Female,0,No,No,23.0,Yes,Yes,DSL,No,Yes,No,No,No,No,Month-to-month,Yes,Electronic check,54.16,1080.96,No
Female,0,Yes,Yes,6.0,Yes,Yes,DSL,Yes,Yes,No,Yes,No,No,Month-to-month,No,Electronic check,56.82,410.27,Yes
Female,0,Yes,Yes,16.0,No,No,DSL,No,No,Yes,No,Yes,Yes,Month-to-month,Yes,Electronic check,48.43,881.73,Yes
Male,0,No,No,17.0,No,No,DSL,Yes,No,No,Yes,Yes,No,Month-to-month,Yes,Mailed check,49.79,1006.53,No
Female,0,No,No,7.0,Yes,Yes,DSL,No,No,Yes,No,No,No,Month-to-month,Yes,Mailed check,41.13,311.01,No
Male,0,No,No,8.0,Yes,No,DSL,No,No,No,No,No,Yes,Month-to-month,Yes,Electronic check,60.98,587.13,Yes
Female,0,Yes,No,5.0,No,No,DSL,No,No,No,No,No,Yes,Month-to-month,Yes,Electronic check,43.43,261.34,Yes
Female,0,No,No,22.0,Yes,Yes,DSL,No,Yes,No,No,Yes,No,Month-to-month,Yes,Electronic check,79.28,1429.99,Yes
Female,0,No,No,0.0,Yes,No,DSL,No,Yes,No,No,No,No,Month-to-month,Yes,Mailed check,57.5,0.0,No
Female,0,Yes,Yes,11.0,No,No,DSL,No,Yes,No,Yes,Yes,Yes,Month-to-month,Yes,Mailed check,53.93,486.37,Yes
Male,0,No,No,13.0,Yes,No,DSL,No,No,No,No,No,No,Month-to-month,No,Mailed check,36.14,530.63,Yes
Female,0,No,No,14.0,Yes,No,DSL,No,Yes,No,Yes,No,No,Month-to-month,Yes,Mailed check,62.4,947.48,No
Male,0,No,No,14.0,No,No,DSL,Yes,No,No,No,Yes,No,Month-to-month,Yes,Mailed check,47.57,756.22,Yes
Female,0,No,No,5.0,No,No,DSL,Yes,No,No,Yes,No,No,Month-to-month,No,Mailed check,37.66,154.38,Yes
Male,0,Yes,No,2.0,Yes,No,DSL,No,No,No,No,Yes,Yes,Month-to-month,No,Electronic check,55.72,134.12,Yes
Female,0,No,Yes,7.0,Yes,Yes,DSL,Yes,Yes,No,Yes,No,No,Month-to-month,Yes,Mailed check,53.3,449.03,No
Male,0,No,No,8.0,No,No,DSL,Yes,No,No,No,No,No,Month-to-month,Yes,Electronic check,31.85,284.39,Yes
Female,0,No,No,3.0,Yes,No,DSL,No,No,No,No,No,No,Month-to-month,No,Mailed check,61.0,220.26,No
Female,0,No,No,24.0,Yes,No,DSL,No,No,No,No,No,No,Month-to-month,Yes,Electronic check,32.01,924.59,Yes
Female,0,No,Yes,21.0,Yes,Yes,DSL,Yes,No,No,Yes,No,Yes,Month-to-month,No,Electronic check,69.89,1260.27,No
Female,0,No,No,18.0,Yes,No,DSL,No,No,No,No,No,No,Month-to-month,Yes,Electronic check,43.23,936.56,Yes
Male,0,No,No,24.0,Yes,Yes,DSL,No,No,Yes,Yes,Yes,No,Month-to-month,Yes,Mailed check,52.17,1402.44,No
Male,0,No,No,10.0,Yes,Yes,DSL,Yes,No,No,No,No,No,Month-to-month,Yes,Electronic check,55.78,671.22,No
Female,0,Yes,Yes,15.0,No,No,DSL,No,No,Yes,Yes,No,Yes,Month-to-month,Yes,Mailed check,50.81,624.95,No
Female,0,Yes,Yes,15.0,Yes,Yes,DSL,Yes,No,Yes,Yes,No,No,Month-to-month,No,Mailed check,42.94,676.83,No
Female,0,Yes,No,0.0,Yes,No,DSL,No,No,No,No,No,No,Month-to-month,Yes,Electronic check,41.43,0.0,Yes
Female,0,No,No,2.0,Yes,No,DSL,No,No,No,No,No,No,Month-to-month,Yes,Electronic check,27.77,58.29,Yes
Male,0,No,Yes,20.0,No,No,DSL,No,No,No,No,No,No,Month-to-month,No,Mailed check,20.27,487.9,No
Male,0,No,No,-0.0,No,No,DSL,No,No,Yes,No,Yes,No,Month-to-month,No,Electronic check,49.76,0.0,No
Male,0,No,No,1.0,Yes,No,DSL,No,Yes,No,No,No,Yes,Month-to-month,No,Credit card (automatic),40.43,48.66,Yes
Male,0,Yes,No,13.0,Yes,No,DSL,No,No,No,No,No,Yes,Month-to-month,Yes,Mailed check,54.02,637.32,No
Female,0,No,No,20.0,No,No,DSL,No,No,No,No,No,No,Month-to-month,Yes,Mailed check,26.54,638.91,Yes
Female,0,No,No,0.0,No,No,DSL,No,No,No,No,No,Yes,Month-to-month,Yes,Mailed check,37.15,0.0,No
Male,0,Yes,No,12.0,Yes,No,DSL,No,No,No,No,Yes,Yes,Month-to-month,No,Mailed check,55.99,625.54,No
Male,0,Yes,Yes,2.0,Yes,No,DSL,No,Yes,No,Yes,No,No,Month-to-month,No,Electronic check,37.29,89.77,No
Female,1,Yes,No,7.0,No,No,DSL,No,No,No,No,No,Yes,Month-to-month,No,Electronic check,45.68,384.8,Yes
Female,0,Yes,No,11.0,No,No,DSL,No,No,No,No,No,No,Month-to-month,Yes,Credit card (automatic),39.5,398.87,Yes
Female,0,Yes,Yes,17.0,Yes,No,DSL,No,No,Yes,Yes,No,Yes,Month-to-month,No,Mailed check,62.23,1012.1,No
Male,0,No,No,4.0,Yes,No,DSL,No,No,No,Yes,No,No,Month-to-month,Yes,Electronic check,53.69,258.46,No
Female,0,Yes,Yes,5.0,No,No,DSL,No,No,No,No,No,Yes,Month-to-month,No,Electronic check,40.96,236.05,Yes
Male,0,No,No,2.0,No,No,DSL,Yes,No,No,Yes,No,No,Month-to-month,Yes,Electronic check,47.5,114.32,Yes
Female,0,No,Yes,0.0,Yes,No,DSL,No,No,No,No,No,No,Month-to-month,Yes,Mailed check,46.85,0.0,Yes
Female,0,Yes,Yes,2.0,No,No,DSL,Yes,No,No,No,No,No,Month-to-month,Yes,Mailed check,32.4,77.98,Yes
Female,0,No,No,26.0,Yes,No,DSL,No,No,No,No,No,No,Month-to-month,Yes,Electronic check,57.97,1674.25,Yes
Female,0,Yes,Yes,28.0,Yes,No,DSL,Yes,No,Yes,Yes,Yes,No,Month-to-month,Yes,Electronic check,59.48,1664.09,No
Male,0,No,No,35.0,Yes,No,DSL,No,Yes,No,No,Yes,No,Month-to-month,Yes,Electronic check,78.66,2257.39,No
Male,0,No,No,0.0,Yes,No,DSL,No,No,No,No,No,No,Month-to-month,Yes,Mailed check,44.0,0.0,Yes
Male,0,No,No,15.0,Yes,Yes,DSL,No,No,Yes,Yes,No,No,Month-to-month,Yes,Electronic check,62.26,765.69,No
Male,0,No,No,21.0,Yes,Yes,DSL,No,Yes,No,No,Yes,Yes,Month-to-month,No,Electronic check,63.3,1147.87,Yes
Male,0,No,No,17.0,Yes,No,DSL,No,No,Yes,No,No,No,Month-to-month,Yes,Mailed check,49.23,980.06,No
Female,0,Yes,No,24.0,Yes,No,DSL,No,No,Yes,Yes,No,No,Month-to-month,Yes,Credit card (automatic),50.98,1003.13,No
Male,0,No,No,0.0,Yes,No,DSL,No,No,No,No,No,No,Month-to-month,Yes,Electronic check,60.24,0.0,Yes
Female,1,Yes,No,12.0,Yes,No,DSL,No,Yes,No,No,No,No,Month-to-month,Yes,Electronic check,44.76,646.41,Yes
Female,0,No,No,4.0,Yes,No,DSL,No,No,No,No,No,Yes,Month-to-month,Yes,Mailed check,42.84,190.22,No
Female,0,No,No,14.0,Yes,No,DSL,No,Yes,No,No,Yes,Yes,Month-to-month,No,Electronic check,74.99,860.79,Yes
Male,0,Yes,No,24.0,Yes,No,DSL,No,No,No,No,Yes,No,Month-to-month,No,Electronic check,49.65,1381.01,Yes
Male,1,Yes,Yes,7.0,Yes,No,DSL,No,No,No,No,No,No,Month-to-month,No,Mailed check,45.01,301.86,Yes
Male,0,Yes,No,13.0,Yes,Yes,DSL,No,No,No,No,No,No,Month-to-month,No,Mailed check,39.26,554.48,No
Female,1,No,No,21.0,No,No,DSL,No,No,No,Yes,No,No,Month-to-month,No,Electronic check,41.3,1043.8,Yes
Female,0,No,Yes,0.0,No,No,DSL,No,No,No,No,Yes,Yes,Month-to-month,No,Mailed check,35.28,0.0,No
Male,0,No,Yes,19.0,Yes,No,DSL,No,No,No,No,No,No,Month-to-month,Yes,Mailed check,46.95,872.31,Yes
Male,0,Yes,No,9.0,Yes,No,DSL,No,No,No,No,No,No,Month-to-month,Yes,Mailed check,58.14,629.71,No
Male,1,No,No,24.0,Yes,No,DSL,Yes,No,No,Yes,No,No,Month-to-month,Yes,Credit card (automatic),65.53,1289.46,Yes
Female,0,No,No,0.0,Yes,No,DSL,Yes,No,No,No,No,Yes,Month-to-month,No,Electronic check,49.63,0.0,Yes
Male,0,No,No,7.0,Yes,Yes,DSL,No,No,No,No,No,No,Month-to-month,No,Mailed check,62.96,361.38,No
Female,1,Yes,No,17.0,Yes,No,DSL,No,No,No,No,No,Yes,Month-to-month,Yes,Mailed check,61.8,1043.83,No
Male,0,Yes,Yes,32.0,Yes,No,DSL,No,No,No,No,No,No,Month-to-month,No,Electronic check,37.75,1453.71,No
Female,0,No,No,0.0,No,No,DSL,No,No,No,Yes,No,Yes,Month-to-month,Yes,Electronic check,43.16,0.0,Yes
Female,1,No,Yes,18.0,Yes,No,DSL,Yes,No,No,No,No,No,Month-to-month,Yes,Electronic check,48.42,714.58,No
Male,0,Yes,Yes,7.0,No,No,DSL,Yes,No,Yes,Yes,No,No,Month-to-month,Yes,Electronic check,47.31,334.46,Yes
